Workbook

Sheet Sales Plan 2026 - fin v4
X1: 875394.36 | Y1: 922073.47 | Z1: 1002542.4 | AA1: 866824.65
X2: 474605.64 | Y2: 477926.53 | Z2: 500457.64 | AA2: 633175.35
X3: 0 | Y3: 0 | Z3: 0
X4: 0 | Y4: 0 | Z4: 0
X5: 1350000 | Y5: 1400000 | Z5: 1503000
A6: BASE CASE | B6: 2 | C6: 3 | D6: 4 | E6: 5 | F6: 6 | G6: 7 | H6: 8 | I6: 9 | J6: 10 | K6: 11 | L6: 12 | M6: 13 | X6: 1350000 | Y6: 1400000 | Z6: 1503000
A7: Growth rate_VDS | B7: 323385.09 | C7: 266374.9 | D7: 360136.61 | E7: 414390.82 | F7: 406686.28 | G7: 426354.68 | H7: 563773.05 | I7: 536583.98 | J7: 736960.97 | K7: 814274.6 | L7: 860000 | M7: 903000 | N7: 558.33333 | O7: 0.03 | P7: -0.1 | Q7: 0.03 | R7: 0.03 | S7: 0.04 | T7: 0.04 | U7: 0.04 | V7: 0.04 | W7: 0.05 | X7: 0.05 | Y7: 0.05 | Z7: 0.05 | AA7: 3345841.4 | AD7: 0.81818182 | AM7: 0.05 | AN7: -0.1 | AO7: 0.05 | AP7: 0.05 | AQ7: 0.05 | AR7: 0.05 | AS7: 0.05 | AT7: 0.05 | AU7: 0.05 | AV7: 0.05 | AW7: 0.05 | AX7: 0.05 | BA7: 0.05 | BB7: -0.1 | BC7: 0.05 | BD7: 0.05 | BE7: 0.05 | BF7: 0.05 | BG7: 0.05 | BH7: 0.05 | BI7: 0.05 | BJ7: 0.05 | BK7: 0.05 | BL7: 0.05 | BO7: 0.05 | BP7: -0.1 | BQ7: 0.05 | BR7: 0.05 | BS7: 0.05 | BT7: 0.05 | BU7: 0.05 | BV7: 0.05 | BW7: 0.05 | BX7: 0.05 | BY7: 0.05 | BZ7: 0.05
K8: TRUE | M8: TRUE | N8: TRUE | AA8: 264
B9: 631570.36 | C9: 532086.84 | D9: 716597.67 | E9: 830767.11 | F9: 877642.74 | G9: 966595.44 | H9: 1316244.1 | I9: 1305289.4 | J9: 1760068.3 | K9: 1971790.3 | L9: 2097306 | M9: 2203270.9 | N9: 15209229 | O9: 2234708.7 | P9: 2023260.5 | Q9: 2407403.3 | R9: 2546233.5 | S9: 2766108.4 | T9: 3083685.9 | U9: 3364946 | V9: 3649659 | W9: 3975987.4 | X9: 4288782.5 | Y9: 4691511.8 | Z9: 5117810.3 | AA9: 40150097 | AC9: 1 | AD9: v3 | AE9: -2075048.6 | AM9: 4783945.8 | AN9: 4459551.2 | AO9: 4946143.1 | AP9: 5116450.3 | AQ9: 5295272.8 | AR9: 5483036.4 | AS9: 5680188.2 | AT9: 5887197.7 | AU9: 6104557.5 | AV9: 6332785.4 | AW9: 6572424.7 | AX9: 6824045.9 | AY9: 67485599 | BA9: 6942273.3 | BB9: 6693995.7 | BC9: 7066412.1 | BD9: 7196757.9 | BE9: 7333620.9 | BF9: 7477327.1 | BG9: 7628218.6 | BH9: 7786654.7 | BI9: 7953012.5 | BJ9: 8127688.3 | BK9: 8311097.8 | BL9: 8503677.9 | BM9: 91020737 | BO9: 8705886.9 | BP9: 8281247.9 | BQ9: 8918206.4 | BR9: 9141141.8 | BS9: 9375224.1 | BT9: 9621010.4 | BU9: 9879086 | BV9: 10150065 | BW9: 10434594 | BX9: 10733349 | BY9: 11047041 | BZ9: 11376418 | CA9: 1.1766327e+08
A10: Product x Partner | B10: 45658 | C10: 45689 | D10: 45717 | E10: 45748 | F10: 45778 | G10: 45809 | H10: 45839 | I10: 45870 | J10: 45901 | K10: 45931 | L10: 45962 | M10: 45992 | N10: FY25 | O10: 46023 | P10: 46054 | Q10: 46082 | R10: 46113 | S10: 46143 | T10: 46174 | U10: 46204 | V10: 46235 | W10: 46266 | X10: 46296 | Y10: 46327 | Z10: 46357 | AA10: FY26 | AD10: 36000000 | AE10: -4150097.2 | AH10: 40763980 | AM10: 46388 | AN10: 46419 | AO10: 46447 | AP10: 46478 | AQ10: 46508 | AR10: 46539 | AS10: 46569 | AT10: 46600 | AU10: 46631 | AV10: 46661 | AW10: 46692 | AX10: 46722 | AY10: FY27 | BA10: 46753 | BB10: 46784 | BC10: 46813 | BD10: 46844 | BE10: 46874 | BF10: 46905 | BG10: 46935 | BH10: 46966 | BI10: 46997 | BJ10: 47027 | BK10: 47058 | BL10: 47088 | BM10: FY28 | BO10: 47119 | BP10: 47150 | BQ10: 47178 | BR10: 47209 | BS10: 47239 | BT10: 47270 | BU10: 47300 | BV10: 47331 | BW10: 47362 | BX10: 47392 | BY10: 47423 | BZ10: 47453 | CA10: FY29
A11: [VDS] - Cashloan | B11: 182010.09 | C11: 132889.9 | D11: 201291.11 | E11: 250592.99 | F11: 238828.11 | G11: 261750.05 | H11: 381775.47 | I11: 347329.4 | J11: 466231.94 | K11: 490981.46 | L11: 500000 | M11: 525000 | N11: 3978680.5 | O11: 538913.11 | P11: 484838.11 | Q11: 555135.61 | R11: 571844.78 | S11: 594792.05 | T11: 618657.21 | U11: 643476.97 | V11: 669289.52 | W11: 702845.84 | X11: 728588.36 | Y11: 783767.78 | Z11: 866824.65 | AA11: 7758974 | AB11: 872594.8 | AC11: 0.1932492 | AD11: 8225920.3 | AE11: -466946.31 | AF11: -38912.192 | AG11: -172920.72 | AH11: 9314479.2 | AL11: 0.22849779 | AM11: 866824.65 | AN11: 866824.65 | AO11: 866824.65 | AP11: 866824.65 | AQ11: 866824.65 | AR11: 866824.65 | AS11: 866824.65 | AT11: 866824.65 | AU11: 866824.65 | AV11: 866824.65 | AW11: 866824.65 | AX11: 866824.65 | AY11: 10401896 | BA11: 866824.65 | BB11: 866824.65 | BC11: 866824.65 | BD11: 866824.65 | BE11: 866824.65 | BF11: 866824.65 | BG11: 866824.65 | BH11: 866824.65 | BI11: 866824.65 | BJ11: 866824.65 | BK11: 866824.65 | BL11: 866824.65 | BM11: 10401896 | BO11: 866824.65 | BP11: 866824.65 | BQ11: 866824.65 | BR11: 866824.65 | BS11: 866824.65 | BT11: 866824.65 | BU11: 866824.65 | BV11: 866824.65 | BW11: 866824.65 | BX11: 866824.65 | BY11: 866824.65 | BZ11: 866824.65 | CA11: 10401896
A12: [VDS] - Payday | B12: 141375 | C12: 133485 | D12: 158845.5 | E12: 163797.83 | F12: 167858.17 | G12: 164604.63 | H12: 181997.58 | I12: 189254.58 | J12: 270729.03 | K12: 323293.14 | L12: 360000 | M12: 378000 | N12: 2633240.5 | O12: 387503.11 | P12: 348569.11 | Q12: 399183.31 | R12: 411213.91 | S12: 427735.94 | T12: 444918.86 | U12: 462789.09 | V12: 481374.13 | W12: 505534.68 | X12: 521411.64 | Y12: 566232.22 | Z12: 633175.35 | AA12: 5589641.3 | AB12: 630405.2 | AC12: 0.13921862 | AD12: 4482180.6 | AE12: 1107460.7 | AF12: 92288.396 | AG12: -172920.72 | AH12: 5075320 | AI12: -1500 | AL12: 0.12450502 | AM12: 633175.35 | AN12: 633175.35 | AO12: 633175.35 | AP12: 633175.35 | AQ12: 633175.35 | AR12: 633175.35 | AS12: 633175.35 | AT12: 633175.35 | AU12: 633175.35 | AV12: 633175.35 | AW12: 633175.35 | AX12: 633175.35 | AY12: 7598104.2 | BA12: 633175.35 | BB12: 633175.35 | BC12: 633175.35 | BD12: 633175.35 | BE12: 633175.35 | BF12: 633175.35 | BG12: 633175.35 | BH12: 633175.35 | BI12: 633175.35 | BJ12: 633175.35 | BK12: 633175.35 | BL12: 633175.35 | BM12: 7598104.2 | BO12: 633175.35 | BP12: 633175.35 | BQ12: 633175.35 | BR12: 633175.35 | BS12: 633175.35 | BT12: 633175.35 | BU12: 633175.35 | BV12: 633175.35 | BW12: 633175.35 | BX12: 633175.35 | BY12: 633175.35 | BZ12: 633175.35 | CA12: 7598104.2
A13: [Cake] - Cashloan | B13: 148327.83 | C13: 111579.44 | D13: 175949.31 | E13: 227662.41 | F13: 232669.35 | G13: 273801.46 | H13: 377695.15 | I13: 338629.71 | J13: 486195.06 | K13: 501046.57 | L13: 518857.68 | M13: 544800.57 | N13: 3937214.5 | O13: 577488.6 | P13: 519739.74 | Q13: 594813.26 | R13: 630502.06 | S13: 668332.18 | T13: 708432.11 | U13: 750938.04 | V13: 795994.32 | W13: 843753.98 | X13: 875394.36 | Y13: 922073.47 | Z13: 1002542.4 | AA13: 8890004.5 | AC13: 0.22141925 | AD13: 9252605.7 | AE13: -362601.26 | AF13: -30216.772 | AG13: -172920.72 | AH13: 10477029 | AI13: -2542.3579 | AJ13: 8887462.1 | AK13: 0.22135593 | AL13: 0.25701683 | AM13: 1236081.4 | AN13: 1112473.3 | AO13: 1297885.5 | AP13: 1362779.8 | AQ13: 1430918.8 | AR13: 1502464.7 | AS13: 1577587.9 | AT13: 1656467.3 | AU13: 1739290.7 | AV13: 1826255.2 | AW13: 1917568 | AX13: 2013446.4 | AY13: 18673219 | BA13: 2013446.4 | BB13: 2013446.4 | BC13: 2013446.4 | BD13: 2013446.4 | BE13: 2013446.4 | BF13: 2013446.4 | BG13: 2013446.4 | BH13: 2013446.4 | BI13: 2013446.4 | BJ13: 2013446.4 | BK13: 2013446.4 | BL13: 2013446.4 | BM13: 24161357 | BO13: 2013446.4 | BP13: 2013446.4 | BQ13: 2013446.4 | BR13: 2013446.4 | BS13: 2013446.4 | BT13: 2013446.4 | BU13: 2013446.4 | BV13: 2013446.4 | BW13: 2013446.4 | BX13: 2013446.4 | BY13: 2013446.4 | BZ13: 2013446.4 | CA13: 24161357
A14: [Cake] - Payday | B14: 0 | C14: 0 | D14: 0 | E14: 0 | F14: 0 | G14: 0 | H14: 54666.36 | I14: 124745.62 | J14: 196888.97 | K14: 261541.76 | L14: 280000 | M14: 294000 | N14: 1211842.7 | O14: 308700 | P14: 277830 | Q14: 324135 | R14: 340341.75 | S14: 357358.84 | T14: 375226.78 | U14: 393988.12 | V14: 413687.52 | W14: 434371.9 | X14: 474605.64 | Y14: 477926.53 | Z14: 500457.64 | AA14: 4678629.7 | AC14: 0.11652848 | AD14: 4163672.6 | AE14: 514957.14 | AF14: 42913.095 | AG14: -172920.72 | AH14: 4714662.9 | AI14: -457.64212 | AJ14: 4678172.1 | AK14: 0.11651708 | AL14: 0.11565757 | AM14: 556236.65 | AN14: 500612.98 | AO14: 584048.48 | AP14: 613250.9 | AQ14: 643913.45 | AR14: 676109.12 | AS14: 709914.58 | AT14: 745410.31 | AU14: 782680.82 | AV14: 821814.86 | AW14: 862905.6 | AX14: 906050.89 | AY14: 8402948.6 | BA14: 906050.89 | BB14: 906050.89 | BC14: 906050.89 | BD14: 906050.89 | BE14: 906050.89 | BF14: 906050.89 | BG14: 906050.89 | BH14: 906050.89 | BI14: 906050.89 | BJ14: 906050.89 | BK14: 906050.89 | BL14: 906050.89 | BM14: 10872611 | BO14: 906050.89 | BP14: 906050.89 | BQ14: 906050.89 | BR14: 906050.89 | BS14: 906050.89 | BT14: 906050.89 | BU14: 906050.89 | BV14: 906050.89 | BW14: 906050.89 | BX14: 906050.89 | BY14: 906050.89 | BZ14: 906050.89 | CA14: 10872611
A15: [MWG] - Cashloan | B15: 16174.22 | C15: 12849.79 | D15: 23384.84 | E15: 28065.69 | F15: 33835.15 | G15: 40487.38 | H15: 52339.69 | I15: 63562 | J15: 100769.4 | K15: 93235.54 | L15: 120000 | M15: 126000 | N15: 710703.7 | O15: 127800.75 | P15: 121410.71 | Q15: 140580.83 | R15: 170916.69 | S15: 188008.36 | T15: 206809.19 | U15: 249155.84 | V15: 274071.42 | W15: 301478.56 | X15: 331626.42 | Y15: 396509.85 | Z15: 436160.83 | AA15: 2944529.5 | AC15: 0.07333804 | AD15: 2369386.3 | AE15: 575143.17 | AF15: 47928.598 | AH15: 2682933.7 | AL15: 0.065816286 | AM15: 457968.88 | AN15: 412171.99 | AO15: 480867.32 | AP15: 504910.69 | AQ15: 530156.22 | AR15: 556664.03 | AS15: 584497.23 | AT15: 613722.09 | AU15: 644408.2 | AV15: 676628.61 | AW15: 710460.04 | AX15: 745983.04 | AY15: 6918438.3 | BA15: 783282.19 | BB15: 704953.97 | BC15: 822446.3 | BD15: 863568.62 | BE15: 906747.05 | BF15: 952084.4 | BG15: 999688.62 | BH15: 1049673.1 | BI15: 1102156.7 | BJ15: 1157264.5 | BK15: 1215127.8 | BL15: 1275884.2 | BM15: 11832877 | BO15: 1339678.4 | BP15: 1205710.5 | BQ15: 1406662.3 | BR15: 1476995.4 | BS15: 1550845.2 | BT15: 1628387.4 | BU15: 1709806.8 | BV15: 1795297.1 | BW15: 1885062 | BX15: 1979315.1 | BY15: 2078280.8 | BZ15: 2182194.9 | CA15: 20238236
A16: [ZLP] - Cashloan | B16: 0 | C16: 0 | D16: 20.33 | E16: 0 | F16: 29177 | G16: 47654.46 | H16: 87997.15 | I16: 83818.31 | J16: 83034.23 | K16: 126424.86 | L16: 128428.7 | M16: 134850.14 | N16: 721405.18 | O16: 138895.64 | P16: 125006.08 | Q16: 143062.51 | R16: 147354.39 | S16: 153248.56 | T16: 159378.5 | U16: 165753.64 | V16: 172383.79 | W16: 181002.98 | X16: 190053.13 | Y16: 199555.78 | Z16: 209533.57 | AA16: 1985228.6 | AC16: 0.049445175 | AD16: 1985097.5 | AE16: 131.04084 | AF16: 10.92007 | AH16: 2247791 | AL16: 0.055141598 | AM16: 220010.25 | AN16: 198009.23 | AO16: 231010.77 | AP16: 242561.3 | AQ16: 254689.37 | AR16: 267423.84 | AS16: 280795.03 | AT16: 294834.78 | AU16: 309576.52 | AV16: 325055.35 | AW16: 341308.11 | AX16: 358373.52 | AY16: 3323648.1 | BA16: 376292.19 | BB16: 338662.97 | BC16: 395106.8 | BD16: 414862.14 | BE16: 435605.25 | BF16: 457385.51 | BG16: 480254.79 | BH16: 504267.53 | BI16: 529480.91 | BJ16: 555954.95 | BK16: 583752.7 | BL16: 612940.33 | BM16: 5684566.1 | BO16: 643587.35 | BP16: 579228.61 | BQ16: 675766.72 | BR16: 709555.05 | BS16: 745032.81 | BT16: 782284.45 | BU16: 821398.67 | BV16: 862468.6 | BW16: 905592.03 | BX16: 950871.63 | BY16: 998415.22 | BZ16: 1048336 | CA16: 9722537.1
A17: [ZLP] - Payday | B17: 0 | C17: 0 | D17: 0 | E17: 0 | F17: 0 | G17: 0 | H17: 0 | I17: 0 | J17: 0 | K17: 0 | L17: 5000 | M17: 5250 | N17: 10250 | O17: 5407.5 | P17: 4866.75 | Q17: 5569.725 | R17: 5736.8168 | S17: 5966.2894 | T17: 6204.941 | U17: 6453.1386 | V17: 6711.2642 | W17: 7046.8274 | X17: 7399.1688 | Y17: 7769.1272 | Z17: 8157.5836 | AA17: 77289.132 | AC17: 0.0019250049 | AD17: 794039.02 | AE17: -716749.88 | AF17: -59729.157 | AH17: 899116.4 | AL17: 0.022056639 | AM17: 8565.4627 | AN17: 7708.9165 | AO17: 8993.7359 | AP17: 9443.4227 | AQ17: 9915.5938 | AR17: 10411.373 | AS17: 10931.942 | AT17: 11478.539 | AU17: 12052.466 | AV17: 12655.09 | AW17: 13287.844 | AX17: 13952.236 | AY17: 129396.62 | BA17: 14649.848 | BB17: 13184.863 | BC17: 15382.34 | BD17: 16151.457 | BE17: 16959.03 | BF17: 17806.982 | BG17: 18697.331 | BH17: 19632.197 | BI17: 20613.807 | BJ17: 21644.498 | BK17: 22726.723 | BL17: 23863.059 | BM17: 221312.14 | BO17: 25056.212 | BP17: 22550.591 | BQ17: 26309.022 | BR17: 27624.473 | BS17: 29005.697 | BT17: 30455.982 | BU17: 31978.781 | BV17: 33577.72 | BW17: 35256.606 | BX17: 37019.436 | BY17: 38870.408 | BZ17: 40813.929 | CA17: 378518.86
A18: Other CL + PD | B18: 10537.81 | C18: 9389.08 | D18: 12006.33 | E18: 13583.92 | F18: 19045.68 | G18: 16901.63 | H18: 13994.08 | I18: 14114.9 | J18: 24352.15 | K18: 35509.82 | L18: 35836.153 | M18: 37627.961 | N18: 242899.51 | AA18: 0 | AC18: 0 | AD18: 529879.57 | AE18: -529879.57 | AF18: -44156.63 | AH18: 600000 | AJ18: 1500 | AL18: 0.014718877 | AM18: 0 | AN18: 0 | AO18: 0 | AP18: 0 | AQ18: 0 | AR18: 0 | AS18: 0 | AT18: 0 | AU18: 0 | AV18: 0 | AW18: 0 | AX18: 0 | AY18: 0 | BA18: 0 | BB18: 0 | BC18: 0 | BD18: 0 | BE18: 0 | BF18: 0 | BG18: 0 | BH18: 0 | BI18: 0 | BJ18: 0 | BK18: 0 | BL18: 0 | BM18: 0 | BO18: 0 | BP18: 0 | BQ18: 0 | BR18: 0 | BS18: 0 | BT18: 0 | BU18: 0 | BV18: 0 | BW18: 0 | BX18: 0 | BY18: 0 | BZ18: 0 | CA18: 0
A19: Tiktok | O19: 0 | P19: 0 | Q19: 0 | R19: 0 | S19: 0 | T19: 0 | U19: 0 | V19: 0 | W19: 0 | X19: 0 | Y19: 0 | Z19: 0 | AA19: 0 | AC19: 0
A20: Shoppee | O20: 0 | P20: 0 | Q20: 0 | R20: 0 | S20: 0 | T20: 0 | U20: 0 | V20: 0 | W20: 0 | X20: 0 | Y20: 0 | Z20: 0 | AA20: 0 | AC20: 0
A21: Misa | O21: 0 | P21: 0 | Q21: 0 | R21: 0 | S21: 0 | T21: 0 | U21: 0 | V21: 0 | W21: 0 | X21: 0 | Y21: 0 | Z21: 0 | AA21: 0 | AC21: 0
A22: Others | O22: 0 | P22: 0 | Q22: 0 | R22: 0 | S22: 0 | T22: 0 | U22: 0 | V22: 0 | W22: 0 | X22: 0 | Y22: 0 | Z22: 0 | AA22: 0 | AC22: 0
A23: [MWG] - Paylater (QTV) | B23: 0 | C23: 0 | D23: 0 | E23: 0 | F23: 17.32 | G23: 2109.7991 | H23: 6670.1321 | I23: 10652.884 | J23: 11801.154 | K23: 19076.948 | L23: 23421.773 | M23: 31453.426 | N23: 105203.44 | O23: 60000 | P23: 51000 | Q23: 78000 | R23: 101400 | S23: 131820 | T23: 171366 | U23: 222775.8 | V23: 289608.54 | W23: 376491.1 | X23: 459319.14 | Y23: 560369.36 | Z23: 683650.61 | AA23: 3185800.6 | AC23: 0.079347269 | AD23: 357611.5 | AE23: 2828189.1 | AF23: 235682.42 | AH23: 404935.22 | AL23: 0.0099336527 | AM23: 717833.15 | AN23: 646049.83 | AO23: 753724.8 | AP23: 791411.04 | AQ23: 830981.59 | AR23: 872530.67 | AS23: 916157.21 | AT23: 961965.07 | AU23: 1010063.3 | AV23: 1060566.5 | AW23: 1113594.8 | AX23: 1169274.6 | AY23: 10844153 | BA23: 1227738.3 | BB23: 1104964.5 | BC23: 1289125.2 | BD23: 1353581.5 | BE23: 1421260.5 | BF23: 1492323.6 | BG23: 1566939.7 | BH23: 1645286.7 | BI23: 1727551.1 | BJ23: 1813928.6 | BK23: 1904625 | BL23: 1999856.3 | BM23: 18547181 | BO23: 2099849.1 | BP23: 1889864.2 | BQ23: 2204841.6 | BR23: 2315083.6 | BS23: 2430837.8 | BT23: 2552379.7 | BU23: 2679998.7 | BV23: 2813998.6 | BW23: 2954698.6 | BX23: 3102433.5 | BY23: 3257555.2 | BZ23: 3420432.9 | CA23: 31721973
A24: Other Paylater (BAU) | B24: 24083.991 | C24: 36640.461 | D24: 33026.916 | E24: 32576.933 | F24: 36674.359 | G24: 40526.528 | H24: 41027.761 | I24: 35877.703 | J24: 33807.241 | K24: 36440.748 | L24: 41522.254 | M24: 42049.387 | N24: 434254.28 | O24: 45000 | P24: 45000 | Q24: 45000 | R24: 45000 | S24: 45000 | T24: 45000 | U24: 45000 | V24: 45000 | W24: 45000 | X24: 45000 | Y24: 45000 | Z24: 45000 | AA24: 540000 | AC24: 0.013449532 | AD24: 589678.91 | AE24: -49678.913 | AF24: -4139.9094 | AH24: 667712.76 | AJ24: 541500 | AL24: 0.01637997 | AM24: 47250 | AN24: 42525 | AO24: 49612.5 | AP24: 52093.125 | AQ24: 54697.781 | AR24: 57432.67 | AS24: 60304.304 | AT24: 63319.519 | AU24: 66485.495 | AV24: 69809.77 | AW24: 73300.258 | AX24: 76965.271 | AY24: 713795.69 | BA24: 80813.535 | BB24: 72732.181 | BC24: 84854.211 | BD24: 89096.922 | BE24: 93551.768 | BF24: 98229.356 | BG24: 103140.82 | BH24: 108297.87 | BI24: 113712.76 | BJ24: 119398.4 | BK24: 125368.32 | BL24: 131636.73 | BM24: 1220832.9 | BO24: 138218.57 | BP24: 124396.71 | BQ24: 145129.5 | BR24: 152385.97 | BS24: 160005.27 | BT24: 168005.53 | BU24: 176405.81 | BV24: 185226.1 | BW24: 194487.41 | BX24: 204211.78 | BY24: 214422.37 | BZ24: 225143.48 | CA24: 2088038.5
A25: [Ecom] - Paylater | B25: 0 | C25: 0 | D25: 0 | E25: 0 | F25: 0 | G25: 0 | H25: 0 | I25: 0 | J25: 0 | K25: 0 | L25: 0 | M25: 0 | N25: 0 | Q25: 76923.077 | R25: 76923.077 | S25: 153846.15 | T25: 307692.31 | U25: 384615.38 | V25: 461538.46 | W25: 538461.54 | X25: 615384.62 | Y25: 692307.69 | Z25: 692307.69 | AA25: 4000000 | AC25: 0.09962616 | AD25: 2296144.8 | AE25: 1703855.2 | AF25: 170385.52 | AH25: 2600000 | AL25: 0.0637818
A26: OD | B26: 109061.42 | C26: 95253.172 | D26: 112073.33 | E26: 114487.34 | F26: 119537.6 | G26: 118759.5 | H26: 118080.71 | I26: 97304.269 | J26: 86259.163 | K26: 84239.415 | L26: 84239.415 | M26: 84239.415 | N26: 1223534.8 | O26: 45000 | P26: 45000 | Q26: 45000 | R26: 45000 | S26: 40000 | T26: 40000 | U26: 40000 | V26: 40000 | W26: 40000 | X26: 40000 | Y26: 40000 | Z26: 40000 | AA26: 500000 | AC26: 0.01245327 | AD26: 953783.22 | AE26: -453783.22 | AF26: -37815.268 | AH26: 1080000 | AL26: 0.026493978 | AM26: 40000 | AN26: 40000 | AO26: 40000 | AP26: 40000 | AQ26: 40000 | AR26: 40000 | AS26: 40000 | AT26: 40000 | AU26: 40000 | AV26: 40000 | AW26: 40000 | AX26: 40000 | AY26: 480000 | BA26: 40000 | BB26: 40000 | BC26: 40000 | BD26: 40000 | BE26: 40000 | BF26: 40000 | BG26: 40000 | BH26: 40000 | BI26: 40000 | BJ26: 40000 | BK26: 40000 | BL26: 40000 | BM26: 480000 | BO26: 40000 | BP26: 40000 | BQ26: 40000 | BR26: 40000 | BS26: 40000 | BT26: 40000 | BU26: 40000 | BV26: 40000 | BW26: 40000 | BX26: 40000 | BY26: 40000 | BZ26: 40000 | CA26: 480000
O28: 0.07 | P28: -0.1 | Q28: 0.05 | R28: 0.05 | S28: 0.05 | T28: 0.05 | U28: 0.05 | V28: 0.05 | W28: 0.05 | X28: 0.05 | Y28: 0.05 | Z28: 0.05
O29: 314580 | P29: 1090658.4 | Q29: 324135 | R29: 291721.5 | S29: 340341.75 | T29: 357358.84 | U29: 375226.78 | V29: 393988.12 | W29: 413687.52 | X29: 434371.9 | Y29: 456090.5 | Z29: 498335.92 | AD29: 0.10033393
AF30: 0
B31: 631570.36 | C31: 532086.84 | D31: 716597.67 | E31: 830767.11 | F31: 877642.74 | G31: 966595.44 | H31: 1316244.1 | I31: 1305289.4 | J31: 1760068.3 | K31: 1971790.3 | L31: 2097306 | M31: 2203270.9 | N31: 15209229 | O31: =SUM(O32:O40) -> 2234708.7 | P31: =SUM(P32:P40) -> 2023260.5 | Q31: =SUM(Q32:Q40) -> 2407403.3 | R31: =SUM(R32:R40) -> 2546233.5 | S31: =SUM(S32:S40) -> 2766108.4 | T31: =SUM(T32:T40) -> 3083685.9 | U31: =SUM(U32:U40) -> 3364946 | V31: =SUM(V32:V40) -> 3649659 | ... AA31: =SUM(AA32:AA40) -> 40150097 | AM31: 4783945.8 | AN31: 4459551.2 | AO31: 4946143.1 | AP31: 5116450.3 | AQ31: 5295272.8 | AR31: 5483036.4 | AS31: 5680188.2 | AT31: 5887197.7 | AU31: 6104557.5 | AV31: 6332785.4 | AW31: 6572424.7 | AX31: 6824045.9 | AY31: 67485599 | BA31: 6942273.3 | BB31: 6693995.7 | BC31: 7066412.1 | BD31: 7196757.9 | BE31: 7333620.9 | BF31: 7477327.1 | BG31: 7628218.6 | BH31: 7786654.7 | BI31: 7953012.5 | BJ31: 8127688.3 | BK31: 8311097.8 | BL31: 8503677.9 | BM31: 91020737 | BO31: 8705886.9 | BP31: 8281247.9 | BQ31: 8918206.4 | BR31: 9141141.8 | BS31: 9375224.1 | BT31: 9621010.4 | BU31: 9879086 | BV31: 10150065 | BW31: 10434594 | BX31: 10733349 | BY31: 11047041 | BZ31: 11376418 | CA31: 1.1766327e+08
A32: VDS | B32: 323385.09 | C32: 266374.9 | D32: 360136.61 | E32: 414390.82 | F32: 406686.28 | G32: 426354.68 | H32: 563773.05 | I32: 536583.98 | J32: 736960.97 | K32: 814274.6 | L32: 860000 | M32: 903000 | N32: 6611921 | O32: 926416.21 | P32: 833407.21 | Q32: 954318.91 | R32: 983058.69 | S32: 1022528 | T32: 1063576.1 | U32: 1106266.1 | V32: 1150663.7 | W32: 1208380.5 | X32: 1250000 | Y32: 1350000 | Z32: 1500000 | AA32: 13348615 | AM32: 1500000 | AN32: 1500000 | AO32: 1500000 | AP32: 1500000 | AQ32: 1500000 | AR32: 1500000 | AS32: 1500000 | AT32: 1500000 | AU32: 1500000 | AV32: 1500000 | AW32: 1500000 | AX32: 1500000 | AY32: 18000000 | BA32: 1500000 | BB32: 1500000 | BC32: 1500000 | BD32: 1500000 | BE32: 1500000 | BF32: 1500000 | BG32: 1500000 | BH32: 1500000 | BI32: 1500000 | BJ32: 1500000 | BK32: 1500000 | BL32: 1500000 | BM32: 18000000 | BO32: 1500000 | BP32: 1500000 | BQ32: 1500000 | BR32: 1500000 | BS32: 1500000 | BT32: 1500000 | BU32: 1500000 | BV32: 1500000 | BW32: 1500000 | BX32: 1500000 | BY32: 1500000 | BZ32: 1500000 | CA32: 18000000
A33: Cake | B33: 148327.83 | C33: 111579.44 | D33: 175949.31 | E33: 227662.41 | F33: 232669.35 | G33: 273801.46 | H33: 432361.51 | I33: 463375.33 | J33: 683084.03 | K33: 762588.33 | L33: 798857.68 | M33: 838800.57 | N33: 5149057.2 | O33: 886188.6 | P33: 797569.74 | Q33: 918948.26 | R33: 970843.81 | S33: 1025691 | T33: 1083658.9 | U33: 1144926.2 | V33: 1209681.8 | W33: 1278125.9 | X33: 1350000 | Y33: 1400000 | Z33: 1503000 | AA33: 13568634 | AM33: 1792318.1 | AN33: 1613086.3 | AO33: 1881934 | AP33: 1976030.7 | AQ33: 2074832.2 | AR33: 2178573.8 | AS33: 2287502.5 | AT33: 2401877.7 | AU33: 2521971.5 | AV33: 2648070.1 | AW33: 2780473.6 | AX33: 2919497.3 | AY33: 27076168 | BA33: 2919497.3 | BB33: 2919497.3 | BC33: 2919497.3 | BD33: 2919497.3 | BE33: 2919497.3 | BF33: 2919497.3 | BG33: 2919497.3 | BH33: 2919497.3 | BI33: 2919497.3 | BJ33: 2919497.3 | BK33: 2919497.3 | BL33: 2919497.3 | BM33: 35033968 | BO33: 2919497.3 | BP33: 2919497.3 | BQ33: 2919497.3 | BR33: 2919497.3 | BS33: 2919497.3 | BT33: 2919497.3 | BU33: 2919497.3 | BV33: 2919497.3 | BW33: 2919497.3 | BX33: 2919497.3 | BY33: 2919497.3 | BZ33: 2919497.3 | CA33: 35033968
A34: MWG | B34: 16174.22 | C34: 12849.79 | D34: 23384.84 | E34: 28065.69 | F34: 33835.15 | G34: 40487.38 | H34: 52339.69 | I34: 63562 | J34: 100769.4 | K34: 93235.54 | L34: 120000 | M34: 126000 | N34: 710703.7 | O34: 127800.75 | P34: 121410.71 | Q34: 140580.83 | R34: 170916.69 | S34: 188008.36 | T34: 206809.19 | U34: 249155.84 | V34: 274071.42 | W34: 301478.56 | X34: 331626.42 | Y34: 396509.85 | Z34: 436160.83 | AA34: 2944529.5 | AM34: 457968.88 | AN34: 412171.99 | AO34: 480867.32 | AP34: 504910.69 | AQ34: 530156.22 | AR34: 556664.03 | AS34: 584497.23 | AT34: 613722.09 | AU34: 644408.2 | AV34: 676628.61 | AW34: 710460.04 | AX34: 745983.04 | AY34: 6918438.3 | BA34: 783282.19 | BB34: 704953.97 | BC34: 822446.3 | BD34: 863568.62 | BE34: 906747.05 | BF34: 952084.4 | BG34: 999688.62 | BH34: 1049673.1 | BI34: 1102156.7 | BJ34: 1157264.5 | BK34: 1215127.8 | BL34: 1275884.2 | BM34: 11832877 | BO34: 1339678.4 | BP34: 1205710.5 | BQ34: 1406662.3 | BR34: 1476995.4 | BS34: 1550845.2 | BT34: 1628387.4 | BU34: 1709806.8 | BV34: 1795297.1 | BW34: 1885062 | BX34: 1979315.1 | BY34: 2078280.8 | BZ34: 2182194.9 | CA34: 20238236
A35: ZLP | B35: 0 | C35: 0 | D35: 20.33 | E35: 0 | F35: 29177 | G35: 47654.46 | H35: 87997.15 | I35: 83818.31 | J35: 83034.23 | K35: 126424.86 | L35: 133428.7 | M35: 140100.14 | N35: 731655.18 | O35: 144303.14 | P35: 129872.83 | Q35: 148632.24 | R35: 153091.2 | S35: 159214.85 | T35: 165583.44 | U35: 172206.78 | V35: 179095.05 | W35: 188049.81 | X35: 197452.3 | Y35: 207324.91 | Z35: 217691.16 | AA35: 2062517.7 | AM35: 228575.72 | AN35: 205718.14 | AO35: 240004.5 | AP35: 252004.73 | AQ35: 264604.96 | AR35: 277835.21 | AS35: 291726.97 | AT35: 306313.32 | AU35: 321628.99 | AV35: 337710.43 | AW35: 354595.96 | AX35: 372325.75 | AY35: 3453044.7 | BA35: 390942.04 | BB35: 351847.84 | BC35: 410489.14 | BD35: 431013.6 | BE35: 452564.28 | BF35: 475192.5 | BG35: 498952.12 | BH35: 523899.73 | BI35: 550094.71 | BJ35: 577599.45 | BK35: 606479.42 | BL35: 636803.39 | BM35: 5905878.2 | BO35: 668643.56 | BP35: 601779.21 | BQ35: 702075.74 | BR35: 737179.53 | BS35: 774038.5 | BT35: 812740.43 | BU35: 853377.45 | BV35: 896046.32 | BW35: 940848.64 | BX35: 987891.07 | BY35: 1037285.6 | BZ35: 1089149.9 | CA35: 10101056
A36: Other CL + PD | B36: 10537.81 | C36: 9389.08 | D36: 12006.33 | E36: 13583.92 | F36: 19045.68 | G36: 16901.63 | H36: 13994.08 | I36: 14114.9 | J36: 24352.15 | K36: 35509.82 | L36: 35836.153 | M36: 37627.961 | N36: 242899.51 | O36: 0 | P36: 0 | Q36: 0 | R36: 0 | S36: 0 | T36: 0 | U36: 0 | V36: 0 | W36: 0 | X36: 0 | Y36: 0 | Z36: 0 | AA36: 0 | AM36: 0 | AN36: 0 | AO36: 0 | AP36: 0 | AQ36: 0 | AR36: 0 | AS36: 0 | AT36: 0 | AU36: 0 | AV36: 0 | AW36: 0 | AX36: 0 | AY36: 0 | BA36: 0 | BB36: 0 | BC36: 0 | BD36: 0 | BE36: 0 | BF36: 0 | BG36: 0 | BH36: 0 | BI36: 0 | BJ36: 0 | BK36: 0 | BL36: 0 | BM36: 0 | BO36: 0 | BP36: 0 | BQ36: 0 | BR36: 0 | BS36: 0 | BT36: 0 | BU36: 0 | BV36: 0 | BW36: 0 | BX36: 0 | BY36: 0 | BZ36: 0 | CA36: 0
A37: [MWG] - Paylater (QTV) | B37: 0 | C37: 0 | D37: 0 | E37: 0 | F37: 17.32 | G37: 2109.7991 | H37: 6670.1321 | I37: 10652.884 | J37: 11801.154 | K37: 19076.948 | L37: 23421.773 | M37: 31453.426 | N37: 105203.44 | O37: 60000 | P37: 51000 | Q37: 78000 | R37: 101400 | S37: 131820 | T37: 171366 | U37: 222775.8 | V37: 289608.54 | W37: 376491.1 | X37: 459319.14 | Y37: 560369.36 | Z37: 683650.61 | AA37: 3185800.6 | AM37: 717833.15 | AN37: 646049.83 | AO37: 753724.8 | AP37: 791411.04 | AQ37: 830981.59 | AR37: 872530.67 | AS37: 916157.21 | AT37: 961965.07 | AU37: 1010063.3 | AV37: 1060566.5 | AW37: 1113594.8 | AX37: 1169274.6 | AY37: 10844153 | BA37: 1227738.3 | BB37: 1104964.5 | BC37: 1289125.2 | BD37: 1353581.5 | BE37: 1421260.5 | BF37: 1492323.6 | BG37: 1566939.7 | BH37: 1645286.7 | BI37: 1727551.1 | BJ37: 1813928.6 | BK37: 1904625 | BL37: 1999856.3 | BM37: 18547181 | BO37: 2099849.1 | BP37: 1889864.2 | BQ37: 2204841.6 | BR37: 2315083.6 | BS37: 2430837.8 | BT37: 2552379.7 | BU37: 2679998.7 | BV37: 2813998.6 | BW37: 2954698.6 | BX37: 3102433.5 | BY37: 3257555.2 | BZ37: 3420432.9 | CA37: 31721973
A38: Other Paylater | B38: 24083.991 | C38: 36640.461 | D38: 33026.916 | E38: 32576.933 | F38: 36674.359 | G38: 40526.528 | H38: 41027.761 | I38: 35877.703 | J38: 33807.241 | K38: 36440.748 | L38: 41522.254 | M38: 42049.387 | N38: 434254.28 | O38: 45000 | P38: 45000 | Q38: 45000 | R38: 45000 | S38: 45000 | T38: 45000 | U38: 45000 | V38: 45000 | W38: 45000 | X38: 45000 | Y38: 45000 | Z38: 45000 | AA38: 540000 | AM38: 47250 | AN38: 42525 | AO38: 49612.5 | AP38: 52093.125 | AQ38: 54697.781 | AR38: 57432.67 | AS38: 60304.304 | AT38: 63319.519 | AU38: 66485.495 | AV38: 69809.77 | AW38: 73300.258 | AX38: 76965.271 | AY38: 713795.69 | BA38: 80813.535 | BB38: 72732.181 | BC38: 84854.211 | BD38: 89096.922 | BE38: 93551.768 | BF38: 98229.356 | BG38: 103140.82 | BH38: 108297.87 | BI38: 113712.76 | BJ38: 119398.4 | BK38: 125368.32 | BL38: 131636.73 | BM38: 1220832.9 | BO38: 138218.57 | BP38: 124396.71 | BQ38: 145129.5 | BR38: 152385.97 | BS38: 160005.27 | BT38: 168005.53 | BU38: 176405.81 | BV38: 185226.1 | BW38: 194487.41 | BX38: 204211.78 | BY38: 214422.37 | BZ38: 225143.48 | CA38: 2088038.5
A39: OD | B39: 109061.42 | C39: 95253.172 | D39: 112073.33 | E39: 114487.34 | F39: 119537.6 | G39: 118759.5 | H39: 118080.71 | I39: 97304.269 | J39: 86259.163 | K39: 84239.415 | L39: 84239.415 | M39: 84239.415 | N39: 1223534.8 | O39: 45000 | P39: 45000 | Q39: 45000 | R39: 45000 | S39: 40000 | T39: 40000 | U39: 40000 | V39: 40000 | W39: 40000 | X39: 40000 | Y39: 40000 | Z39: 40000 | AA39: 500000 | AM39: 40000 | AN39: 40000 | AO39: 40000 | AP39: 40000 | AQ39: 40000 | AR39: 40000 | AS39: 40000 | AT39: 40000 | AU39: 40000 | AV39: 40000 | AW39: 40000 | AX39: 40000 | AY39: 480000 | BA39: 40000 | BB39: 40000 | BC39: 40000 | BD39: 40000 | BE39: 40000 | BF39: 40000 | BG39: 40000 | BH39: 40000 | BI39: 40000 | BJ39: 40000 | BK39: 40000 | BL39: 40000 | BM39: 480000 | BO39: 40000 | BP39: 40000 | BQ39: 40000 | BR39: 40000 | BS39: 40000 | BT39: 40000 | BU39: 40000 | BV39: 40000 | BW39: 40000 | BX39: 40000 | BY39: 40000 | BZ39: 40000 | CA39: 480000
A40: [Ecom] - Paylater | B40: 0 | C40: 0 | D40: 0 | E40: 0 | F40: 0 | G40: 0 | H40: 0 | I40: 0 | J40: 0 | K40: 0 | L40: 0 | M40: 0 | N40: 0 | O40: 0 | P40: 0 | Q40: 76923.077 | R40: 76923.077 | S40: 153846.15 | T40: 307692.31 | U40: 384615.38 | V40: 461538.46 | W40: 538461.54 | X40: 615384.62 | Y40: 692307.69 | Z40: 692307.69 | AA40: 4000000
A42: VDS | B42: 0.51203335 | C42: 0.50062298 | D42: 0.50256459 | E42: 0.49880504 | F42: 0.46338477 | G42: 0.44108907 | H42: 0.42831953 | I42: 0.41108431 | J42: 0.41871157 | K42: 0.41296207 | L42: 0.41004985 | M42: 0.4098452 | N42: 0.43473084 | O42: 0.41455793 | P42: 0.41191296 | Q42: 0.39641007 | R42: 0.38608349 | S42: 0.36966303 | T42: 0.34490415 | U42: 0.3287619 | V42: 0.31527977 | W42: 0.3039196 | X42: 0.29145801 | Y42: 0.28775373 | Z42: 0.2930941 | AA42: 0.33246782 | AM42: 0.3135487 | AN42: 0.33635671 | AO42: 0.3032666 | AP42: 0.29317201 | AQ42: 0.28327153 | AR42: 0.27357104 | AS42: 0.26407576 | AT42: 0.25479015 | AU42: 0.24571805 | AV42: 0.2368626 | AW42: 0.22822627 | AX42: 0.21981095 | AY42: 0.26672357 | BA42: 0.21606755 | BB42: 0.22408141 | BC42: 0.2122718 | BD42: 0.20842719 | BE42: 0.20453743 | BF42: 0.20060644 | BG42: 0.19663831 | BH42: 0.19263728 | BI42: 0.18860778 | BJ42: 0.18455432 | BK42: 0.18048157 | BL42: 0.17639426 | BM42: 0.19775713 | BO42: 0.17229721 | BP42: 0.18113212 | BQ42: 0.16819526 | BR42: 0.16409329 | BS42: 0.15999618 | BT42: 0.15590878 | BU42: 0.15183591 | BV42: 0.1477823 | BW42: 0.1437526 | BX42: 0.13975135 | BY42: 0.13578296 | BZ42: 0.13185169 | CA42: 0.15297892
A43: Cake | B43: 0.23485559 | C43: 0.20970156 | D43: 0.24553431 | E43: 0.27403879 | F43: 0.26510713 | G43: 0.28326376 | H43: 0.32848126 | I43: 0.35499816 | J43: 0.38810086 | K43: 0.38674921 | L43: 0.38089706 | M43: 0.38070696 | N43: 0.33854821 | O43: 0.39655665 | P43: 0.39420022 | Q43: 0.38171762 | R43: 0.38128625 | S43: 0.37080652 | T43: 0.35141675 | U43: 0.34025097 | V43: 0.33145065 | W43: 0.32146125 | X43: 0.31477465 | Y43: 0.29841127 | Z43: 0.29368029 | AA43: 0.33794773 | AM43: 0.37465267 | AN43: 0.36171493 | AO43: 0.38048515 | AP43: 0.38621126 | AQ43: 0.39182726 | AR43: 0.39732981 | AS43: 0.40271597 | AT43: 0.40798319 | AU43: 0.41312929 | AV43: 0.41815251 | AW43: 0.42305142 | AX43: 0.42782498 | AY43: 0.40121401 | BA43: 0.42053909 | BB43: 0.43613671 | BC43: 0.41315129 | BD43: 0.40566841 | BE43: 0.39809766 | BF43: 0.39044665 | BG43: 0.38272334 | BH43: 0.37493602 | BI43: 0.36709326 | BJ43: 0.3592039 | BK43: 0.35127697 | BL43: 0.34332172 | BM43: 0.38490094 | BO43: 0.33534749 | BP43: 0.35254316 | BQ43: 0.32736373 | BR43: 0.31937994 | BS43: 0.3114056 | BT43: 0.30345018 | BU43: 0.29552302 | BV43: 0.28763335 | BW43: 0.27979022 | BX43: 0.27200246 | BY43: 0.26427866 | BZ43: 0.2566271 | CA43: 0.29774769
A44: MWG | B44: 0.02560953 | C44: 0.024149798 | D44: 0.032633151 | E44: 0.033782861 | F44: 0.038552304 | G44: 0.041886583 | H44: 0.039764426 | I44: 0.048695716 | J44: 0.057253118 | K44: 0.047284715 | L44: 0.057216258 | M44: 0.057187702 | N44: 0.04672845 | O44: 0.057188998 | P44: 0.060007455 | Q44: 0.058395212 | R44: 0.067125301 | S44: 0.067968544 | T44: 0.067065583 | U44: 0.074044527 | V44: 0.075095077 | W44: 0.075824828 | X44: 0.077324141 | Y44: 0.084516434 | Z44: 0.085224111 | AA44: 0.07333804 | AM44: 0.095730364 | AN44: 0.092424544 | AO44: 0.097220664 | AP44: 0.098683786 | AQ44: 0.10011877 | AR44: 0.10152477 | AS44: 0.10290103 | AT44: 0.1042469 | AU44: 0.10556182 | AV44: 0.10684534 | AW44: 0.1080971 | AX44: 0.10931683 | AY44: 0.10251725 | BA44: 0.11282791 | BB44: 0.10531139 | BC44: 0.1163881 | BD44: 0.11999412 | BE44: 0.12364248 | BF44: 0.12732951 | BG44: 0.13105139 | BH44: 0.13480411 | BI44: 0.13858355 | BJ44: 0.14238545 | BK44: 0.14620545 | BL44: 0.1500391 | BM44: 0.13000199 | BO44: 0.15388189 | BP44: 0.14559527 | BQ44: 0.15772928 | BR44: 0.16157669 | BS44: 0.16541953 | BT44: 0.16925327 | BU44: 0.17307338 | BV44: 0.17687542 | BW44: 0.18065504 | BX44: 0.18440797 | BY44: 0.18813009 | BZ44: 0.19181739 | CA44: 0.1720013
A45: ZLP | B45: 0 | C45: 0 | D45: 2.8370173e-05 | E45: 0 | F45: 0.033244735 | G45: 0.04930135 | H45: 0.066854735 | I45: 0.064214351 | J45: 0.047176708 | K45: 0.064116789 | L45: 0.063619092 | M45: 0.063587341 | N45: 0.048106 | O45: 0.06457358 | P45: 0.06418987 | Q45: 0.061739649 | R45: 0.060124574 | S45: 0.057559152 | T45: 0.053696599 | U45: 0.051176685 | V45: 0.049071723 | W45: 0.047296379 | X45: 0.046039243 | Y45: 0.044191493 | Z45: 0.042535996 | AA45: 0.05137018 | AM45: 0.047779746 | AN45: 0.046129786 | AO45: 0.048523566 | AP45: 0.049253821 | AQ45: 0.049970034 | AR45: 0.050671779 | AS45: 0.05135868 | AT45: 0.052030412 | AU45: 0.052686699 | AV45: 0.053327314 | AW45: 0.053952076 | AX45: 0.054560851 | AY45: 0.051167134 | BA45: 0.05631326 | BB45: 0.052561706 | BC45: 0.058090179 | BD45: 0.059889968 | BE45: 0.061710891 | BF45: 0.063551118 | BG45: 0.065408734 | BH45: 0.067281747 | BI45: 0.069168093 | BJ45: 0.07106565 | BK45: 0.072972239 | BL45: 0.074885644 | BM45: 0.064884975 | BO45: 0.076803612 | BP45: 0.072667696 | BQ45: 0.078723872 | BR45: 0.080644141 | BS45: 0.082562134 | BT45: 0.084475579 | BU45: 0.086382227 | BV45: 0.088279856 | BW45: 0.090166292 | BX45: 0.092039409 | BY45: 0.093897144 | BZ45: 0.095737503 | CA45: 0.085847145
A46: Other CL + PD | B46: 0.016685093 | C46: 0.017645766 | D46: 0.016754632 | E46: 0.016351057 | F46: 0.021700949 | G46: 0.017485733 | H46: 0.010631827 | I46: 0.010813618 | J46: 0.013835912 | K46: 0.018008924 | L46: 0.017086755 | M46: 0.017078227 | N46: 0.015970534 | O46: 0 | P46: 0 | Q46: 0 | R46: 0 | S46: 0 | T46: 0 | U46: 0 | V46: 0 | W46: 0 | X46: 0 | Y46: 0 | Z46: 0 | AA46: 0 | AM46: 0 | AN46: 0 | AO46: 0 | AP46: 0 | AQ46: 0 | AR46: 0 | AS46: 0 | AT46: 0 | AU46: 0 | AV46: 0 | AW46: 0 | AX46: 0 | AY46: 0 | BA46: 0 | BB46: 0 | BC46: 0 | BD46: 0 | BE46: 0 | BF46: 0 | BG46: 0 | BH46: 0 | BI46: 0 | BJ46: 0 | BK46: 0 | BL46: 0 | BM46: 0 | BO46: 0 | BP46: 0 | BQ46: 0 | BR46: 0 | BS46: 0 | BT46: 0 | BU46: 0 | BV46: 0 | BW46: 0 | BX46: 0 | BY46: 0 | BZ46: 0 | CA46: 0
A47: [MWG] - Paylater (QTV) | B47: 0 | C47: 0 | D47: 0 | E47: 0 | F47: 1.9734682e-05 | G47: 0.0021827117 | H47: 0.0050675495 | I47: 0.0081613195 | J47: 0.0067049408 | K47: 0.0096749378 | L47: 0.011167552 | M47: 0.014275787 | N47: 0.0069170788 | O47: 0.026849137 | P47: 0.025206838 | Q47: 0.032400055 | R47: 0.039823528 | S47: 0.0476554 | T47: 0.055571808 | U47: 0.066204866 | V47: 0.07935222 | W47: 0.094691221 | X47: 0.10709779 | Y47: 0.11944324 | Z47: 0.13358264 | AA47: 0.079347269 | AM47: 0.15005043 | AN47: 0.1448688 | AO47: 0.15238637 | AP47: 0.15467971 | AQ47: 0.15692895 | AR47: 0.15913275 | AS47: 0.16128994 | AT47: 0.16339949 | AU47: 0.16546053 | AV47: 0.16747236 | AW47: 0.1694344 | AX47: 0.17134623 | AY47: 0.16068839 | BA47: 0.1768496 | BB47: 0.16506799 | BC47: 0.18242995 | BD47: 0.18808212 | BE47: 0.19380065 | BF47: 0.19957981 | BG47: 0.20541359 | BH47: 0.21129571 | BI47: 0.21721971 | BJ47: 0.22317891 | BK47: 0.22916648 | BL47: 0.23517545 | BM47: 0.20376874 | BO47: 0.24119876 | BP47: 0.22821007 | BQ47: 0.24722926 | BR47: 0.25325979 | BS47: 0.25928317 | BT47: 0.26529227 | BU47: 0.27128002 | BV47: 0.27723946 | BW47: 0.28316373 | BX47: 0.28904618 | BY47: 0.29488033 | BZ47: 0.30065991 | CA47: 0.26959962
A48: Other Paylater | B48: 0.038133505 | C48: 0.068861807 | D48: 0.046088506 | E48: 0.039213075 | F48: 0.041787344 | G48: 0.041927084 | H48: 0.031170329 | I48: 0.027486398 | J48: 0.019207914 | K48: 0.018481047 | L48: 0.0197979 | M48: 0.019084983 | N48: 0.028552025 | O48: 0.020136853 | P48: 0.022241328 | Q48: 0.01869234 | R48: 0.017673163 | S48: 0.016268343 | T48: 0.014592926 | U48: 0.013373171 | V48: 0.012329919 | W48: 0.011317943 | X48: 0.010492488 | Y48: 0.0095917908 | Z48: 0.008792823 | AA48: 0.013449532 | AM48: 0.0098767841 | AN48: 0.0095357128 | AO48: 0.010030543 | AP48: 0.010181497 | AQ48: 0.010329549 | AR48: 0.01047461 | AS48: 0.010616603 | AT48: 0.01075546 | AU48: 0.010891124 | AV48: 0.011023549 | AW48: 0.011152697 | AX48: 0.011278539 | AY48: 0.010577008 | BA48: 0.011640788 | BB48: 0.010865286 | BC48: 0.012008104 | BD48: 0.012380147 | BE48: 0.012756559 | BF48: 0.013136961 | BG48: 0.013520958 | BH48: 0.013908138 | BI48: 0.014298074 | BJ48: 0.014690327 | BK48: 0.015084447 | BL48: 0.015479976 | BM48: 0.013412689 | BO48: 0.015876449 | BP48: 0.015021494 | BQ48: 0.016273395 | BR48: 0.016670343 | BS48: 0.017066821 | BT48: 0.017462359 | BU48: 0.017856491 | BV48: 0.018248759 | BW48: 0.018638714 | BX48: 0.019025915 | BY48: 0.019409936 | BZ48: 0.019790366 | CA48: 0.017745882
A49: OD | B49: 0.17268293 | C49: 0.17901809 | D49: 0.15639645 | E49: 0.13780918 | F49: 0.13620303 | G49: 0.12286371 | H49: 0.089710347 | I49: 0.074546128 | J49: 0.049008985 | K49: 0.0427223 | L49: 0.040165534 | M49: 0.038233798 | N49: 0.080446862 | O49: 0.020136853 | P49: 0.022241328 | Q49: 0.01869234 | R49: 0.017673163 | S49: 0.014460749 | T49: 0.01297149 | U49: 0.011887264 | V49: 0.010959928 | W49: 0.010060394 | X49: 0.0093266563 | Y49: 0.0085260363 | Z49: 0.0078158426 | AA49: 0.01245327 | AM49: 0.0083612987 | AN49: 0.0089695124 | AO49: 0.0080871093 | AP49: 0.0078179202 | AQ49: 0.0075539074 | AR49: 0.0072952279 | AS49: 0.0070420201 | AT49: 0.0067944041 | AU49: 0.0065524814 | AV49: 0.0063163359 | AW49: 0.006086034 | AX49: 0.0058616253 | AY49: 0.0071126286 | BA49: 0.0057618014 | BB49: 0.0059755042 | BC49: 0.0056605812 | BD49: 0.0055580583 | BE49: 0.0054543316 | BF49: 0.0053495052 | BG49: 0.0052436882 | BH49: 0.0051369942 | BI49: 0.0050295407 | BJ49: 0.0049214486 | BK49: 0.0048128419 | BL49: 0.004703847 | BM49: 0.0052735236 | BO49: 0.0045945922 | BP49: 0.0048301899 | BQ49: 0.0044852068 | BR49: 0.004375821 | BS49: 0.0042665647 | BT49: 0.0041575675 | BU49: 0.0040489575 | BV49: 0.0039408613 | BW49: 0.0038334027 | BX49: 0.0037267027 | BY49: 0.003620879 | BZ49: 0.0035160451 | CA49: 0.0040794378
A50: [Ecom] - Paylater
A52: BY PRODUCT | B52: 631570.36 | C52: 532086.84 | D52: 716597.67 | E52: 830767.11 | F52: 877642.74 | G52: 966595.44 | H52: 1316244.1 | I52: 1305289.4 | J52: 1760068.3 | K52: 1971790.3 | L52: 2097306 | M52: 2203270.9 | N52: 15209229 | O52: 2234708.7 | P52: 2023260.5 | Q52: 2407403.3 | R52: 2546233.5 | S52: 2766108.4 | T52: 3083685.9 | U52: 3364946 | V52: 3649659 | W52: 3975987.4 | X52: 4288782.5 | Y52: 4691511.8 | Z52: 5117810.3 | AA52: 40150097 | AM52: 4783945.8 | AN52: 4459551.2 | AO52: 4946143.1 | AP52: 5116450.3 | AQ52: 5295272.8 | AR52: 5483036.4 | AS52: 5680188.2 | AT52: 5887197.7 | AU52: 6104557.5 | AV52: 6332785.4 | AW52: 6572424.7 | AX52: 6824045.9 | AY52: 67485599 | BA52: 6942273.3 | BB52: 6693995.7 | BC52: 7066412.1 | BD52: 7196757.9 | BE52: 7333620.9 | BF52: 7477327.1 | BG52: 7628218.6 | BH52: 7786654.7 | BI52: 7953012.5 | BJ52: 8127688.3 | BK52: 8311097.8 | BL52: 8503677.9 | BM52: 91020737 | BO52: 8705886.9 | BP52: 8281247.9 | BQ52: 8918206.4 | BR52: 9141141.8 | BS52: 9375224.1 | BT52: 9621010.4 | BU52: 9879086 | BV52: 10150065 | BW52: 10434594 | BX52: 10733349 | BY52: 11047041 | BZ52: 11376418 | CA52: 1.1766327e+08
A53: CL | B53: 357049.95 | C53: 266708.21 | D53: 412651.92 | E53: 519905.01 | F53: 553555.29 | G53: 640594.98 | H53: 913801.54 | I53: 847454.32 | J53: 1160582.8 | K53: 1247198.3 | L53: 1303122.5 | M53: 1368278.7 | N53: 9590903.5 | O53: 1383098.1 | P53: 1250994.6 | Q53: 1433592.2 | R53: 1520617.9 | S53: 1604381.1 | T53: 1693277 | U53: 1809324.5 | V53: 1911739.1 | W53: 2029081.4 | X53: 2125662.3 | Y53: 2301906.9 | Z53: 2515061.4 | AA53: 21578736 | AM53: 2780885.2 | AN53: 2589479.2 | AO53: 2876588.2 | AP53: 2977076.4 | AQ53: 3082589 | AR53: 3193377.2 | AS53: 3309704.9 | AT53: 3431848.9 | AU53: 3560100.1 | AV53: 3694763.9 | AW53: 3836160.8 | AX53: 3984627.6 | AY53: 39317201 | BA53: 4039845.5 | BB53: 3923888 | BC53: 4097824.2 | BD53: 4158701.8 | BE53: 4222623.4 | BF53: 4289741 | BG53: 4360214.5 | BH53: 4434211.6 | BI53: 4511908.7 | BJ53: 4593490.6 | BK53: 4679151.5 | BL53: 4769095.6 | BM53: 52080696 | BO53: 4863536.8 | BP53: 4665210.2 | BQ53: 4962700.1 | BR53: 5066821.5 | BS53: 5176149 | BT53: 5290942.9 | BU53: 5411476.5 | BV53: 5538036.8 | BW53: 5670925.1 | BX53: 5810457.8 | BY53: 5956967.1 | BZ53: 6110801.9 | CA53: 64524026
A54: PD | B54: 141375 | C54: 133485 | D54: 158845.5 | E54: 163797.83 | F54: 167858.17 | G54: 164604.63 | H54: 236663.94 | I54: 314000.2 | J54: 467618 | K54: 584834.9 | L54: 645000 | M54: 677250 | N54: 3855333.2 | O54: 701610.61 | P54: 631265.86 | Q54: 728888.03 | R54: 757292.48 | S54: 791061.07 | T54: 826350.58 | U54: 863230.34 | V54: 901772.92 | W54: 946953.41 | X54: 1003416.4 | Y54: 1051927.9 | Z54: 1141790.6 | AA54: 10345560 | AM54: 1197977.5 | AN54: 1141497.2 | AO54: 1226217.6 | AP54: 1255869.7 | AQ54: 1287004.4 | AR54: 1319695.8 | AS54: 1354021.9 | AT54: 1390064.2 | AU54: 1427908.6 | AV54: 1467645.3 | AW54: 1509368.8 | AX54: 1553178.5 | AY54: 16130449 | BA54: 1553876.1 | BB54: 1552411.1 | BC54: 1554608.6 | BD54: 1555377.7 | BE54: 1556185.3 | BF54: 1557033.2 | BG54: 1557923.6 | BH54: 1558858.4 | BI54: 1559840 | BJ54: 1560870.7 | BK54: 1561953 | BL54: 1563089.3 | BM54: 18692027 | BO54: 1564282.4 | BP54: 1561776.8 | BQ54: 1565535.3 | BR54: 1566850.7 | BS54: 1568231.9 | BT54: 1569682.2 | BU54: 1571205 | BV54: 1572804 | BW54: 1574482.8 | BX54: 1576245.7 | BY54: 1578096.6 | BZ54: 1580040.2 | CA54: 18849234
A55: PL | B55: 24083.991 | C55: 36640.461 | D55: 33026.916 | E55: 32576.933 | F55: 36691.679 | G55: 42636.327 | H55: 47697.893 | I55: 46530.587 | J55: 45608.395 | K55: 55517.696 | L55: 64944.027 | M55: 73502.813 | N55: 539457.72 | O55: 105000 | P55: 96000 | Q55: 199923.08 | R55: 223323.08 | S55: 330666.15 | T55: 524058.31 | U55: 652391.18 | V55: 796147 | W55: 959952.64 | X55: 1119703.8 | Y55: 1297677 | Z55: 1420958.3 | AA55: 7725800.6 | AM55: 765083.15 | AN55: 688574.83 | AO55: 803337.3 | AP55: 843504.17 | AQ55: 885679.38 | AR55: 929963.34 | AS55: 976461.51 | AT55: 1025284.6 | AU55: 1076548.8 | AV55: 1130376.3 | AW55: 1186895.1 | AX55: 1246239.8 | AY55: 11557948 | BA55: 1308551.8 | BB55: 1177696.6 | BC55: 1373979.4 | BD55: 1442678.4 | BE55: 1514812.3 | BF55: 1590552.9 | BG55: 1670080.6 | BH55: 1753584.6 | BI55: 1841263.8 | BJ55: 1933327 | BK55: 2029993.4 | BL55: 2131493 | BM55: 19768014 | BO55: 2238067.7 | BP55: 2014260.9 | BQ55: 2349971.1 | BR55: 2467469.6 | BS55: 2590843.1 | BT55: 2720385.2 | BU55: 2856404.5 | BV55: 2999224.7 | BW55: 3149186 | BX55: 3306645.3 | BY55: 3471977.5 | BZ55: 3645576.4 | CA55: 33810012
A56: OD | B56: 109061.42 | C56: 95253.172 | D56: 112073.33 | E56: 114487.34 | F56: 119537.6 | G56: 118759.5 | H56: 118080.71 | I56: 97304.269 | J56: 86259.163 | K56: 84239.415 | L56: 84239.415 | M56: 84239.415 | N56: 1223534.8 | O56: 45000 | P56: 45000 | Q56: 45000 | R56: 45000 | S56: 40000 | T56: 40000 | U56: 40000 | V56: 40000 | W56: 40000 | X56: 40000 | Y56: 40000 | Z56: 40000 | AA56: 500000 | AM56: 40000 | AN56: 40000 | AO56: 40000 | AP56: 40000 | AQ56: 40000 | AR56: 40000 | AS56: 40000 | AT56: 40000 | AU56: 40000 | AV56: 40000 | AW56: 40000 | AX56: 40000 | AY56: 480000 | BA56: 40000 | BB56: 40000 | BC56: 40000 | BD56: 40000 | BE56: 40000 | BF56: 40000 | BG56: 40000 | BH56: 40000 | BI56: 40000 | BJ56: 40000 | BK56: 40000 | BL56: 40000 | BM56: 480000 | BO56: 40000 | BP56: 40000 | BQ56: 40000 | BR56: 40000 | BS56: 40000 | BT56: 40000 | BU56: 40000 | BV56: 40000 | BW56: 40000 | BX56: 40000 | BY56: 40000 | BZ56: 40000 | CA56: 480000
A58: CL | B58: 0.56533677 | C58: 0.5012494 | D58: 0.57584882 | E58: 0.62581319 | F58: 0.63072964 | G58: 0.66273329 | H58: 0.6942493 | I58: 0.64924632 | J58: 0.65939643 | K58: 0.63252075 | L58: 0.62133163 | M58: 0.62102153 | N58: 0.63059761 | O58: 0.6189165 | P58: 0.61830626 | Q58: 0.59549316 | R58: 0.59720286 | S58: 0.58001384 | T58: 0.54910813 | U58: 0.53769792 | V58: 0.52381307 | W58: 0.51033395 | X58: 0.49563303 | Y58: 0.49065354 | Z58: 0.49143311 | AA58: 0.53745166 | AM58: 0.5812953 | AN58: 0.58065913 | AO58: 0.58158209 | AP58: 0.58186365 | AQ58: 0.5821398 | AR58: 0.58241036 | AS58: 0.58267521 | AT58: 0.5829342 | AU58: 0.58318724 | AV58: 0.58343424 | AW58: 0.58367513 | AX58: 0.58390985 | AY58: 0.58260135 | BA58: 0.58191968 | BB58: 0.58618024 | BC58: 0.57990166 | BD58: 0.57785768 | BE58: 0.5757897 | BF58: 0.57369979 | BG58: 0.57159013 | BH58: 0.56946299 | BI58: 0.56732071 | BJ58: 0.56516569 | BK58: 0.56300041 | BL58: 0.5608274 | BM58: 0.57218495 | BO58: 0.5586492 | BP58: 0.56334628 | BQ58: 0.5564684 | BR58: 0.55428759 | BS58: 0.55210937 | BT58: 0.54993631 | BU58: 0.54777097 | BV58: 0.54561587 | BW58: 0.54347348 | BX58: 0.54134622 | BY58: 0.53923643 | BZ58: 0.53714637 | CA58: 0.54837865
A59: PD | B59: 0.22384679 | C59: 0.2508707 | D59: 0.22166623 | E59: 0.19716456 | F59: 0.19126025 | G59: 0.1702932 | H59: 0.17980247 | I59: 0.24055984 | J59: 0.26568173 | K59: 0.29660097 | L59: 0.30753739 | M59: 0.3073839 | N59: 0.25348643 | O59: 0.31396065 | P59: 0.31200424 | Q59: 0.30276939 | R59: 0.29741675 | S59: 0.2859834 | T59: 0.26797495 | U59: 0.25653616 | V59: 0.24708416 | W59: 0.23816811 | X59: 0.23396301 | Y59: 0.22421938 | Z59: 0.22310139 | AA59: 0.25767211 | AM59: 0.25041618 | AN59: 0.25596684 | AO59: 0.24791389 | AP59: 0.24545722 | AQ59: 0.2430478 | AR59: 0.24068705 | AS59: 0.23837623 | AT59: 0.23611645 | AU59: 0.23390862 | AV59: 0.23175352 | AW59: 0.22965174 | AX59: 0.22760375 | AY59: 0.23902062 | BA59: 0.22382813 | BB59: 0.23191098 | BC59: 0.2199997 | BD59: 0.216122 | BE59: 0.21219876 | BF59: 0.20823393 | BG59: 0.20423164 | BH59: 0.20019617 | BI59: 0.19613197 | BJ59: 0.19204363 | BK59: 0.18793582 | BL59: 0.18381332 | BM59: 0.20536009 | BO59: 0.179681 | BP59: 0.18859197 | BQ59: 0.17554373 | BR59: 0.17140645 | BS59: 0.16727407 | BT59: 0.16315149 | BU59: 0.15904356 | BV59: 0.15495505 | BW59: 0.15089067 | BX59: 0.14685498 | BY59: 0.14285243 | BZ59: 0.13888731 | CA59: 0.16019641
A60: PL | B60: 0.038133505 | C60: 0.068861807 | D60: 0.046088506 | E60: 0.039213075 | F60: 0.041807078 | G60: 0.044109795 | H60: 0.036237879 | I60: 0.035647718 | J60: 0.025912855 | K60: 0.028155985 | L60: 0.030965452 | M60: 0.03336077 | N60: 0.035469103 | O60: 0.04698599 | P60: 0.047448166 | Q60: 0.083045112 | R60: 0.087707227 | S60: 0.11954201 | T60: 0.16994542 | U60: 0.19387865 | V60: 0.21814285 | W60: 0.24143755 | X60: 0.2610773 | Y60: 0.27660104 | Z60: 0.27764966 | AA60: 0.19242296 | AM60: 0.15992722 | AN60: 0.15440451 | AO60: 0.16241691 | AP60: 0.16486121 | AQ60: 0.1672585 | AR60: 0.16960736 | AS60: 0.17190654 | AT60: 0.17415495 | AU60: 0.17635165 | AV60: 0.1784959 | AW60: 0.18058709 | AX60: 0.18262477 | AY60: 0.1712654 | BA60: 0.18849039 | BB60: 0.17593328 | BC60: 0.19443805 | BD60: 0.20046226 | BE60: 0.20655721 | BF60: 0.21271678 | BG60: 0.21893454 | BH60: 0.22520385 | BI60: 0.23151778 | BJ60: 0.23786924 | BK60: 0.24425093 | BL60: 0.25065543 | BM60: 0.21718143 | BO60: 0.25707521 | BP60: 0.24323157 | BQ60: 0.26350265 | BR60: 0.26993013 | BS60: 0.27634999 | BT60: 0.28275463 | BU60: 0.28913651 | BV60: 0.29548821 | BW60: 0.30180245 | BX60: 0.3080721 | BY60: 0.31429026 | BZ60: 0.32045027 | CA60: 0.2873455
A61: OD | B61: 0.17268293 | C61: 0.17901809 | D61: 0.15639645 | E61: 0.13780918 | F61: 0.13620303 | G61: 0.12286371 | H61: 0.089710347 | I61: 0.074546128 | J61: 0.049008985 | K61: 0.0427223 | L61: 0.040165534 | M61: 0.038233798 | N61: 0.080446862 | O61: 0.020136853 | P61: 0.022241328 | Q61: 0.01869234 | R61: 0.017673163 | S61: 0.014460749 | T61: 0.01297149 | U61: 0.011887264 | V61: 0.010959928 | W61: 0.010060394 | X61: 0.0093266563 | Y61: 0.0085260363 | Z61: 0.0078158426 | AA61: 0.01245327 | AM61: 0.0083612987 | AN61: 0.0089695124 | AO61: 0.0080871093 | AP61: 0.0078179202 | AQ61: 0.0075539074 | AR61: 0.0072952279 | AS61: 0.0070420201 | AT61: 0.0067944041 | AU61: 0.0065524814 | AV61: 0.0063163359 | AW61: 0.006086034 | AX61: 0.0058616253 | AY61: 0.0071126286 | BA61: 0.0057618014 | BB61: 0.0059755042 | BC61: 0.0056605812 | BD61: 0.0055580583 | BE61: 0.0054543316 | BF61: 0.0053495052 | BG61: 0.0052436882 | BH61: 0.0051369942 | BI61: 0.0050295407 | BJ61: 0.0049214486 | BK61: 0.0048128419 | BL61: 0.004703847 | BM61: 0.0052735236 | BO61: 0.0045945922 | BP61: 0.0048301899 | BQ61: 0.0044852068 | BR61: 0.004375821 | BS61: 0.0042665647 | BT61: 0.0041575675 | BU61: 0.0040489575 | BV61: 0.0039408613 | BW61: 0.0038334027 | BX61: 0.0037267027 | BY61: 0.003620879 | BZ61: 0.0035160451 | CA61: 0.0040794378

Sheet Break by BD
E1: 35610097 | F1: =D4-E1 -> 4540000
D4: ='Sales Plan 2026 - fin v4'!AA9 -> 40150097 | E4: 5633
D5: Disbursement | E5: TOI | F5: CL | G5: PD | H5: OD
C6: Huong | D6: =SUM(D7:D9) -> 17681133 | E6: =SUM(E7:E9) -> 3268.8563
C7: VDS | D7: ='Sales Plan 2026 - fin v4'!AA32 -> 13348615 | E7: =SUM(F7:G7) -> 2399 | F7: 1852 | G7: 547
C8: ZLP | D8: ='Sales Plan 2026 - fin v4'!AA35 -> 2062517.7 | E8: =D8*K8/1000 -> 414.09964 | I8: 2326 | J8: 467 | K8: =J8/I8 -> 0.20077386
C9: Other | D9: =F1*50% -> 2270000 | E9: =D9*K8/1000 -> 455.75666
C11: Ngoc | D11: =SUM(D12:D13) -> 8400330 | E11: =5633-E6-E16 -> 611.14369
C12: MWG | D12: ='Sales Plan 2026 - fin v4'!AA34+'Sales Plan 2026 - fin v4'!AA37 -> 6130330 | E12: =SUM(E13:E14) -> 0
C13: Other | D13: =F1*50% -> 2270000
C16: Ngan | D16: =SUM(D17:D18) -> 14068634 | E16: =SUM(E17:E18) -> 1753
C17: CAKE CL + PD | D17: ='Sales Plan 2026 - fin v4'!AA33 -> 13568634 | E17: =SUM(F17:G17) -> 1699 | F17: 1285 | G17: 414 | H17: 54
C18: CAKE OD | D18: ='Sales Plan 2026 - fin v4'!AA39 -> 500000 | E18: =H17 -> 54

Sheet Chị Ngân Cake CL
E3: CASH LOAN
E5: OVERVIEW
G6: =MONTH(G7) -> 1 | H6: =MONTH(H7) -> 2 | I6: =MONTH(I7) -> 3 | J6: =MONTH(J7) -> 4 | K6: =MONTH(K7) -> 5 | L6: =MONTH(L7) -> 6 | M6: =MONTH(M7) -> 7 | N6: =MONTH(N7) -> 8 | O6: 9
E7: OVERVIEW | G7: 45658 | H7: =EDATE(G7,1) -> 45689 | I7: =EDATE(H7,1) -> 45717 | J7: =EDATE(I7,1) -> 45748 | K7: =EDATE(J7,1) -> 45778 | L7: =EDATE(K7,1) -> 45809 | M7: =EDATE(L7,1) -> 45839 | N7: =EDATE(M7,1) -> 45870 | O7: =EDATE(N7,1) -> 45901 | ... R7: =EDATE(Q7,1) -> 45992 | S7: FY25 | T7: =EDATE(R7,1) -> 46023 | U7: =EDATE(T7,1) -> 46054 | V7: =EDATE(U7,1) -> 46082 | W7: =EDATE(V7,1) -> 46113 | X7: =EDATE(W7,1) -> 46143 | Y7: =EDATE(X7,1) -> 46174 | Z7: =EDATE(Y7,1) -> 46204 | AA7: =EDATE(Z7,1) -> 46235 | AB7: =EDATE(AA7,1) -> 46266 | ... AE7: =EDATE(AD7,1) -> 46357 | AF7: FY26
E8: [CAKE] - CASHLOAN
E9: App-in | F9: # | G9: =SUM(G22,G35) -> 82211 | H9: =SUM(H22,H35) -> 68741 | I9: =SUM(I22,I35) -> 89225 | J9: =SUM(J22,J35) -> 104138 | K9: =SUM(K22,K35) -> 106864 | L9: =SUM(L22,L35) -> 118112 | M9: =SUM(M22,M35) -> 143445 | N9: =SUM(N22,N35) -> 149102 | ... R9: =SUM(R22,R35) -> 160000 | S9: =SUM(G9:R9) -> 1500786 | T9: =SUM(T22,T35) -> 160270.02 | U9: =SUM(U22,U35) -> 143025.28 | V9: =SUM(V22,V35) -> 160729.31 | W9: =SUM(W22,W35) -> 169972.38 | X9: =SUM(X22,X35) -> 170188.1 | Y9: =SUM(Y22,Y35) -> 170349.34 | Z9: =SUM(Z22,Z35) -> 180159.26 | AA9: =SUM(AA22,AA35) -> 180255.23 | ... AE9: =SUM(AE22,AE35) -> 190791.51 | AF9: =SUM(T9:AE9) -> 2087259.1
E10: %Los check | F10: % | G10: 1 | H10: 1 | I10: 0.99992155 | J10: 0.99998052 | K10: 1 | L10: 0.99998276 | M10: 1 | N10: 0.99998642 | O10: 0.99999364 | P10: 0.99999364 | Q10: 0.99999364 | R10: 0.99999364 | S10: 1 | T10: 1 | U10: 1 | V10: 1 | W10: 1 | X10: 1 | Y10: 1 | Z10: 1 | AA10: 1 | AB10: 1 | AC10: 1 | AD10: 1 | AE10: 1 | AF10: 1
E11: %Los process | F11: % | G11: 0.99474523 | H11: 0.99349733 | I11: 0.9956511 | J11: 0.99356089 | K11: 0.99546941 | L11: 0.99756112 | M11: 0.99876942 | N11: 0.99081541 | O11: 0.99805492 | P11: 0.99805492 | Q11: 0.99805492 | R11: 0.99805492 | S11: 1 | T11: 1 | U11: 1 | V11: 1 | W11: 1 | X11: 1 | Y11: 1 | Z11: 1 | AA11: 1 | AB11: 1 | AC11: 1 | AD11: 1 | AE11: 1 | AF11: 1
E12: %AR | F12: % | G12: =G13/G9 -> 0.20667551 | H12: =H13/H9 -> 0.17845245 | I12: =I13/I9 -> 0.21013169 | J12: =J13/J9 -> 0.17678465 | K12: =K13/K9 -> 0.16804537 | L12: =L13/L9 -> 0.18372392 | M12: =M13/M9 -> 0.19350274 | N12: =N13/N9 -> 0.16606752 | ... AF12: =AF13/AF9 -> 0.25795846 | AG12: =AG13/(T10*T11*T12*T14*T16*T18) -> 126869.24 | AH12: =AH13/(U10*U11*U12*U14*U16*U18) -> 110201.64 | AI12: =AI13/(V10*V11*V12*V14*V16*V18) -> 128832.03 | AJ12: =AJ13/(W10*W11*W12*W14*W16*W18) -> 139225.16 | AK12: =AK13/(X10*X11*X12*X14*X16*X18) -> 140147.79 | AL12: =AL13/(Y10*Y11*Y12*Y14*Y16*Y18) -> 141086.81 | AM12: =AM13/(Z10*Z11*Z12*Z14*Z16*Z18) -> 152208.2 | AN12: =AN13/(AA10*AA11*AA12*AA14*AA16*AA18) -> 152889.57 | ... AR12: =AR13/(AE10*AE11*AE12*AE14*AE16*AE18) -> 165587.31
E13: Approved App | F13: # | G13: =SUM(G26,G39) -> 16991 | H13: =SUM(H26,H39) -> 12267 | I13: =SUM(I26,I39) -> 18749 | J13: =SUM(J26,J39) -> 18410 | K13: =SUM(K26,K39) -> 17958 | L13: =SUM(L26,L39) -> 21700 | M13: =SUM(M26,M39) -> 27757 | N13: =SUM(N26,N39) -> 24761 | ... R13: =SUM(R26,R39) -> 29424.21 | S13: =SUM(G13:R13) -> 276092.63 | T13: =SUM(T26,T39) -> 35772.269 | U13: =SUM(U26,U39) -> 32401.728 | V13: =SUM(V26,V39) -> 37335.957 | W13: =SUM(W26,W39) -> 40867.542 | X13: =SUM(X26,X39) -> 41761.067 | Y13: =SUM(Y26,Y39) -> 42779.365 | Z13: =SUM(Z26,Z39) -> 47286.894 | AA13: =SUM(AA26,AA39) -> 48203.525 | ... AE13: =SUM(AE26,AE39) -> 54947.955 | AF13: =SUM(T13:AE13) -> 538426.15 | AG13: =T19-$AK$19 -> 540033.78 | AH13: =U19-$AK$19 -> 477334.19 | AI13: =V19-$AK$19 -> 574237.43 | AJ13: =W19-$AK$19 -> 643773.41 | AK13: =X19-$AK$19 -> 663289.31 | AL13: =Y19-$AK$19 -> 685481.49 | AM13: =Z19-$AK$19 -> 774213.71 | AN13: =AA19-$AK$19 -> 794315.65 | ... AR13: =AE19-$AK$19 -> 934061.31
E14: %Sign | F14: % | G14: =G15/G13 -> 0.81713849 | H14: =H15/H13 -> 0.84225972 | I14: =I15/I13 -> 0.84857859 | J14: =J15/J13 -> 0.85214557 | K14: =K15/K13 -> 0.86373761 | L14: =L15/L13 -> 0.85857143 | M14: =M15/M13 -> 0.87113161 | N14: =N15/N13 -> 0.86155648 | ... AF14: =AF15/AF13 -> 0.86605498
E15: Sign App | F15: # | G15: =SUM(G28,G41) -> 13884 | H15: =SUM(H28,H41) -> 10332 | I15: =SUM(I28,I41) -> 15910 | J15: =SUM(J28,J41) -> 15688 | K15: =SUM(K28,K41) -> 15511 | L15: =SUM(L28,L41) -> 18631 | M15: =SUM(M28,M41) -> 24180 | N15: =SUM(N28,N41) -> 21333 | ... R15: =SUM(R28,R41) -> 25465.624 | S15: =SUM(G15:R15) -> 237160.87 | T15: =SUM(T28,T41) -> 30990.396 | U15: =SUM(U28,U41) -> 28070.63 | V15: =SUM(V28,V41) -> 32338.928 | W15: =SUM(W28,W41) -> 35401.33 | X15: =SUM(X28,X41) -> 36170.996 | Y15: =SUM(Y28,Y41) -> 37046.412 | Z15: =SUM(Z28,Z41) -> 40956.135 | AA15: =SUM(AA28,AA41) -> 41745.556 | ... AE15: =SUM(AE28,AE41) -> 47577.893 | AF15: =SUM(T15:AE15) -> 466306.64
E16: %Disb | F16: % | G16: =G17/G15 -> 1 | H16: =H17/H15 -> 0.99970964 | I16: =I17/I15 -> 0.99993715 | J16: =J17/J15 -> 1 | K16: =K17/K15 -> 0.99993553 | L16: =L17/L15 -> 0.9997853 | M16: =M17/M15 -> 1 | N16: =N17/N15 -> 1 | ... AF16: =AF17/AF15 -> 1
E17: Disbursed app | F17: # | G17: =SUM(G30,G43) -> 13884 | H17: =SUM(H30,H43) -> 10329 | I17: =SUM(I30,I43) -> 15909 | J17: =SUM(J30,J43) -> 15688 | K17: =SUM(K30,K43) -> 15510 | L17: =SUM(L30,L43) -> 18627 | M17: =SUM(M30,M43) -> 24180 | N17: =SUM(N30,N43) -> 21333 | ... R17: =SUM(R30,R43) -> 25465.624 | S17: =SUM(G17:R17) -> 237151.87 | T17: =SUM(T30,T43) -> 30990.396 | U17: =SUM(U30,U43) -> 28070.63 | V17: =SUM(V30,V43) -> 32338.928 | W17: =SUM(W30,W43) -> 35401.33 | X17: =SUM(X30,X43) -> 36170.996 | Y17: =SUM(Y30,Y43) -> 37046.412 | Z17: =SUM(Z30,Z43) -> 40956.135 | AA17: =SUM(AA30,AA43) -> 41745.556 | ... AE17: =SUM(AE30,AE43) -> 47577.893 | AF17: =SUM(T17:AE17) -> 466306.64
E18: Ticket size | F18: Mil VND | G18: =G19/G17 -> 10.683364 | H18: =H19/H17 -> 10.80254 | I18: =I19/I17 -> 11.059734 | J18: =J19/J17 -> 14.511882 | K18: =K19/K17 -> 15.001248 | L18: =L19/L17 -> 14.699171 | M18: =M19/M17 -> 15.620147 | N18: =N19/N17 -> 15.873516 | ... AF18: =AF19/AF17 -> 22.375478
E19: Disburse amt | F19: Mil VND | G19: =SUM(G32,G45) -> 148327.83 | H19: =SUM(H32,H45) -> 111579.44 | I19: =SUM(I32,I45) -> 175949.31 | J19: =SUM(J32,J45) -> 227662.41 | K19: =SUM(K32,K45) -> 232669.35 | L19: =SUM(L32,L45) -> 273801.46 | M19: =SUM(M32,M45) -> 377695.15 | N19: =SUM(N32,N45) -> 338629.71 | ... R19: =SUM(R32,R45) -> 489522.67 | S19: =SUM(G19:R19) -> 3841077.7 | T19: =SUM(T32,T45) -> 682208.12 | U19: =SUM(U32,U45) -> 619508.53 | V19: =SUM(V32,V45) -> 716411.76 | W19: =SUM(W32,W45) -> 785947.74 | X19: =SUM(X32,X45) -> 805463.64 | Y19: =SUM(Y32,Y45) -> 827655.82 | Z19: =SUM(Z32,Z45) -> 916388.04 | AA19: =SUM(AA32,AA45) -> 936489.99 | ... AE19: =SUM(AE32,AE45) -> 1076235.6 | AF19: =SUM(T19:AE19) -> 10433834 | AG19: =AF19/12 -> 869486.17 | AI19: 8727742 | AJ19: =AF19-AI19 -> 1706092 | AK19: =AJ19/12 -> 142174.33 | AL19: =AK19/2 -> 71087.167
AK20: =AK19/4 -> 35543.584
A21: [Cake] - Cashloan | E21: [Cake] - Mass | AK21: =AK20*2 -> 71087.167
A22: [Cake] - Cashloan | E22: App-in | F22: # | G22: 82211 | H22: 68741 | I22: 89225 | J22: 102656 | K22: 105505 | L22: 116039 | M22: 141397 | N22: 147314 | O22: 157321 | P22: =P57 -> 158356.68 | Q22: =Q57 -> 158356.68 | R22: =R57 -> 158356.68 | S22: =SUM(G22:R22) -> 1485479 | T22: =SUM(T112,T125) -> 128216.02 | U22: =SUM(U112,U125) -> 114420.23 | V22: =SUM(V112,V125) -> 128583.44 | W22: =SUM(W112,W125) -> 135977.91 | X22: =SUM(X112,X125) -> 136150.48 | Y22: =SUM(Y112,Y125) -> 136279.47 | Z22: =SUM(Z112,Z125) -> 144127.41 | AA22: =SUM(AA112,AA125) -> 144204.18 | ... AF22: =SUM(AF112,AF125) -> 1669807.3
A23: [Cake] - Cashloan | E23: %Los check | F23: % | G23: 1 | H23: 1 | I23: 0.99992155 | J23: 0.99998052 | K23: 1 | L23: 0.99998276 | M23: 1 | N23: 0.99998642 | O23: 0.99999364 | P23: =O23 -> 0.99999364 | Q23: =P23 -> 0.99999364 | R23: =Q23 -> 0.99999364 | S23: 1 | T23: 1 | U23: 1 | V23: 1 | W23: 1 | X23: 1 | Y23: 1 | Z23: 1 | AA23: 1 | AB23: 1 | AC23: 1 | AD23: 1 | AE23: 1 | AF23: 1
A24: [Cake] - Cashloan | E24: %Los process | F24: % | G24: 0.99474523 | H24: 0.99349733 | I24: 0.9956511 | J24: 0.99356089 | K24: 0.99546941 | L24: 0.99756112 | M24: 0.99876942 | N24: 0.99081541 | O24: 0.99805492 | P24: =O24 -> 0.99805492 | Q24: =P24 -> 0.99805492 | R24: =Q24 -> 0.99805492 | S24: 1 | T24: 1 | U24: 1 | V24: 1 | W24: 1 | X24: 1 | Y24: 1 | Z24: 1 | AA24: 1 | AB24: 1 | AC24: 1 | AD24: 1 | AE24: 1 | AF24: 1
A25: [Cake] - Cashloan | E25: %AR | F25: % | G25: 0.20776728 | H25: 0.17962046 | I25: 0.21106608 | J25: 0.16941359 | K25: 0.16183458 | L25: 0.17673687 | M25: 0.18676136 | N25: 0.16075747 | O25: 0.17727719 | P25: =O25 -> 0.17727719 | Q25: =P25 -> 0.17727719 | R25: =Q25 -> 0.17727719 | S25: =S26/S22 -> 0.17803666 | T25: =T26/T22 -> 0.184 | U25: =U26/U22 -> 0.18545455 | V25: =V26/V22 -> 0.18690909 | W25: =W26/W22 -> 0.19436364 | X25: =X26/X22 -> 0.19581818 | Y25: =Y26/Y22 -> 0.19727273 | Z25: =Z26/Z22 -> 0.20872727 | ... AF25: =AF26/AF22 -> 0.20346415
A26: [Cake] - Cashloan | E26: Approved App | F26: # | G26: =G22*G23*G24*G25 -> 16991 | H26: =H22*H23*H24*H25 -> 12267 | I26: =I22*I23*I24*I25 -> 18749 | J26: =J22*J23*J24*J25 -> 17279 | K26: =K22*K23*K24*K25 -> 16997 | L26: =L22*L23*L24*L25 -> 20458 | M26: =M22*M23*M24*M25 -> 26375 | N26: =N22*N23*N24*N25 -> 23464 | ... R26: =R22*R23*R24*R25 -> 28018.243 | S26: =SUM(G26:R26) -> 264469.73 | T26: =SUM(T116,T129) -> 23591.747 | U26: =SUM(U116,U129) -> 21219.751 | V26: =SUM(V116,V129) -> 24033.415 | W26: =SUM(W116,W129) -> 26429.161 | X26: =SUM(X116,X129) -> 26660.74 | Y26: =SUM(Y116,Y129) -> 26884.223 | Z26: =SUM(Z116,Z129) -> 30083.322 | AA26: =SUM(AA116,AA129) -> 30309.097 | ... AE26: =SUM(AE116,AE129) -> 33579.306 | AF26: =SUM(T26:AE26) -> 339745.92
A27: [Cake] - Cashloan | E27: %Sign | F27: % | G27: 0.81713849 | H27: 0.84225972 | I27: 0.84857859 | J27: 0.85548932 | K27: 0.86644702 | L27: 0.86108124 | M27: 0.87272038 | N27: 0.86387658 | O27: 0.86603197 | P27: =O27 -> 0.86603197 | Q27: =P27 -> 0.86603197 | R27: =Q27 -> 0.86603197 | S27: =S28/S26 -> 0.85998153 | T27: =T28/T26 -> 0.87 | U27: =U28/U26 -> 0.87 | V27: =V28/V26 -> 0.87 | W27: =W28/W26 -> 0.87 | X27: =X28/X26 -> 0.87 | Y27: =Y28/Y26 -> 0.87 | Z27: =Z28/Z26 -> 0.87 | ... AF27: =AF28/AF26 -> 0.87
A28: [Cake] - Cashloan | E28: Sign App | F28: # | G28: =G26*G27 -> 13884 | H28: =H26*H27 -> 10332 | I28: =I26*I27 -> 15910 | J28: =J26*J27 -> 14782 | K28: =K26*K27 -> 14727 | L28: =L26*L27 -> 17616 | M28: =M26*M27 -> 23018 | N28: =N26*N27 -> 20270 | ... R28: =R26*R27 -> 24264.695 | S28: =SUM(G28:R28) -> 227439.08 | T28: =SUM(T118,T131) -> 20524.82 | U28: =SUM(U118,U131) -> 18461.183 | V28: =SUM(V118,V131) -> 20909.071 | W28: =SUM(W118,W131) -> 22993.37 | X28: =SUM(X118,X131) -> 23194.844 | Y28: =SUM(Y118,Y131) -> 23389.274 | Z28: =SUM(Z118,Z131) -> 26172.49 | AA28: =SUM(AA118,AA131) -> 26368.914 | ... AE28: =SUM(AE118,AE131) -> 29213.996 | AF28: =SUM(T28:AE28) -> 295578.95
A29: [Cake] - Cashloan | E29: %Disb | F29: % | G29: 1 | H29: 0.99970964 | I29: 0.99993715 | J29: 1 | K29: 0.9999321 | L29: 0.99977293 | M29: 1 | N29: 1 | O29: 1 | P29: 1 | Q29: 1 | R29: 1 | S29: 1 | T29: =T30/T28 -> 1 | U29: =U30/U28 -> 1 | V29: =V30/V28 -> 1 | W29: =W30/W28 -> 1 | X29: =X30/X28 -> 1 | Y29: =Y30/Y28 -> 1 | Z29: =Z30/Z28 -> 1 | AA29: =AA30/AA28 -> 1 | ... AF29: =AF30/AF28 -> 1
A30: [Cake] - Cashloan | E30: Disbursed app | F30: # | G30: =G22*G23*G24*G25*G27*G29 -> 13884 | H30: =H22*H23*H24*H25*H27*H29 -> 10329 | I30: =I22*I23*I24*I25*I27*I29 -> 15909 | J30: =J22*J23*J24*J25*J27*J29 -> 14782 | K30: =K22*K23*K24*K25*K27*K29 -> 14726 | L30: =L22*L23*L24*L25*L27*L29 -> 17612 | M30: =M22*M23*M24*M25*M27*M29 -> 23018 | N30: =N22*N23*N24*N25*N27*N29 -> 20270 | O30: =O22*O23*O24*O25*O27*O29 -> 24106 | P30: =P28*P29 -> 24264.695 | Q30: =Q28*Q29 -> 24264.695 | R30: =R28*R29 -> 24264.695 | S30: =SUM(G30:R30) -> 227430.08 | T30: =SUM(T120,T133) -> 20524.82 | U30: =SUM(U120,U133) -> 18461.183 | V30: =SUM(V120,V133) -> 20909.071 | W30: =SUM(W120,W133) -> 22993.37 | X30: =SUM(X120,X133) -> 23194.844 | Y30: =SUM(Y120,Y133) -> 23389.274 | Z30: =SUM(Z120,Z133) -> 26172.49 | AA30: =SUM(AA120,AA133) -> 26368.914 | ... AE30: =SUM(AE120,AE133) -> 29213.996 | AF30: =SUM(T30:AE30) -> 295578.95
A31: [Cake] - Cashloan | E31: Ticket size | F31: Mil VND | G31: 10.683364 | H31: 10.80254 | I31: 11.059734 | J31: 14.511882 | K31: 15.001248 | L31: 14.699171 | M31: 15.620147 | N31: 15.873516 | O31: =O32/O30 -> 18.643342 | P31: =O31 -> 18.643342 | Q31: =P31 -> 18.643342 | R31: =Q31 -> 18.643342 | S31: =S32/S30 -> 15.771988 | T31: =T32/T30 -> 18.869565 | U31: =U32/U30 -> 18.862745 | V31: =V32/V30 -> 18.856031 | W31: =W32/W30 -> 18.946679 | X31: =X32/X30 -> 18.939647 | Y31: =Y32/Y30 -> 18.932719 | Z31: =Z32/Z30 -> 19.073171 | ... AF31: =AF32/AF30 -> 19.004465
A32: [Cake] - Cashloan | E32: Disburse amt | F32: Mil VND | G32: 148327.83 | H32: 111579.44 | I32: 175949.31 | J32: 209320.01 | K32: 216389 | L32: 253453.26 | M32: 351386.1 | N32: 314078.11 | O32: 449416.41 | P32: =P30*P31 -> 452375.01 | Q32: =Q30*Q31 -> 452375.01 | R32: =R30*R31 -> 452375.01 | S32: =SUM(G32:R32) -> 3587024.5 | T32: =SUM(T122,T135) -> 387294.43 | U32: =SUM(U122,U135) -> 348228.6 | V32: =SUM(V122,V135) -> 394262.09 | W32: =SUM(W122,W135) -> 435648 | X32: =SUM(X122,X135) -> 439302.16 | Y32: =SUM(Y122,Y135) -> 442822.55 | Z32: =SUM(Z122,Z135) -> 499192.37 | AA32: =SUM(AA122,AA135) -> 502742.97 | ... AE32: =SUM(AE122,AE135) -> 557721.74 | AF32: =SUM(T32:AE32) -> 5617320 | AG32: =AF32/12 -> 468110
A34: [Cake] - Cashloan | E34: [Cake] - Pre-approved
A35: [Cake] - Cashloan | E35: App-in | F35: # | J35: 1482 | K35: 1359 | L35: 2073 | M35: 2048 | N35: 1788 | O35: 1627 | P35: =P58 -> 1643.324 | Q35: =Q58 -> 1643.324 | R35: =R58 -> 1643.324 | S35: =SUM(G35:R35) -> 15306.972 | T35: =SUM(T142,T155) -> 32054.004 | U35: =SUM(U142,U155) -> 28605.056 | V35: =SUM(V142,V155) -> 32145.861 | W35: =SUM(W142,W155) -> 33994.477 | X35: =SUM(X142,X155) -> 34037.621 | Y35: =SUM(Y142,Y155) -> 34069.868 | Z35: =SUM(Z142,Z155) -> 36031.853 | AA35: =SUM(AA142,AA155) -> 36051.045 | ... AE35: =SUM(AE142,AE155) -> 38158.302 | AF35: =SUM(T35:AE35) -> 417451.82
A36: [Cake] - Cashloan | E36: %Los check | F36: % | J36: 1 | K36: 1 | L36: 1 | M36: 1 | N36: 1 | O36: 1 | P36: =O36 -> 1 | Q36: =P36 -> 1 | R36: =Q36 -> 1 | S36: 1 | T36: 1 | U36: 1 | V36: 1 | W36: 1 | X36: 1 | Y36: 1 | Z36: 1 | AA36: 1 | AB36: 1 | AC36: 1 | AD36: 1 | AE36: 1 | AF36: 1
A37: [Cake] - Cashloan | E37: %Los process | F37: % | J37: 0.99325236 | K37: 0.99411332 | L37: 0.99758804 | M37: 0.99560547 | N37: 0.98545861 | O37: 0.99877074 | P37: =O37 -> 0.99877074 | Q37: =P37 -> 0.99877074 | R37: =Q37 -> 0.99877074 | S37: 1 | T37: 1 | U37: 1 | V37: 1 | W37: 1 | X37: 1 | Y37: 1 | Z37: 1 | AA37: 1 | AB37: 1 | AC37: 1 | AD37: 1 | AE37: 1 | AF37: 1
A38: [Cake] - Cashloan | E38: %AR | F38: % | J38: 0.76834239 | K38: 0.71132494 | L38: 0.60058027 | M38: 0.67778323 | N38: 0.73609535 | O38: 0.85661538 | P38: =O38 -> 0.85661538 | Q38: =P38 -> 0.85661538 | R38: =Q38 -> 0.85661538 | S38: =S39/S35 -> 0.75932056 | T38: =T39/T35 -> 0.38 | U38: =U39/U35 -> 0.39090909 | V38: =V39/V35 -> 0.41381818 | W38: =W39/W35 -> 0.42472727 | X38: =X39/X35 -> 0.44363636 | Y38: =Y39/Y35 -> 0.46654545 | Z38: =Z39/Z35 -> 0.47745455 | ... AF38: =AF39/AF35 -> 0.4759357
A39: [Cake] - Cashloan | E39: Approved App | F39: # | J39: =J35*J36*J37*J38 -> 1131 | K39: =K35*K36*K37*K38 -> 961 | L39: =L35*L36*L37*L38 -> 1242 | M39: =M35*M36*M37*M38 -> 1382 | N39: =N35*N36*N37*N38 -> 1297 | O39: =O35*O36*O37*O38 -> 1392 | P39: =P35*P36*P37*P38 -> 1405.9662 | Q39: =Q35*Q36*Q37*Q38 -> 1405.9662 | R39: =R35*R36*R37*R38 -> 1405.9662 | S39: =SUM(G39:R39) -> 11622.899 | T39: =SUM(T146,T159) -> 12180.522 | U39: =SUM(U146,U159) -> 11181.977 | V39: =SUM(V146,V159) -> 13302.542 | W39: =SUM(W146,W159) -> 14438.381 | X39: =SUM(X146,X159) -> 15100.326 | Y39: =SUM(Y146,Y159) -> 15895.142 | Z39: =SUM(Z146,Z159) -> 17203.572 | AA39: =SUM(AA146,AA159) -> 17894.428 | ... AE39: =SUM(AE146,AE159) -> 21368.649 | AF39: =SUM(T39:AE39) -> 198680.23
A40: [Cake] - Cashloan | E40: %Sign | F40: % | J40: 0.80106101 | K40: 0.81581686 | L40: 0.81723027 | M40: 0.84081042 | N40: 0.81958365 | O40: 0.85416667 | P40: =O40 -> 0.85416667 | Q40: =P40 -> 0.85416667 | R40: =Q40 -> 0.85416667 | S40: =S41/S39 -> 0.83643407 | T40: =T41/T39 -> 0.85920589 | U40: =U41/U39 -> 0.85936921 | V40: =V41/V39 -> 0.85922352 | W40: =W41/W39 -> 0.85937338 | X40: =X41/X39 -> 0.85932924 | Y40: =Y41/Y39 -> 0.85920198 | Z40: =Z41/Z39 -> 0.85933578 | ... AF40: =AF41/AF39 -> 0.85930893
A41: [Cake] - Cashloan | E41: Sign App | F41: # | J41: =J39*J40 -> 906 | K41: =K39*K40 -> 784 | L41: =L39*L40 -> 1015 | M41: =M39*M40 -> 1162 | N41: =N39*N40 -> 1063 | O41: =O39*O40 -> 1189 | P41: =P39*P40 -> 1200.9295 | Q41: =Q39*Q40 -> 1200.9295 | R41: =R39*R40 -> 1200.9295 | S41: =SUM(G41:R41) -> 9721.7884 | T41: =SUM(T148,T161) -> 10465.576 | U41: =SUM(U148,U161) -> 9609.4464 | V41: =SUM(V148,V161) -> 11429.857 | W41: =SUM(W148,W161) -> 12407.961 | X41: =SUM(X148,X161) -> 12976.152 | Y41: =SUM(Y148,Y161) -> 13657.138 | Z41: =SUM(Z148,Z161) -> 14783.645 | AA41: =SUM(AA148,AA161) -> 15376.642 | ... AE41: =SUM(AE148,AE161) -> 18363.897 | AF41: =SUM(T41:AE41) -> 170727.69
A42: [Cake] - Cashloan | E42: %Disb | F42: % | J42: 1 | K42: 1 | L42: 1 | M42: 1 | N42: 1 | O42: 1 | P42: =O42 -> 1 | Q42: =P42 -> 1 | R42: =Q42 -> 1 | S42: 1 | T42: =T43/T41 -> 1 | U42: =U43/U41 -> 1 | V42: =V43/V41 -> 1 | W42: =W43/W41 -> 1 | X42: =X43/X41 -> 1 | Y42: =Y43/Y41 -> 1 | Z42: =Z43/Z41 -> 1 | AA42: =AA43/AA41 -> 1 | ... AF42: =AF43/AF41 -> 1
A43: [Cake] - Cashloan | E43: Disbursed app | F43: # | J43: =J35*J36*J37*J38*J40*J42 -> 906 | K43: =K35*K36*K37*K38*K40*K42 -> 784 | L43: =L35*L36*L37*L38*L40*L42 -> 1015 | M43: =M35*M36*M37*M38*M40*M42 -> 1162 | N43: =N35*N36*N37*N38*N40*N42 -> 1063 | O43: =O35*O36*O37*O38*O40*O42 -> 1189 | P43: =P41*P42 -> 1200.9295 | Q43: =Q41*Q42 -> 1200.9295 | R43: =R41*R42 -> 1200.9295 | S43: =SUM(G43:R43) -> 9721.7884 | T43: =SUM(T150,T163) -> 10465.576 | U43: =SUM(U150,U163) -> 9609.4464 | V43: =SUM(V150,V163) -> 11429.857 | W43: =SUM(W150,W163) -> 12407.961 | X43: =SUM(X150,X163) -> 12976.152 | Y43: =SUM(Y150,Y163) -> 13657.138 | Z43: =SUM(Z150,Z163) -> 14783.645 | AA43: =SUM(AA150,AA163) -> 15376.642 | ... AE43: =SUM(AE150,AE163) -> 18363.897 | AF43: =SUM(T43:AE43) -> 170727.69
A44: [Cake] - Cashloan | E44: Ticket size | F44: Mil VND | J44: =J45/J43 -> 20.245475 | K44: =K45/K43 -> 20.765753 | L44: =L45/L43 -> 20.047488 | M44: =M45/M43 -> 22.641179 | N44: =N45/N43 -> 23.096519 | O44: =O45/O43 -> 30.932422 | P44: =O44 -> 30.932422 | Q44: =P44 -> 30.932422 | R44: =Q44 -> 30.932422 | S44: =S45/S43 -> 26.132355 | T44: =T45/T43 -> 28.179404 | U44: =U45/U43 -> 28.230547 | V44: =V45/V43 -> 28.184926 | W44: =W45/W43 -> 28.231854 | X44: =X45/X43 -> 28.218033 | Y44: =Y45/Y43 -> 28.178179 | Z44: =Z45/Z43 -> 28.220082 | ... AF44: =AF45/AF43 -> 28.211674
A45: [Cake] - Cashloan | E45: Disburse amt | F45: Mil VND | J45: 18342.4 | K45: 16280.35 | L45: 20348.2 | M45: 26309.05 | N45: 24551.6 | O45: 36778.65 | P45: =P43*P44 -> 37147.657 | Q45: =Q43*Q44 -> 37147.657 | R45: =R43*R44 -> 37147.657 | S45: =SUM(G45:R45) -> 254053.22 | T45: =SUM(T152,T165) -> 294913.69 | U45: =SUM(U152,U165) -> 271279.93 | V45: =SUM(V152,V165) -> 322149.67 | W45: =SUM(W152,W165) -> 350299.74 | X45: =SUM(X152,X165) -> 366161.48 | Y45: =SUM(Y152,Y165) -> 384833.27 | Z45: =SUM(Z152,Z165) -> 417195.67 | AA45: =SUM(AA152,AA165) -> 433747.02 | ... AE45: =SUM(AE152,AE165) -> 518513.9 | AF45: =SUM(T45:AE45) -> 4816514
B47: ETB | E47: **NOTE
E48: NTPRODUCT: Credit product đầu tiên KH sửa dụng là Cake CL
E49: XSELL: Credit product thứ 2+ của KH là Cake CL (KH trước đó đã dùng các sp vay trước đó trừ Cake CL)
E51: ASSUMPTION
T52: 0.0016876278 | U52: -0.10759803 | V52: 0.0028657 | W52: 0.057507113 | X52: 0.0012691486 | Y52: 0.0009473986 | Z52: 0.057587096 | AA52: 0.00053264402 | AB52: 0.00074446869 | AC52: 0.055988136 | AD52: 0.00079310126 | AE52: 0.0007938813
E53: App - allocation | G53: 45658 | H53: =EDATE(G53,1) -> 45689 | I53: =EDATE(H53,1) -> 45717 | J53: =EDATE(I53,1) -> 45748 | K53: =EDATE(J53,1) -> 45778 | L53: =EDATE(K53,1) -> 45809 | M53: =EDATE(L53,1) -> 45839 | N53: =EDATE(M53,1) -> 45870 | O53: =EDATE(N53,1) -> 45901 | ... R53: =EDATE(Q53,1) -> 45992 | S53: FY25 | T53: =EDATE(R53,1) -> 46023 | U53: =EDATE(T53,1) -> 46054 | V53: =EDATE(U53,1) -> 46082 | W53: =EDATE(V53,1) -> 46113 | X53: =EDATE(W53,1) -> 46143 | Y53: =EDATE(X53,1) -> 46174 | Z53: =EDATE(Y53,1) -> 46204 | AA53: =EDATE(Z53,1) -> 46235 | AB53: =EDATE(AA53,1) -> 46266 | ... AE53: =EDATE(AD53,1) -> 46357 | AF53: FY26
E54: Total Cake CL App | G54: =SUM(G22,G35) -> 82211 | H54: =SUM(H22,H35) -> 68741 | I54: =SUM(I22,I35) -> 89225 | J54: =SUM(J22,J35) -> 104138 | K54: =SUM(K22,K35) -> 106864 | L54: =SUM(L22,L35) -> 118112 | M54: =SUM(M22,M35) -> 143445 | N54: =SUM(N22,N35) -> 149102 | O54: =SUM(O22,O35) -> 158948 | P54: 160000 | Q54: 160000 | R54: 160000 | S54: =SUM(G54:R54) -> 1500786 | T54: =R54*(1+T52) -> 160270.02 | U54: =T54*(1+U52) -> 143025.28 | V54: =T54*(1+V52) -> 160729.31 | W54: =V54*(1+W52) -> 169972.38 | X54: =W54*(1+X52) -> 170188.1 | Y54: =X54*(1+Y52) -> 170349.34 | Z54: =Y54*(1+Z52) -> 180159.26 | AA54: =Z54*(1+AA52) -> 180255.23 | AB54: =AA54*(1+AB52) -> 180389.42 | AC54: =AB54*(1+AC52) -> 190489.09 | AD54: =AC54*(1+AD52) -> 190640.16 | AE54: =AD54*(1+AE52) -> 190791.51 | AF54: =SUM(T54:AE54) -> 2087259.1
E55: %Mass | G55: =G22/SUM(G22,G35) -> 1 | H55: =H22/SUM(H22,H35) -> 1 | I55: =I22/SUM(I22,I35) -> 1 | J55: =J22/SUM(J22,J35) -> 0.98576888 | K55: =K22/SUM(K22,K35) -> 0.9872829 | L55: =L22/SUM(L22,L35) -> 0.98244886 | M55: =M22/SUM(M22,M35) -> 0.98572275 | N55: =N22/SUM(N22,N35) -> 0.98800821 | O55: =O22/SUM(O22,O35) -> 0.98976395 | P55: 0.98972923 | Q55: 0.98972923 | R55: 0.98972923 | T55: 0.8 | U55: 0.8 | V55: 0.8 | W55: 0.8 | X55: 0.8 | Y55: 0.8 | Z55: 0.8 | AA55: 0.8 | AB55: 0.8 | AC55: 0.8 | AD55: 0.8 | AE55: 0.8
E56: %Preapprove | G56: =1-G55 -> 0 | H56: =1-H55 -> 0 | I56: =1-I55 -> 0 | J56: =1-J55 -> 0.014231116 | K56: =1-K55 -> 0.012717098 | L56: =1-L55 -> 0.017551138 | M56: =1-M55 -> 0.014277249 | N56: =1-N55 -> 0.011991791 | O56: =1-O55 -> 0.010236052 | P56: 0.010270775 | Q56: 0.010270775 | R56: 0.010270775 | T56: =1-T55 -> 0.2 | U56: =1-U55 -> 0.2 | V56: =1-V55 -> 0.2 | W56: =1-W55 -> 0.2 | X56: =1-X55 -> 0.2 | Y56: =1-Y55 -> 0.2 | Z56: =1-Z55 -> 0.2 | AA56: =1-AA55 -> 0.2 | ... AE56: =1-AE55 -> 0.2
E57: Total Mass | G57: =G54*G55 -> 82211 | H57: =H54*H55 -> 68741 | I57: =I54*I55 -> 89225 | J57: =J54*J55 -> 102656 | K57: =K54*K55 -> 105505 | L57: =L54*L55 -> 116039 | M57: =M54*M55 -> 141397 | N57: =N54*N55 -> 147314 | ... R57: =R54*R55 -> 158356.68 | S57: =SUM(G57:R57) -> 1485479 | T57: =T54*T55 -> 128216.02 | U57: =U54*U55 -> 114420.23 | V57: =V54*V55 -> 128583.44 | W57: =W54*W55 -> 135977.91 | X57: =X54*X55 -> 136150.48 | Y57: =Y54*Y55 -> 136279.47 | Z57: =Z54*Z55 -> 144127.41 | AA57: =AA54*AA55 -> 144204.18 | ... AE57: =AE54*AE55 -> 152633.21 | AF57: =SUM(T57:AE57) -> 1669807.3
E58: Total Pre-approve | G58: =G54*G56 -> 0 | H58: =H54*H56 -> 0 | I58: =I54*I56 -> 0 | J58: =J54*J56 -> 1482 | K58: =K54*K56 -> 1359 | L58: =L54*L56 -> 2073 | M58: =M54*M56 -> 2048 | N58: =N54*N56 -> 1788 | ... R58: =R54*R56 -> 1643.324 | S58: =SUM(G58:R58) -> 15306.972 | T58: =T54*T56 -> 32054.004 | U58: =U54*U56 -> 28605.056 | V58: =V54*V56 -> 32145.861 | W58: =W54*W56 -> 33994.477 | X58: =X54*X56 -> 34037.621 | Y58: =Y54*Y56 -> 34069.868 | Z58: =Z54*Z56 -> 36031.853 | AA58: =AA54*AA56 -> 36051.045 | ... AE58: =AE54*AE56 -> 38158.302 | AF58: =SUM(T58:AE58) -> 417451.82
E62: Total Cake CL App | T62: =T54 -> 160270.02 | U62: =U54 -> 143025.28 | V62: =V54 -> 160729.31 | W62: =W54 -> 169972.38 | X62: =X54 -> 170188.1 | Y62: =Y54 -> 170349.34 | Z62: =Z54 -> 180159.26 | AA62: =AA54 -> 180255.23 | ... AE62: =AE54 -> 190791.51 | AF62: =SUM(T62:AE62) -> 2087259.1
B63: hiện tại %NTP của full Cake CL khoảng 70% | E63: %NTP | T63: =SUM(T69,T75)/T$62 -> 0.72 | U63: =SUM(U69,U75)/U$62 -> 0.72 | V63: =SUM(V69,V75)/V$62 -> 0.72 | W63: =SUM(W69,W75)/W$62 -> 0.72 | X63: =SUM(X69,X75)/X$62 -> 0.72 | Y63: =SUM(Y69,Y75)/Y$62 -> 0.72 | Z63: =SUM(Z69,Z75)/Z$62 -> 0.72 | AA63: =SUM(AA69,AA75)/AA$62 -> 0.72 | ... AE63: =SUM(AE69,AE75)/AE$62 -> 0.72
E64: %Xsell | T64: =SUM(T70,T76)/T$62 -> 0.28 | U64: =SUM(U70,U76)/U$62 -> 0.28 | V64: =SUM(V70,V76)/V$62 -> 0.28 | W64: =SUM(W70,W76)/W$62 -> 0.28 | X64: =SUM(X70,X76)/X$62 -> 0.28 | Y64: =SUM(Y70,Y76)/Y$62 -> 0.28 | Z64: =SUM(Z70,Z76)/Z$62 -> 0.28 | AA64: =SUM(AA70,AA76)/AA$62 -> 0.28 | ... AE64: =SUM(AE70,AE76)/AE$62 -> 0.28
E66: Total Mass | T66: =T57 -> 128216.02 | U66: =U57 -> 114420.23 | V66: =V57 -> 128583.44 | W66: =W57 -> 135977.91 | X66: =X57 -> 136150.48 | Y66: =Y57 -> 136279.47 | Z66: =Z57 -> 144127.41 | AA66: =AA57 -> 144204.18 | ... AE66: =AE57 -> 152633.21 | AF66: =SUM(T66:AE66) -> 1669807.3
B67: hiện tại %NTP của nhóm Mass khoảng 70% | E67: %NTP | T67: 0.8 | U67: 0.8 | V67: 0.8 | W67: 0.8 | X67: 0.8 | Y67: 0.8 | Z67: 0.8 | AA67: 0.8 | AB67: 0.8 | AC67: 0.8 | AD67: 0.8 | AE67: 0.8
E68: %Xsell | T68: =1-T67 -> 0.2 | U68: =1-U67 -> 0.2 | V68: =1-V67 -> 0.2 | W68: =1-W67 -> 0.2 | X68: =1-X67 -> 0.2 | Y68: =1-Y67 -> 0.2 | Z68: =1-Z67 -> 0.2 | AA68: =1-AA67 -> 0.2 | ... AE68: =1-AE67 -> 0.2
E69: Total NTP | T69: =T$66*T67 -> 102572.81 | U69: =U$66*U67 -> 91536.181 | V69: =V$66*V67 -> 102866.76 | W69: =W$66*W67 -> 108782.33 | X69: =X$66*X67 -> 108920.39 | Y69: =Y$66*Y67 -> 109023.58 | Z69: =Z$66*Z67 -> 115301.93 | AA69: =AA$66*AA67 -> 115363.34 | ... AE69: =AE$66*AE67 -> 122106.57 | AF69: =SUM(T69:AE69) -> 1335845.8
E70: Total Xsell | T70: =T$66*T68 -> 25643.203 | U70: =U$66*U68 -> 22884.045 | V70: =V$66*V68 -> 25716.689 | W70: =W$66*W68 -> 27195.582 | X70: =X$66*X68 -> 27230.097 | Y70: =Y$66*Y68 -> 27255.895 | Z70: =Z$66*Z68 -> 28825.482 | AA70: =AA$66*AA68 -> 28840.836 | ... AE70: =AE$66*AE68 -> 30526.642 | AF70: =SUM(T70:AE70) -> 333961.46
E72: Total Preapprove | T72: =T58 -> 32054.004 | U72: =U58 -> 28605.056 | V72: =V58 -> 32145.861 | W72: =W58 -> 33994.477 | X72: =X58 -> 34037.621 | Y72: =Y58 -> 34069.868 | Z72: =Z58 -> 36031.853 | AA72: =AA58 -> 36051.045 | ... AE72: =AE58 -> 38158.302 | AF72: =SUM(T72:AE72) -> 417451.82
B73: hiện tại %NTP của nhóm preapprove khoảng 70% | E73: %NTP | T73: 0.4 | U73: 0.4 | V73: 0.4 | W73: 0.4 | X73: 0.4 | Y73: 0.4 | Z73: 0.4 | AA73: 0.4 | AB73: 0.4 | AC73: 0.4 | AD73: 0.4 | AE73: 0.4
E74: %Xsell | T74: =1-T73 -> 0.6 | U74: =1-U73 -> 0.6 | V74: =1-V73 -> 0.6 | W74: =1-W73 -> 0.6 | X74: =1-X73 -> 0.6 | Y74: =1-Y73 -> 0.6 | Z74: =1-Z73 -> 0.6 | AA74: =1-AA73 -> 0.6 | ... AE74: =1-AE73 -> 0.6
E75: Total NTP | T75: =T$72*T73 -> 12821.602 | U75: =U$72*U73 -> 11442.023 | V75: =V$72*V73 -> 12858.344 | W75: =W$72*W73 -> 13597.791 | X75: =X$72*X73 -> 13615.048 | Y75: =Y$72*Y73 -> 13627.947 | Z75: =Z$72*Z73 -> 14412.741 | AA75: =AA$72*AA73 -> 14420.418 | ... AE75: =AE$72*AE73 -> 15263.321 | AF75: =SUM(T75:AE75) -> 166980.73
E76: Total Xsell | T76: =T$72*T74 -> 19232.402 | U76: =U$72*U74 -> 17163.034 | V76: =V$72*V74 -> 19287.517 | W76: =W$72*W74 -> 20396.686 | X76: =X$72*X74 -> 20422.573 | Y76: =Y$72*Y74 -> 20441.921 | Z76: =Z$72*Z74 -> 21619.112 | AA76: =AA$72*AA74 -> 21630.627 | ... AE76: =AE$72*AE74 -> 22894.981 | AF76: =SUM(T76:AE76) -> 250471.09
E81: Disbursed amt - allocation | G81: 45658 | H81: =EDATE(G81,1) -> 45689 | I81: =EDATE(H81,1) -> 45717 | J81: =EDATE(I81,1) -> 45748 | K81: =EDATE(J81,1) -> 45778 | L81: =EDATE(K81,1) -> 45809 | M81: =EDATE(L81,1) -> 45839 | N81: =EDATE(M81,1) -> 45870 | O81: =EDATE(N81,1) -> 45901 | ... R81: =EDATE(Q81,1) -> 45992 | S81: FY25 | T81: =EDATE(R81,1) -> 46023 | U81: =EDATE(T81,1) -> 46054 | V81: =EDATE(U81,1) -> 46082 | W81: =EDATE(V81,1) -> 46113 | X81: =EDATE(W81,1) -> 46143 | Y81: =EDATE(X81,1) -> 46174 | Z81: =EDATE(Y81,1) -> 46204 | AA81: =EDATE(Z81,1) -> 46235 | AB81: =EDATE(AA81,1) -> 46266 | ... AE81: =EDATE(AD81,1) -> 46357 | AF81: FY26
E82: Total Cake CL App | G82: =SUM(G32,G45) -> 148327.83 | H82: =SUM(H32,H45) -> 111579.44 | I82: =SUM(I32,I45) -> 175949.31 | J82: =SUM(J32,J45) -> 227662.41 | K82: =SUM(K32,K45) -> 232669.35 | L82: =SUM(L32,L45) -> 273801.46 | M82: =SUM(M32,M45) -> 377695.15 | N82: =SUM(N32,N45) -> 338629.71 | ... R82: =SUM(R32,R45) -> 489522.67 | S82: =SUM(G82:R82) -> 3841077.7 | T82: =SUM(T32,T45) -> 682208.12 | U82: =SUM(U32,U45) -> 619508.53 | V82: =SUM(V32,V45) -> 716411.76 | W82: =SUM(W32,W45) -> 785947.74 | X82: =SUM(X32,X45) -> 805463.64 | Y82: =SUM(Y32,Y45) -> 827655.82 | Z82: =SUM(Z32,Z45) -> 916388.04 | AA82: =SUM(AA32,AA45) -> 936489.99 | ... AE82: =SUM(AE32,AE45) -> 1076235.6 | AF82: =SUM(T82:AE82) -> 10433834
E83: %Mass | G83: =G32/SUM(G32,G45) -> 1 | H83: =H32/SUM(H32,H45) -> 1 | I83: =I32/SUM(I32,I45) -> 1 | J83: =J32/SUM(J32,J45) -> 0.91943158 | K83: =K32/SUM(K32,K45) -> 0.93002796 | L83: =L32/SUM(L32,L45) -> 0.92568265 | M83: =M32/SUM(M32,M45) -> 0.93034316 | N83: =N32/SUM(N32,N45) -> 0.92749721 | ... AF83: =AF32/SUM(AF32,AF45) -> 0.53837544
E84: %Preapprove | G84: =1-G83 -> 0 | H84: =1-H83 -> 0 | I84: =1-I83 -> 0 | J84: =1-J83 -> 0.080568417 | K84: =1-K83 -> 0.069972044 | L84: =1-L83 -> 0.074317354 | M84: =1-M83 -> 0.069656838 | N84: =1-N83 -> 0.072502794 | ... AF84: =1-AF83 -> 0.46162456
E85: Total Mass | G85: =G82*G83 -> 148327.83 | H85: =H82*H83 -> 111579.44 | I85: =I82*I83 -> 175949.31 | J85: =J82*J83 -> 209320.01 | K85: =K82*K83 -> 216389 | L85: =L82*L83 -> 253453.26 | M85: =M82*M83 -> 351386.1 | N85: =N82*N83 -> 314078.11 | ... R85: =R82*R83 -> 452375.01 | S85: =SUM(G85:R85) -> 3587024.5 | T85: =T82*T83 -> 387294.43 | U85: =U82*U83 -> 348228.6 | V85: =V82*V83 -> 394262.09 | W85: =W82*W83 -> 435648 | X85: =X82*X83 -> 439302.16 | Y85: =Y82*Y83 -> 442822.55 | Z85: =Z82*Z83 -> 499192.37 | AA85: =AA82*AA83 -> 502742.97 | ... AE85: =AE82*AE83 -> 557721.74 | AF85: =SUM(T85:AE85) -> 5617320
E86: Total Pre-approve | G86: =G82*G84 -> 0 | H86: =H82*H84 -> 0 | I86: =I82*I84 -> 0 | J86: =J82*J84 -> 18342.4 | K86: =K82*K84 -> 16280.35 | L86: =L82*L84 -> 20348.2 | M86: =M82*M84 -> 26309.05 | N86: =N82*N84 -> 24551.6 | ... R86: =R82*R84 -> 37147.657 | S86: =SUM(G86:R86) -> 254053.22 | T86: =T82*T84 -> 294913.69 | U86: =U82*U84 -> 271279.93 | V86: =V82*V84 -> 322149.67 | W86: =W82*W84 -> 350299.74 | X86: =X82*X84 -> 366161.48 | Y86: =Y82*Y84 -> 384833.27 | Z86: =Z82*Z84 -> 417195.67 | AA86: =AA82*AA84 -> 433747.02 | ... AE86: =AE82*AE84 -> 518513.9 | AF86: =SUM(T86:AE86) -> 4816514
E90: Total Cake CL App | T90: =T82 -> 682208.12 | U90: =U82 -> 619508.53 | V90: =V82 -> 716411.76 | W90: =W82 -> 785947.74 | X90: =X82 -> 805463.64 | Y90: =Y82 -> 827655.82 | Z90: =Z82 -> 916388.04 | AA90: =AA82 -> 936489.99 | ... AE90: =AE82 -> 1076235.6 | AF90: =SUM(T90:AE90) -> 10433834
E91: %NTP | T91: =SUM(T97,T103)/T$90 -> 0.5634647 | U91: =SUM(U97,U103)/U$90 -> 0.55793545 | V91: =SUM(V97,V103)/V$90 -> 0.5577083 | W91: =SUM(W97,W103)/W$90 -> 0.54154111 | X91: =SUM(X97,X103)/X$90 -> 0.54011776 | Y91: =SUM(Y97,Y103)/Y$90 -> 0.54037069 | Z91: =SUM(Z97,Z103)/Z$90 -> 0.5197353 | AA91: =SUM(AA97,AA103)/AA$90 -> 0.51889538 | ... AF91: =SUM(AF97,AF103)/AF$90 -> 0.52818169
E92: %Xsell | T92: =SUM(T98,T104)/T$90 -> 0.4365353 | U92: =SUM(U98,U104)/U$90 -> 0.44206455 | V92: =SUM(V98,V104)/V$90 -> 0.4422917 | W92: =SUM(W98,W104)/W$90 -> 0.45845889 | X92: =SUM(X98,X104)/X$90 -> 0.45988224 | Y92: =SUM(Y98,Y104)/Y$90 -> 0.45962931 | Z92: =SUM(Z98,Z104)/Z$90 -> 0.4802647 | AA92: =SUM(AA98,AA104)/AA$90 -> 0.48110462 | ... AF92: =SUM(AF98,AF104)/AF$90 -> 0.47181831
E94: Total Mass | T94: =T85 -> 387294.43 | U94: =U85 -> 348228.6 | V94: =V85 -> 394262.09 | W94: =W85 -> 435648 | X94: =X85 -> 439302.16 | Y94: =Y85 -> 442822.55 | Z94: =Z85 -> 499192.37 | AA94: =AA85 -> 502742.97 | ... AE94: =AE85 -> 557721.74 | AF94: =SUM(T94:AE94) -> 5617320
E95: %NTP | T95: =T97/T$94 -> 0.74654378 | U95: =U97/U$94 -> 0.74844075 | V95: =V97/V$94 -> 0.75030953 | W95: =W97/W$94 -> 0.72519009 | X95: =X97/X$94 -> 0.72713011 | Y95: =Y97/Y$94 -> 0.72904294 | Z95: =Z97/Z$94 -> 0.69053708 | AA95: =AA97/AA$94 -> 0.69255898 | ... AF95: =AF97/AF$94 -> 0.709302
E96: %Xsell | T96: =T98/T$94 -> 0.25345622 | U96: =U98/U$94 -> 0.25155925 | V96: =V98/V$94 -> 0.24969047 | W96: =W98/W$94 -> 0.27480991 | X96: =X98/X$94 -> 0.27286989 | Y96: =Y98/Y$94 -> 0.27095706 | Z96: =Z98/Z$94 -> 0.30946292 | AA96: =AA98/AA$94 -> 0.30744102 | ... AF96: =AF98/AF$94 -> 0.290698
E97: Total NTP | T97: =T122 -> 289132.25 | U97: =U122 -> 260628.47 | V97: =V122 -> 295818.61 | W97: =W122 -> 315927.61 | X97: =X122 -> 319429.83 | Y97: =Y122 -> 322836.66 | Z97: =Z122 -> 344710.84 | AA97: =AA122 -> 348179.16 | ... AE97: =AE122 -> 382437.77 | AF97: =SUM(T97:AE97) -> 3984376.3
E98: Total Xsell | T98: =T135 -> 98162.182 | U98: =U135 -> 87600.125 | V98: =V135 -> 98443.485 | W98: =W135 -> 119720.39 | X98: =X135 -> 119872.33 | Y98: =Y135 -> 119985.9 | Z98: =Z135 -> 154481.52 | AA98: =AA135 -> 154563.81 | ... AE98: =AE135 -> 175283.98 | AF98: =SUM(T98:AE98) -> 1632943.7
E100: Total Preapprove | T100: =T86 -> 294913.69 | U100: =U86 -> 271279.93 | V100: =V86 -> 322149.67 | W100: =W86 -> 350299.74 | X100: =X86 -> 366161.48 | Y100: =Y86 -> 384833.27 | Z100: =Z86 -> 417195.67 | AA100: =AA86 -> 433747.02 | ... AE100: =AE86 -> 518513.9 | AF100: =SUM(T100:AE100) -> 4816514
E101: %NTP | T101: =T103/T$100 -> 0.3230367 | U101: =U103/U$100 -> 0.31339326 | V101: =V103/V$100 -> 0.32199374 | W101: =W103/W$100 -> 0.31314725 | X101: =X103/X$100 -> 0.31574973 | Y101: =Y103/Y$100 -> 0.32326803 | Z101: =Z103/Z$100 -> 0.31536371 | AA101: =AA103/AA$100 -> 0.31760719 | ... AF101: =AF103/AF$100 -> 0.31694785
E102: %Xsell | T102: =T104/T$100 -> 0.6769633 | U102: =U104/U$100 -> 0.68660674 | V102: =V104/V$100 -> 0.67800626 | W102: =W104/W$100 -> 0.68685275 | X102: =X104/X$100 -> 0.68425027 | Y102: =Y104/Y$100 -> 0.67673197 | Z102: =Z104/Z$100 -> 0.68463629 | AA102: =AA104/AA$100 -> 0.68239281 | ... AF102: =AF104/AF$100 -> 0.68305215
E103: Total NTP | T103: =T152 -> 95267.944 | U103: =U152 -> 85017.301 | V103: =V152 -> 103730.18 | W103: =W152 -> 109695.4 | X103: =X152 -> 115615.39 | Y103: =Y152 -> 124404.29 | Z103: =Z152 -> 131568.38 | AA103: =AA152 -> 137761.17 | ... AE103: =AE152 -> 162015.1 | AF103: =SUM(T103:AE103) -> 1526583.8
E104: Total Xsell | T104: =T165 -> 199645.74 | U104: =U165 -> 186262.63 | V104: =V165 -> 218419.49 | W104: =W165 -> 240604.34 | X104: =X165 -> 250546.09 | Y104: =Y165 -> 260428.98 | Z104: =Z165 -> 285627.3 | AA104: =AA165 -> 295985.85 | ... AE104: =AE165 -> 356498.8 | AF104: =SUM(T104:AE104) -> 3289930.3
E108: DETAIL
E110: MASS | T110: =T$7 -> 46023 | U110: =U$7 -> 46054 | V110: =V$7 -> 46082 | W110: =W$7 -> 46113 | X110: =X$7 -> 46143 | Y110: =Y$7 -> 46174 | Z110: =Z$7 -> 46204 | AA110: =AA$7 -> 46235 | ... AF110: =AF$7 -> FY26
A111: [Cake] - Cashloan | E111: [Cake] - NTP
A112: [Cake] - Cashloan | E112: App-in | F112: # | G112: 74207 | H112: 60313 | I112: 77093 | J112: 84945 | K112: 87451 | L112: 95171 | M112: 115323 | N112: 119690 | O112: 128936 | T112: =T69 -> 102572.81 | U112: =U69 -> 91536.181 | V112: =V69 -> 102866.76 | W112: =W69 -> 108782.33 | X112: =X69 -> 108920.39 | Y112: =Y69 -> 109023.58 | Z112: =Z69 -> 115301.93 | AA112: =AA69 -> 115363.34 | ... AE112: =AE69 -> 122106.57 | AF112: =SUM(T112:AE112) -> 1335845.8
A113: [Cake] - Cashloan | E113: %Los check | F113: % | G113: 1 | H113: 1 | I113: 0.99993514 | J113: 0.99997646 | K113: 1 | L113: 1 | M113: 1 | N113: 0.99999165 | O113: 0.99999224 | T113: 1 | U113: 1 | V113: 1 | W113: 1 | X113: 1 | Y113: 1 | Z113: 1 | AA113: 1 | AB113: 1 | AC113: 1 | AD113: 1 | AE113: 1 | AF113: 1
A114: [Cake] - Cashloan | E114: %Los process | F114: % | G114: 0.99517566 | H114: 0.99360005 | I114: 0.99523921 | J114: 0.9933838 | K114: 0.99524305 | L114: 0.99742569 | M114: 0.99869063 | N114: 0.99060899 | O114: 0.9979447 | T114: 1 | U114: 1 | V114: 1 | W114: 1 | X114: 1 | Y114: 1 | Z114: 1 | AA114: 1 | AB114: 1 | AC114: 1 | AD114: 1 | AE114: 1 | AF114: 1
A115: [Cake] - Cashloan | E115: %AR | F115: % | G115: 0.1851887 | H115: 0.15719125 | I115: 0.18396528 | J115: 0.14632441 | K115: 0.14203481 | L115: 0.15299286 | M115: 0.1619925 | N115: 0.13811833 | O115: 0.14425274 | T115: 0.18 | U115: 0.18181818 | V115: 0.18363636 | W115: 0.18545455 | X115: 0.18727273 | Y115: 0.18909091 | Z115: 0.19090909 | AA115: 0.19272727 | AB115: 0.19454545 | AC115: 0.19636364 | AD115: 0.19818182 | AE115: 0.2 | AF115: =AF116/AF112 -> 0.19046372
A116: [Cake] - Cashloan | E116: Approved App | F116: # | G116: =G112*G113*G114*G115 -> 13676 | H116: =H112*H113*H114*H115 -> 9420 | I116: =I112*I113*I114*I115 -> 14114 | J116: =J112*J113*J114*J115 -> 12347 | K116: =K112*K113*K114*K115 -> 12362 | L116: =L112*L113*L114*L115 -> 14523 | M116: =M112*M113*M114*M115 -> 18657 | N116: =N112*N113*N114*N115 -> 16376 | O116: =O112*O113*O114*O115 -> 18561 | T116: =T112*T113*T114*T115 -> 18463.106 | U116: =U112*U113*U114*U115 -> 16642.942 | V116: =V112*V113*V114*V115 -> 18890.077 | W116: =W112*W113*W114*W115 -> 20174.177 | X116: =X112*X113*X114*X115 -> 20397.818 | Y116: =Y112*Y113*Y114*Y115 -> 20615.368 | Z116: =Z112*Z113*Z114*Z115 -> 22012.187 | AA116: =AA112*AA113*AA114*AA115 -> 22233.663 | ... AE116: =AE112*AE113*AE114*AE115 -> 24421.313 | AF116: =SUM(T116:AE116) -> 254430.16
A117: [Cake] - Cashloan | E117: %Sign | F117: % | G117: 0.83152969 | H117: 0.84936306 | I117: 0.85772991 | J117: 0.87000891 | K117: 0.87259343 | L117: 0.87302899 | M117: 0.87672187 | N117: 0.85417684 | O117: 0.87479123 | T117: 0.87 | U117: 0.87 | V117: 0.87 | W117: 0.87 | X117: 0.87 | Y117: 0.87 | Z117: 0.87 | AA117: 0.87 | AB117: 0.87 | AC117: 0.87 | AD117: 0.87 | AE117: 0.87 | AF117: =AF118/AF116 -> 0.87
A118: [Cake] - Cashloan | E118: Sign App | F118: # | G118: =G116*G117 -> 11372 | H118: =H116*H117 -> 8001 | I118: =I116*I117 -> 12106 | J118: =J116*J117 -> 10742 | K118: =K116*K117 -> 10787 | L118: =L116*L117 -> 12679 | M118: =M116*M117 -> 16357 | N118: =N116*N117 -> 13988 | O118: =O116*O117 -> 16237 | T118: =T116*T117 -> 16062.903 | U118: =U116*U117 -> 14479.36 | V118: =V116*V117 -> 16434.367 | W118: =W116*W117 -> 17551.534 | X118: =X116*X117 -> 17746.102 | Y118: =Y116*Y117 -> 17935.37 | Z118: =Z116*Z117 -> 19150.602 | AA118: =AA116*AA117 -> 19343.287 | ... AE118: =AE116*AE117 -> 21246.543 | AF118: =SUM(T118:AE118) -> 221354.24
A119: [Cake] - Cashloan | E119: %Disb | F119: % | G119: 1 | H119: 0.99962505 | I119: 1 | J119: 1 | K119: 0.9999073 | L119: 0.99968452 | M119: 1 | N119: 1 | O119: 1 | T119: 1 | U119: 1 | V119: 1 | W119: 1 | X119: 1 | Y119: 1 | Z119: 1 | AA119: 1 | AB119: 1 | AC119: 1 | AD119: 1 | AE119: 1 | AF119: 1
A120: [Cake] - Cashloan | E120: Disbursed app | F120: % | G120: =G118*G119 -> 11372 | H120: =H118*H119 -> 7998 | I120: =I118*I119 -> 12106 | J120: =J118*J119 -> 10742 | K120: =K118*K119 -> 10786 | L120: =L118*L119 -> 12675 | M120: =M118*M119 -> 16357 | N120: =N118*N119 -> 13988 | O120: =O118*O119 -> 16237 | T120: =T118*T119 -> 16062.903 | U120: =U118*U119 -> 14479.36 | V120: =V118*V119 -> 16434.367 | W120: =W118*W119 -> 17551.534 | X120: =X118*X119 -> 17746.102 | Y120: =Y118*Y119 -> 17935.37 | Z120: =Z118*Z119 -> 19150.602 | AA120: =AA118*AA119 -> 19343.287 | ... AE120: =AE118*AE119 -> 21246.543 | AF120: =SUM(T120:AE120) -> 221354.24
A121: [Cake] - Cashloan | E121: Ticket size | F121: # | G121: =G122/G120 -> 10.704055 | H121: =H122/H120 -> 10.837977 | I121: =I122/I120 -> 11.061376 | J121: =J122/J120 -> 14.174525 | K121: =K122/K120 -> 14.812627 | L121: =L122/L120 -> 14.381916 | M121: =M122/M120 -> 14.928591 | N121: =N122/N120 -> 14.749376 | O121: 18.654428 | T121: 18 | U121: 18 | V121: 18 | W121: 18 | X121: 18 | Y121: 18 | Z121: 18 | AA121: 18 | AB121: 18 | AC121: 18 | AD121: 18 | AE121: 18 | AF121: =AF122/AF120 -> 18
A122: [Cake] - Cashloan | E122: Disburse amt | F122: Mil VND | G122: 121726.51 | H122: 86682.14 | I122: 133909.02 | J122: 152262.75 | K122: 159769 | L122: 182290.79 | M122: 244186.97 | N122: 206314.27 | O122: 294105.46 | T122: =T120*T121 -> 289132.25 | U122: =U120*U121 -> 260628.47 | V122: =V120*V121 -> 295818.61 | W122: =W120*W121 -> 315927.61 | X122: =X120*X121 -> 319429.83 | Y122: =Y120*Y121 -> 322836.66 | Z122: =Z120*Z121 -> 344710.84 | AA122: =AA120*AA121 -> 348179.16 | ... AE122: =AE120*AE121 -> 382437.77 | AF122: =SUM(T122:AE122) -> 3984376.3
A124: [Cake] - Cashloan | E124: [Cake] - Xsell
A125: [Cake] - Cashloan | E125: App-in | F125: # | T125: =T70 -> 25643.203 | U125: =U70 -> 22884.045 | V125: =V70 -> 25716.689 | W125: =W70 -> 27195.582 | X125: =X70 -> 27230.097 | Y125: =Y70 -> 27255.895 | Z125: =Z70 -> 28825.482 | AA125: =AA70 -> 28840.836 | ... AE125: =AE70 -> 30526.642 | AF125: =SUM(T125:AE125) -> 333961.46
...

Sheet Chị Ngân (Cake Payday)
E3: CASH LOAN
E5: OVERVIEW
G6: =MONTH(G7) -> 1 | H6: =MONTH(H7) -> 2 | I6: =MONTH(I7) -> 3 | J6: =MONTH(J7) -> 4 | K6: =MONTH(K7) -> 5 | L6: =MONTH(L7) -> 6 | M6: =MONTH(M7) -> 7 | N6: =MONTH(N7) -> 8 | O6: 9
E7: OVERVIEW | G7: 45658 | H7: =EDATE(G7,1) -> 45689 | I7: =EDATE(H7,1) -> 45717 | J7: =EDATE(I7,1) -> 45748 | K7: =EDATE(J7,1) -> 45778 | L7: =EDATE(K7,1) -> 45809 | M7: =EDATE(L7,1) -> 45839 | N7: =EDATE(M7,1) -> 45870 | O7: =EDATE(N7,1) -> 45901 | ... R7: =EDATE(Q7,1) -> 45992 | S7: FY25 | T7: =EDATE(R7,1) -> 46023 | U7: =EDATE(T7,1) -> 46054 | V7: =EDATE(U7,1) -> 46082 | W7: =EDATE(V7,1) -> 46113 | X7: =EDATE(W7,1) -> 46143 | Y7: =EDATE(X7,1) -> 46174 | Z7: =EDATE(Y7,1) -> 46204 | AA7: =EDATE(Z7,1) -> 46235 | AB7: =EDATE(AA7,1) -> 46266 | ... AE7: =EDATE(AD7,1) -> 46357 | AF7: FY26
E8: [CAKE] - Payday
E9: App-in | F9: # | M9: 57914 | N9: 161694 | O9: 165859 | P9: =P54 -> 180000 | Q9: =Q54 -> 200000 | R9: =R54 -> 230000 | S9: =SUM(G9:R9) -> 995467 | T9: =SUM(T22,T35) -> 244169.65 | U9: =SUM(U22,U35) -> 225521.72 | V9: =SUM(V22,V35) -> 243106.43 | W9: =SUM(W22,W35) -> 251644.06 | X9: =SUM(X22,X35) -> 251134.38 | Y9: =SUM(Y22,Y35) -> 250633.09 | Z9: =SUM(Z22,Z35) -> 259648.67 | AA9: =SUM(AA22,AA35) -> 259163.53 | ... AE9: =SUM(AE22,AE35) -> 267283.14 | AF9: =SUM(T9:AE9) -> 3046929.6
E10: %Los check | F10: % | M10: 1 | N10: 1 | O10: 1 | P10: 0.99999364 | Q10: 0.99999364 | R10: 0.99999364 | S10: 1 | T10: 1 | U10: 1 | V10: 1 | W10: 1 | X10: 1 | Y10: 1 | Z10: 1 | AA10: 1 | AB10: 1 | AC10: 1 | AD10: 1 | AE10: 1 | AF10: 1
B11: Mass | E11: %Los process | F11: % | M11: 1 | N11: 1 | O11: 0.9979983 | P11: 0.99805492 | Q11: 0.99805492 | R11: 0.99805492 | S11: 1 | T11: 1 | U11: 1 | V11: 1 | W11: 1 | X11: 1 | Y11: 1 | Z11: 1 | AA11: 1 | AB11: 1 | AC11: 1 | AD11: 1 | AE11: 1 | AF11: 1
B12: ETB | E12: %AR | F12: % | M12: 0.40202714 | N12: 0.33494749 | O12: 0.49715152 | P12: =O12 -> 0.49715152 | Q12: =P12 -> 0.49715152 | R12: =Q12 -> 0.49715152 | S12: =S13/S9 -> 0.46451026 | T12: =T13/T9 -> 0.534 | U12: =U13/U9 -> 0.53854545 | V12: =V13/V9 -> 0.54309091 | W12: =W13/W9 -> 0.54763636 | X12: =X13/X9 -> 0.55218182 | Y12: =Y13/Y9 -> 0.55672727 | Z12: =Z13/Z9 -> 0.56127273 | ... AF12: =AF13/AF9 -> 0.55965503 | AG12: =AG13/(T10*T11*T12*T14*T16*T18) -> 225455.97 | AH12: =AH13/(U10*U11*U12*U14*U16*U18) -> 206963.08 | AI12: =AI13/(V10*V11*V12*V14*V16*V18) -> 224700.28 | AJ12: =AJ13/(W10*W11*W12*W14*W16*W18) -> 233387.91 | AK12: =AK13/(X10*X11*X12*X14*X16*X18) -> 233025.81 | AL12: =AL13/(Y10*Y11*Y12*Y14*Y16*Y18) -> 232669.73 | AM12: =AM13/(Z10*Z11*Z12*Z14*Z16*Z18) -> 241828.21 | AN12: =AN13/(AA10*AA11*AA12*AA14*AA16*AA18) -> 241483.71 | ... AR12: =AR13/(AE10*AE11*AE12*AE14*AE16*AE18) -> 250144.38
E13: Approved App | F13: # | M13: =M9*M10*M11*M12 -> 23283 | N13: =N9*N10*N11*N12 -> 54159 | O13: =O9*O10*O11*O12 -> 82292 | P13: =P9*P10*P11*P12 -> 89312.646 | Q13: =Q9*Q10*Q11*Q12 -> 99236.274 | R13: =R9*R10*R11*R12 -> 114121.71 | S13: =SUM(G13:R13) -> 462404.63 | T13: =SUM(T26,T39) -> 130386.59 | U13: =SUM(U26,U39) -> 121453.7 | V13: =SUM(V26,V39) -> 132028.89 | W13: =SUM(W26,W39) -> 137809.44 | X13: =SUM(X26,X39) -> 138671.84 | Y13: =SUM(Y26,Y39) -> 139534.28 | Z13: =SUM(Z26,Z39) -> 145733.72 | AA13: =SUM(AA26,AA39) -> 146639.44 | ... AE13: =SUM(AE26,AE39) -> 156093.35 | AF13: =SUM(T13:AE13) -> 1705229.5 | AG13: =T19+$AI$19 -> 390818.67 | AH13: =U19+$AI$19 -> 361759.02 | AI13: =V19+$AI$19 -> 396016.47 | AJ13: =W19+$AI$19 -> 414707.42 | AK13: =X19+$AI$19 -> 417438.44 | AL13: =Y19+$AI$19 -> 420169.84 | AM13: =Z19+$AI$19 -> 440210.72 | AN13: =AA19+$AI$19 -> 443080.54 | ... AR13: =AE19+$AI$19 -> 473460.7
E14: %Sign | F14: % | M14: 0.95047889 | N14: 0.93347366 | O14: 0.93700481 | P14: =O14 -> 0.93700481 | Q14: =P14 -> 0.93700481 | R14: =Q14 -> 0.93700481 | S14: =S15/S13 -> 0.93726967 | T14: =T15/T13 -> 0.93700481 | U14: =U15/U13 -> 0.93700481 | V14: =V15/V13 -> 0.93700481 | W14: =W15/W13 -> 0.93700481 | X14: =X15/X13 -> 0.93700481 | Y14: =Y15/Y13 -> 0.93700481 | Z14: =Z15/Z13 -> 0.93700481 | ... AF14: =AF15/AF13 -> 0.93700481
E15: Sign App | F15: # | M15: =M13*M14 -> 22130 | N15: =N13*N14 -> 50556 | O15: =O13*O14 -> 77108 | P15: =P13*P14 -> 83686.379 | Q15: =Q13*Q14 -> 92984.866 | R15: =R13*R14 -> 106932.6 | S15: =SUM(G15:R15) -> 433397.84 | T15: =SUM(T28,T41) -> 122172.86 | U15: =SUM(U28,U41) -> 113802.7 | V15: =SUM(V28,V41) -> 123711.71 | W15: =SUM(W28,W41) -> 129128.11 | X15: =SUM(X28,X41) -> 129936.18 | Y15: =SUM(Y28,Y41) -> 130744.29 | Z15: =SUM(Z28,Z41) -> 136553.19 | AA15: =SUM(AA28,AA41) -> 137401.86 | ... AE15: =SUM(AE28,AE41) -> 146260.22 | AF15: =SUM(T15:AE15) -> 1597808.2
E16: %Disb | F16: % | M16: 1 | N16: 1 | O16: 0.99992219 | P16: =O16 -> 0.99992219 | Q16: =P16 -> 0.99992219 | R16: =Q16 -> 0.99992219 | S16: =S17/S15 -> 0.99993524 | T16: =T17/T15 -> 1 | U16: =U17/U15 -> 1 | V16: =V17/V15 -> 1 | W16: =W17/W15 -> 1 | X16: =X17/X15 -> 1 | Y16: =Y17/Y15 -> 1 | Z16: =Z17/Z15 -> 1 | ... AF16: =AF17/AF15 -> 1
E17: Disbursed app | F17: # | M17: =M15*M16 -> 22130 | N17: =N15*N16 -> 50556 | O17: =O15*O16 -> 77102 | P17: =P15*P16 -> 83679.868 | Q17: =Q15*Q16 -> 92977.631 | R17: =R15*R16 -> 106924.28 | S17: =SUM(G17:R17) -> 433369.77 | T17: =SUM(T30,T43) -> 122172.86 | U17: =SUM(U30,U43) -> 113802.7 | V17: =SUM(V30,V43) -> 123711.71 | W17: =SUM(W30,W43) -> 129128.11 | X17: =SUM(X30,X43) -> 129936.18 | Y17: =SUM(Y30,Y43) -> 130744.29 | Z17: =SUM(Z30,Z43) -> 136553.19 | AA17: =SUM(AA30,AA43) -> 137401.86 | ... AE17: =SUM(AE30,AE43) -> 146260.22 | AF17: =SUM(T17:AE17) -> 1597808.2
E18: Ticket size | F18: Mil VND | M18: 2.4702377 | N18: 2.467474 | O18: 2.5536169 | P18: =O18 -> 2.5536169 | Q18: =P18 -> 2.5536169 | R18: =Q18 -> 2.5536169 | S18: =S19/S17 -> 2.5393099 | T18: =T19/T17 -> 3.4644195 | U18: =U19/U17 -> 3.4638758 | V18: =V19/V17 -> 3.4633411 | W18: =W19/W17 -> 3.4628154 | X18: =X19/X17 -> 3.4622983 | Y18: =Y19/Y17 -> 3.4617897 | Z18: =Z19/Z17 -> 3.4612893 | ... AF18: =AF19/AF17 -> 3.4614664
E19: Disburse amt | F19: Mil VND | M19: =M17*M18 -> 54666.36 | N19: =N17*N18 -> 124745.62 | O19: 196888.97 | P19: =P17*P18 -> 213686.32 | Q19: =Q17*Q18 -> 237429.25 | R19: =R17*R18 -> 273043.63 | S19: =SUM(G19:R19) -> 1100460.1 | T19: =SUM(T32,T45) -> 423258.05 | U19: =SUM(U32,U45) -> 394198.4 | V19: =SUM(V32,V45) -> 428455.85 | W19: =SUM(W32,W45) -> 447146.8 | X19: =SUM(X32,X45) -> 449877.82 | Y19: =SUM(Y32,Y45) -> 452609.23 | Z19: =SUM(Z32,Z45) -> 472650.1 | AA19: =SUM(AA32,AA45) -> 475519.92 | ... AE19: =SUM(AE32,AE45) -> 505900.08 | AF19: =SUM(T19:AE19) -> 5530759.6 | AG19: 5141487 | AH19: =AG19-AF19 -> -389272.59 | AI19: =AH19/12 -> -32439.383
A21: [Cake] - Cashloan | E21: [Cake] - Mass
A22: [Cake] - Cashloan | E22: App-in | F22: # | T22: =SUM(T112,T125) -> 195335.72 | U22: =SUM(U112,U125) -> 180417.37 | V22: =SUM(V112,V125) -> 194485.15 | W22: =SUM(W112,W125) -> 201315.25 | X22: =SUM(X112,X125) -> 200907.51 | Y22: =SUM(Y112,Y125) -> 200506.47 | Z22: =SUM(Z112,Z125) -> 207718.93 | AA22: =SUM(AA112,AA125) -> 207330.82 | ... AF22: =SUM(AF112,AF125) -> 2437543.7
A23: [Cake] - Cashloan | E23: %Los check | F23: % | T23: 1 | U23: 1 | V23: 1 | W23: 1 | X23: 1 | Y23: 1 | Z23: 1 | AA23: 1 | AB23: 1 | AC23: 1 | AD23: 1 | AE23: 1 | AF23: 1
A24: [Cake] - Cashloan | E24: %Los process | F24: % | T24: 1 | U24: 1 | V24: 1 | W24: 1 | X24: 1 | Y24: 1 | Z24: 1 | AA24: 1 | AB24: 1 | AC24: 1 | AD24: 1 | AE24: 1 | AF24: 1
A25: [Cake] - Cashloan | E25: %AR | F25: % | T25: =T26/T22 -> 0.51 | U25: =U26/U22 -> 0.51454545 | V25: =V26/V22 -> 0.51909091 | W25: =W26/W22 -> 0.52363636 | X25: =X26/X22 -> 0.52818182 | Y25: =Y26/Y22 -> 0.53272727 | Z25: =Z26/Z22 -> 0.53727273 | AA25: =AA26/AA22 -> 0.54181818 | ... AF25: =AF26/AF22 -> 0.53565503
A26: [Cake] - Cashloan | E26: Approved App | F26: # | T26: =SUM(T116,T129) -> 99621.216 | U26: =SUM(U116,U129) -> 92832.94 | V26: =SUM(V116,V129) -> 100955.47 | W26: =SUM(W116,W129) -> 105415.99 | X26: =SUM(X116,X129) -> 106115.69 | Y26: =SUM(Y116,Y129) -> 106815.27 | Z26: =SUM(Z116,Z129) -> 111601.72 | AA26: =SUM(AA116,AA129) -> 112335.61 | ... AE26: =SUM(AE116,AE129) -> 119742.85 | AF26: =SUM(T26:AE26) -> 1305682.5
A27: [Cake] - Cashloan | E27: %Sign | F27: % | T27: =T28/T26 -> 0.93700481 | U27: =U28/U26 -> 0.93700481 | V27: =V28/V26 -> 0.93700481 | W27: =W28/W26 -> 0.93700481 | X27: =X28/X26 -> 0.93700481 | Y27: =Y28/Y26 -> 0.93700481 | Z27: =Z28/Z26 -> 0.93700481 | AA27: =AA28/AA26 -> 0.93700481 | ... AF27: =AF28/AF26 -> 0.93700481
A28: [Cake] - Cashloan | E28: Sign App | F28: # | T28: =SUM(T118,T131) -> 93345.559 | U28: =SUM(U118,U131) -> 86984.911 | V28: =SUM(V118,V131) -> 94595.763 | W28: =SUM(W118,W131) -> 98775.286 | X28: =SUM(X118,X131) -> 99430.914 | Y28: =SUM(Y118,Y131) -> 100086.42 | Z28: =SUM(Z118,Z131) -> 104571.35 | AA28: =SUM(AA118,AA131) -> 105259.01 | ... AE28: =SUM(AE118,AE131) -> 112199.62 | AF28: =SUM(T28:AE28) -> 1223430.8
A29: [Cake] - Cashloan | E29: %Disb | F29: % | T29: =T30/T28 -> 1 | U29: =U30/U28 -> 1 | V29: =V30/V28 -> 1 | W29: =W30/W28 -> 1 | X29: =X30/X28 -> 1 | Y29: =Y30/Y28 -> 1 | Z29: =Z30/Z28 -> 1 | AA29: =AA30/AA28 -> 1 | ... AF29: =AF30/AF28 -> 1
A30: [Cake] - Cashloan | E30: Disbursed app | F30: # | T30: =SUM(T120,T133) -> 93345.559 | U30: =SUM(U120,U133) -> 86984.911 | V30: =SUM(V120,V133) -> 94595.763 | W30: =SUM(W120,W133) -> 98775.286 | X30: =SUM(X120,X133) -> 99430.914 | Y30: =SUM(Y120,Y133) -> 100086.42 | Z30: =SUM(Z120,Z133) -> 104571.35 | AA30: =SUM(AA120,AA133) -> 105259.01 | ... AE30: =SUM(AE120,AE133) -> 112199.62 | AF30: =SUM(T30:AE30) -> 1223430.8
A31: [Cake] - Cashloan | E31: Ticket size | F31: Mil VND | T31: =T32/T30 -> 3.1078431 | U31: =U32/U30 -> 3.1077739 | V31: =V32/V30 -> 3.1077058 | W31: =W32/W30 -> 3.1076389 | X31: =X32/X30 -> 3.1075731 | Y31: =Y32/Y30 -> 3.1075085 | Z31: =Z32/Z30 -> 3.107445 | AA31: =AA32/AA30 -> 3.1073826 | ... AF31: =AF32/AF30 -> 3.1074675
A32: [Cake] - Cashloan | E32: Disburse amt | F32: Mil VND | T32: =SUM(T122,T135) -> 290103.35 | U32: =SUM(U122,U135) -> 270329.43 | V32: =SUM(V122,V135) -> 293975.8 | W32: =SUM(W122,W135) -> 306957.92 | X32: =SUM(X122,X135) -> 308988.84 | Y32: =SUM(Y122,Y135) -> 311019.4 | Z32: =SUM(Z122,Z135) -> 324949.71 | AA32: =SUM(AA122,AA135) -> 327080 | ... AE32: =SUM(AE122,AE135) -> 348620.26 | AF32: =SUM(T32:AE32) -> 3801771.5
A34: [Cake] - Cashloan | E34: [Cake] - Pre-approved
A35: [Cake] - Cashloan | E35: App-in | F35: # | T35: =SUM(T142,T155) -> 48833.929 | U35: =SUM(U142,U155) -> 45104.343 | V35: =SUM(V142,V155) -> 48621.287 | W35: =SUM(W142,W155) -> 50328.812 | X35: =SUM(X142,X155) -> 50226.877 | Y35: =SUM(Y142,Y155) -> 50126.618 | Z35: =SUM(Z142,Z155) -> 51929.733 | AA35: =SUM(AA142,AA155) -> 51832.705 | ... AE35: =SUM(AE142,AE155) -> 53456.627 | AF35: =SUM(T35:AE35) -> 609385.92
A36: [Cake] - Cashloan | E36: %Los check | F36: % | T36: 1 | U36: 1 | V36: 1 | W36: 1 | X36: 1 | Y36: 1 | Z36: 1 | AA36: 1 | AB36: 1 | AC36: 1 | AD36: 1 | AE36: 1 | AF36: 1
A37: [Cake] - Cashloan | E37: %Los process | F37: % | T37: 1 | U37: 1 | V37: 1 | W37: 1 | X37: 1 | Y37: 1 | Z37: 1 | AA37: 1 | AB37: 1 | AC37: 1 | AD37: 1 | AE37: 1 | AF37: 1
A38: [Cake] - Cashloan | E38: %AR | F38: % | T38: =T39/T35 -> 0.63 | U38: =U39/U35 -> 0.63454545 | V38: =V39/V35 -> 0.63909091 | W38: =W39/W35 -> 0.64363636 | X38: =X39/X35 -> 0.64818182 | Y38: =Y39/Y35 -> 0.65272727 | Z38: =Z39/Z35 -> 0.65727273 | AA38: =AA39/AA35 -> 0.66181818 | ... AF38: =AF39/AF35 -> 0.65565503
A39: [Cake] - Cashloan | E39: Approved App | F39: # | T39: =SUM(T146,T159) -> 30765.375 | U39: =SUM(U146,U159) -> 28620.756 | V39: =SUM(V146,V159) -> 31073.422 | W39: =SUM(W146,W159) -> 32393.454 | X39: =SUM(X146,X159) -> 32556.148 | Y39: =SUM(Y146,Y159) -> 32719.01 | Z39: =SUM(Z146,Z159) -> 34131.997 | AA39: =SUM(AA146,AA159) -> 34303.827 | ... AE39: =SUM(AE146,AE159) -> 36350.507 | AF39: =SUM(T39:AE39) -> 399546.95
A40: [Cake] - Cashloan | E40: %Sign | F40: % | T40: =T41/T39 -> 0.93700481 | U40: =U41/U39 -> 0.93700481 | V40: =V41/V39 -> 0.93700481 | W40: =W41/W39 -> 0.93700481 | X40: =X41/X39 -> 0.93700481 | Y40: =Y41/Y39 -> 0.93700481 | Z40: =Z41/Z39 -> 0.93700481 | AA40: =AA41/AA39 -> 0.93700481 | ... AF40: =AF41/AF39 -> 0.93700481
A41: [Cake] - Cashloan | E41: Sign App | F41: # | T41: =SUM(T148,T161) -> 28827.305 | U41: =SUM(U148,U161) -> 26817.786 | V41: =SUM(V148,V161) -> 29115.946 | W41: =SUM(W148,W161) -> 30352.822 | X41: =SUM(X148,X161) -> 30505.268 | Y41: =SUM(Y148,Y161) -> 30657.87 | Z41: =SUM(Z148,Z161) -> 31981.846 | AA41: =SUM(AA148,AA161) -> 32142.851 | ... AE41: =SUM(AE148,AE161) -> 34060.6 | AF41: =SUM(T41:AE41) -> 374377.41
A42: [Cake] - Cashloan | E42: %Disb | F42: % | T42: =T43/T41 -> 1 | U42: =U43/U41 -> 1 | V42: =V43/V41 -> 1 | W42: =W43/W41 -> 1 | X42: =X43/X41 -> 1 | Y42: =Y43/Y41 -> 1 | Z42: =Z43/Z41 -> 1 | AA42: =AA43/AA41 -> 1 | ... AF42: =AF43/AF41 -> 1
A43: [Cake] - Cashloan | E43: Disbursed app | F43: # | T43: =SUM(T150,T163) -> 28827.305 | U43: =SUM(U150,U163) -> 26817.786 | V43: =SUM(V150,V163) -> 29115.946 | W43: =SUM(W150,W163) -> 30352.822 | X43: =SUM(X150,X163) -> 30505.268 | Y43: =SUM(Y150,Y163) -> 30657.87 | Z43: =SUM(Z150,Z163) -> 31981.846 | AA43: =SUM(AA150,AA163) -> 32142.851 | ... AE43: =SUM(AE150,AE163) -> 34060.6 | AF43: =SUM(T43:AE43) -> 374377.41
A44: [Cake] - Cashloan | E44: Ticket size | F44: Mil VND | T44: =T45/T43 -> 4.6190476 | U44: =U45/U43 -> 4.6189112 | V44: =V45/V43 -> 4.6187767 | W44: =W45/W43 -> 4.6186441 | X44: =X45/X43 -> 4.6185133 | Y44: =Y45/Y43 -> 4.6183844 | Z44: =Z45/Z43 -> 4.6182573 | AA44: =AA45/AA43 -> 4.6181319 | ... AF44: =AF45/AF43 -> 4.6183023
A45: [Cake] - Cashloan | E45: Disburse amt | F45: Mil VND | T45: =SUM(T152,T165) -> 133154.69 | U45: =SUM(U152,U165) -> 123868.97 | V45: =SUM(V152,V165) -> 134480.05 | W45: =SUM(W152,W165) -> 140188.88 | X45: =SUM(X152,X165) -> 140888.99 | Y45: =SUM(Y152,Y165) -> 141589.83 | Z45: =SUM(Z152,Z165) -> 147700.39 | AA45: =SUM(AA152,AA165) -> 148439.92 | ... AE45: =SUM(AE152,AE165) -> 157279.83 | AF45: =SUM(T45:AE45) -> 1728988.1
E47: **NOTE
E48: NTPRODUCT: Credit product đầu tiên KH sửa dụng là Cake CL
E49: XSELL: Credit product thứ 2+ của KH là Cake CL (KH trước đó đã dùng các sp vay trước đó trừ Cake CL) | T49: 244169.65 | U49: 225521.72 | V49: 243106.43 | W49: 251644.06 | X49: 251134.38 | Y49: 250633.09 | Z49: 259648.67 | AA49: 259163.53 | AB49: 258686.17 | AC49: 268200.55 | AD49: 267738.22 | AE49: 267283.14
T50: =(T49-R54)/R54 -> 0.06160716 | U50: =(U49-T49)/T49 -> -0.076372841 | V50: =(V49-T49)/T49 -> -0.0043544041 | W50: =(W49-V49)/V49 -> 0.035118892 | X50: =(X49-W49)/W49 -> -0.0020253934 | Y50: =(Y49-X49)/X49 -> -0.0019961256 | Z50: =(Z49-Y49)/Y49 -> 0.03597122 | AA50: =(AA49-Z49)/Z49 -> -0.0018684461 | AB50: =(AB49-AA49)/AA49 -> -0.0018418979 | AC50: =(AC49-AB49)/AB49 -> 0.036779621 | AD50: =(AD49-AC49)/AC49 -> -0.0017238266 | AE50: =(AE49-AD49)/AD49 -> -0.0016997387
E51: ASSUMPTION
T52: 0.06160716 | U52: -0.076372841 | V52: -0.0043544041 | W52: 0.035118892 | X52: -0.0020253934 | Y52: -0.0019961256 | Z52: 0.03597122 | AA52: -0.0018684461 | AB52: -0.0018418979 | AC52: 0.036779621 | AD52: -0.0017238266 | AE52: -0.0016997387
E53: App - allocation | G53: 45658 | H53: =EDATE(G53,1) -> 45689 | I53: =EDATE(H53,1) -> 45717 | J53: =EDATE(I53,1) -> 45748 | K53: =EDATE(J53,1) -> 45778 | L53: =EDATE(K53,1) -> 45809 | M53: =EDATE(L53,1) -> 45839 | N53: =EDATE(M53,1) -> 45870 | O53: =EDATE(N53,1) -> 45901 | ... R53: =EDATE(Q53,1) -> 45992 | S53: FY25 | T53: =EDATE(R53,1) -> 46023 | U53: =EDATE(T53,1) -> 46054 | V53: =EDATE(U53,1) -> 46082 | W53: =EDATE(V53,1) -> 46113 | X53: =EDATE(W53,1) -> 46143 | Y53: =EDATE(X53,1) -> 46174 | Z53: =EDATE(Y53,1) -> 46204 | AA53: =EDATE(Z53,1) -> 46235 | AB53: =EDATE(AA53,1) -> 46266 | ... AE53: =EDATE(AD53,1) -> 46357 | AF53: FY26
E54: Total Cake PD App | M54: =M9 -> 57914 | N54: =N9 -> 161694 | O54: =O9 -> 165859 | P54: 180000 | Q54: 200000 | R54: 230000 | S54: =SUM(G54:R54) -> 995467 | T54: =R54*(1+T52) -> 244169.65 | U54: =T54*(1+U52) -> 225521.72 | V54: =T54*(1+V52) -> 243106.43 | W54: =V54*(1+W52) -> 251644.06 | X54: =W54*(1+X52) -> 251134.38 | Y54: =X54*(1+Y52) -> 250633.09 | Z54: =Y54*(1+Z52) -> 259648.67 | AA54: =Z54*(1+AA52) -> 259163.53 | AB54: =AA54*(1+AB52) -> 258686.17 | AC54: =AB54*(1+AC52) -> 268200.55 | AD54: =AC54*(1+AD52) -> 267738.22 | AE54: =AD54*(1+AE52) -> 267283.14 | AF54: =SUM(T54:AE54) -> 3046929.6
E55: %Mass | P55: 0.98972923 | Q55: 0.98972923 | R55: 0.98972923 | T55: 0.8 | U55: 0.8 | V55: 0.8 | W55: 0.8 | X55: 0.8 | Y55: 0.8 | Z55: 0.8 | AA55: 0.8 | AB55: 0.8 | AC55: 0.8 | AD55: 0.8 | AE55: 0.8
E56: %Preapprove | P56: 0.010270775 | Q56: 0.010270775 | R56: 0.010270775 | T56: =1-T55 -> 0.2 | U56: =1-U55 -> 0.2 | V56: =1-V55 -> 0.2 | W56: =1-W55 -> 0.2 | X56: =1-X55 -> 0.2 | Y56: =1-Y55 -> 0.2 | Z56: =1-Z55 -> 0.2 | AA56: =1-AA55 -> 0.2 | ... AE56: =1-AE55 -> 0.2
E57: Total Mass | M57: =M54*M55 -> 0 | N57: =N54*N55 -> 0 | O57: =O54*O55 -> 0 | P57: =P54*P55 -> 178151.26 | Q57: =Q54*Q55 -> 197945.85 | R57: =R54*R55 -> 227637.72 | S57: =SUM(G57:R57) -> 603734.83 | T57: =T54*T55 -> 195335.72 | U57: =U54*U55 -> 180417.37 | V57: =V54*V55 -> 194485.15 | W57: =W54*W55 -> 201315.25 | X57: =X54*X55 -> 200907.51 | Y57: =Y54*Y55 -> 200506.47 | Z57: =Z54*Z55 -> 207718.93 | AA57: =AA54*AA55 -> 207330.82 | ... AE57: =AE54*AE55 -> 213826.51 | AF57: =SUM(T57:AE57) -> 2437543.7
E58: Total Pre-approve | M58: =M54*M56 -> 0 | N58: =N54*N56 -> 0 | O58: =O54*O56 -> 0 | P58: =P54*P56 -> 1848.7395 | Q58: =Q54*Q56 -> 2054.155 | R58: =R54*R56 -> 2362.2782 | S58: =SUM(G58:R58) -> 6265.1727 | T58: =T54*T56 -> 48833.929 | U58: =U54*U56 -> 45104.343 | V58: =V54*V56 -> 48621.287 | W58: =W54*W56 -> 50328.812 | X58: =X54*X56 -> 50226.877 | Y58: =Y54*Y56 -> 50126.618 | Z58: =Z54*Z56 -> 51929.733 | AA58: =AA54*AA56 -> 51832.705 | ... AE58: =AE54*AE56 -> 53456.627 | AF58: =SUM(T58:AE58) -> 609385.92
E62: Total Cake PD App | T62: =T54 -> 244169.65 | U62: =U54 -> 225521.72 | V62: =V54 -> 243106.43 | W62: =W54 -> 251644.06 | X62: =X54 -> 251134.38 | Y62: =Y54 -> 250633.09 | Z62: =Z54 -> 259648.67 | AA62: =AA54 -> 259163.53 | ... AE62: =AE54 -> 267283.14 | AF62: =SUM(T62:AE62) -> 3046929.6
B63: hiện tại %NTP của full Cake CL khoảng 70% | E63: %NTP | T63: =SUM(T69,T75)/T$62 -> 0.72 | U63: =SUM(U69,U75)/U$62 -> 0.72 | V63: =SUM(V69,V75)/V$62 -> 0.72 | W63: =SUM(W69,W75)/W$62 -> 0.72 | X63: =SUM(X69,X75)/X$62 -> 0.72 | Y63: =SUM(Y69,Y75)/Y$62 -> 0.72 | Z63: =SUM(Z69,Z75)/Z$62 -> 0.72 | AA63: =SUM(AA69,AA75)/AA$62 -> 0.72 | ... AE63: =SUM(AE69,AE75)/AE$62 -> 0.72
E64: %Xsell | T64: =SUM(T70,T76)/T$62 -> 0.28 | U64: =SUM(U70,U76)/U$62 -> 0.28 | V64: =SUM(V70,V76)/V$62 -> 0.28 | W64: =SUM(W70,W76)/W$62 -> 0.28 | X64: =SUM(X70,X76)/X$62 -> 0.28 | Y64: =SUM(Y70,Y76)/Y$62 -> 0.28 | Z64: =SUM(Z70,Z76)/Z$62 -> 0.28 | AA64: =SUM(AA70,AA76)/AA$62 -> 0.28 | ... AE64: =SUM(AE70,AE76)/AE$62 -> 0.28
E66: Total Mass | T66: =T57 -> 195335.72 | U66: =U57 -> 180417.37 | V66: =V57 -> 194485.15 | W66: =W57 -> 201315.25 | X66: =X57 -> 200907.51 | Y66: =Y57 -> 200506.47 | Z66: =Z57 -> 207718.93 | AA66: =AA57 -> 207330.82 | ... AE66: =AE57 -> 213826.51 | AF66: =SUM(T66:AE66) -> 2437543.7
B67: hiện tại %NTP của nhóm Mass khoảng 70% | E67: %NTP | T67: 0.8 | U67: 0.8 | V67: 0.8 | W67: 0.8 | X67: 0.8 | Y67: 0.8 | Z67: 0.8 | AA67: 0.8 | AB67: 0.8 | AC67: 0.8 | AD67: 0.8 | AE67: 0.8
E68: %Xsell | T68: =1-T67 -> 0.2 | U68: =1-U67 -> 0.2 | V68: =1-V67 -> 0.2 | W68: =1-W67 -> 0.2 | X68: =1-X67 -> 0.2 | Y68: =1-Y67 -> 0.2 | Z68: =1-Z67 -> 0.2 | AA68: =1-AA67 -> 0.2 | ... AE68: =1-AE67 -> 0.2
E69: Total NTP | T69: =T$66*T67 -> 156268.57 | U69: =U$66*U67 -> 144333.9 | V69: =V$66*V67 -> 155588.12 | W69: =W$66*W67 -> 161052.2 | X69: =X$66*X67 -> 160726.01 | Y69: =Y$66*Y67 -> 160405.18 | Z69: =Z$66*Z67 -> 166175.15 | AA69: =AA$66*AA67 -> 165864.66 | ... AE69: =AE$66*AE67 -> 171061.21 | AF69: =SUM(T69:AE69) -> 1950035
E70: Total Xsell | T70: =T$66*T68 -> 39067.143 | U70: =U$66*U68 -> 36083.475 | V70: =V$66*V68 -> 38897.029 | W70: =W$66*W68 -> 40263.05 | X70: =X$66*X68 -> 40181.501 | Y70: =Y$66*Y68 -> 40101.294 | Z70: =Z$66*Z68 -> 41543.787 | AA70: =AA$66*AA68 -> 41466.164 | ... AE70: =AE$66*AE68 -> 42765.302 | AF70: =SUM(T70:AE70) -> 487508.74
E72: Total Preapprove | T72: =T58 -> 48833.929 | U72: =U58 -> 45104.343 | V72: =V58 -> 48621.287 | W72: =W58 -> 50328.812 | X72: =X58 -> 50226.877 | Y72: =Y58 -> 50126.618 | Z72: =Z58 -> 51929.733 | AA72: =AA58 -> 51832.705 | ... AE72: =AE58 -> 53456.627 | AF72: =SUM(T72:AE72) -> 609385.92
B73: hiện tại %NTP của nhóm preapprove khoảng 70% | E73: %NTP | T73: 0.4 | U73: 0.4 | V73: 0.4 | W73: 0.4 | X73: 0.4 | Y73: 0.4 | Z73: 0.4 | AA73: 0.4 | AB73: 0.4 | AC73: 0.4 | AD73: 0.4 | AE73: 0.4
E74: %Xsell | T74: =1-T73 -> 0.6 | U74: =1-U73 -> 0.6 | V74: =1-V73 -> 0.6 | W74: =1-W73 -> 0.6 | X74: =1-X73 -> 0.6 | Y74: =1-Y73 -> 0.6 | Z74: =1-Z73 -> 0.6 | AA74: =1-AA73 -> 0.6 | ... AE74: =1-AE73 -> 0.6
E75: Total NTP | T75: =T$72*T73 -> 19533.572 | U75: =U$72*U73 -> 18041.737 | V75: =V$72*V73 -> 19448.515 | W75: =W$72*W73 -> 20131.525 | X75: =X$72*X73 -> 20090.751 | Y75: =Y$72*Y73 -> 20050.647 | Z75: =Z$72*Z73 -> 20771.893 | AA75: =AA$72*AA73 -> 20733.082 | ... AE75: =AE$72*AE73 -> 21382.651 | AF75: =SUM(T75:AE75) -> 243754.37
E76: Total Xsell | T76: =T$72*T74 -> 29300.358 | U76: =U$72*U74 -> 27062.606 | V76: =V$72*V74 -> 29172.772 | W76: =W$72*W74 -> 30197.287 | X76: =X$72*X74 -> 30136.126 | Y76: =Y$72*Y74 -> 30075.971 | Z76: =Z$72*Z74 -> 31157.84 | AA76: =AA$72*AA74 -> 31099.623 | ... AE76: =AE$72*AE74 -> 32073.976 | AF76: =SUM(T76:AE76) -> 365631.55
E81: Disbursed amt - allocation | G81: 45658 | H81: =EDATE(G81,1) -> 45689 | I81: =EDATE(H81,1) -> 45717 | J81: =EDATE(I81,1) -> 45748 | K81: =EDATE(J81,1) -> 45778 | L81: =EDATE(K81,1) -> 45809 | M81: =EDATE(L81,1) -> 45839 | N81: =EDATE(M81,1) -> 45870 | O81: =EDATE(N81,1) -> 45901 | ... R81: =EDATE(Q81,1) -> 45992 | S81: FY25 | T81: =EDATE(R81,1) -> 46023 | U81: =EDATE(T81,1) -> 46054 | V81: =EDATE(U81,1) -> 46082 | W81: =EDATE(V81,1) -> 46113 | X81: =EDATE(W81,1) -> 46143 | Y81: =EDATE(X81,1) -> 46174 | Z81: =EDATE(Y81,1) -> 46204 | AA81: =EDATE(Z81,1) -> 46235 | AB81: =EDATE(AA81,1) -> 46266 | ... AE81: =EDATE(AD81,1) -> 46357 | AF81: FY26
E82: Total Cake PD App | T82: =SUM(T32,T45) -> 423258.05 | U82: =SUM(U32,U45) -> 394198.4 | V82: =SUM(V32,V45) -> 428455.85 | W82: =SUM(W32,W45) -> 447146.8 | X82: =SUM(X32,X45) -> 449877.82 | Y82: =SUM(Y32,Y45) -> 452609.23 | Z82: =SUM(Z32,Z45) -> 472650.1 | AA82: =SUM(AA32,AA45) -> 475519.92 | ... AE82: =SUM(AE32,AE45) -> 505900.08 | AF82: =SUM(T82:AE82) -> 5530759.6
E83: %Mass | T83: =T32/SUM(T32,T45) -> 0.68540541 | U83: =U32/SUM(U32,U45) -> 0.68576998 | V83: =V32/SUM(V32,V45) -> 0.68612856 | W83: =W32/SUM(W32,W45) -> 0.6864813 | X83: =X32/SUM(X32,X45) -> 0.68682834 | Y83: =Y32/SUM(Y32,Y45) -> 0.68716981 | Z83: =Z32/SUM(Z32,Z45) -> 0.68750585 | AA83: =AA32/SUM(AA32,AA45) -> 0.68783658 | ... AF83: =AF32/SUM(AF32,AF45) -> 0.68738687
E84: %Preapprove | T84: =1-T83 -> 0.31459459 | U84: =1-U83 -> 0.31423002 | V84: =1-V83 -> 0.31387144 | W84: =1-W83 -> 0.3135187 | X84: =1-X83 -> 0.31317166 | Y84: =1-Y83 -> 0.31283019 | Z84: =1-Z83 -> 0.31249415 | AA84: =1-AA83 -> 0.31216342 | ... AF84: =1-AF83 -> 0.31261313
E85: Total Mass | T85: =T82*T83 -> 290103.35 | U85: =U82*U83 -> 270329.43 | V85: =V82*V83 -> 293975.8 | W85: =W82*W83 -> 306957.92 | X85: =X82*X83 -> 308988.84 | Y85: =Y82*Y83 -> 311019.4 | Z85: =Z82*Z83 -> 324949.71 | AA85: =AA82*AA83 -> 327080 | ... AE85: =AE82*AE83 -> 348620.26 | AF85: =SUM(T85:AE85) -> 3801771.5
E86: Total Pre-approve | T86: =T82*T84 -> 133154.69 | U86: =U82*U84 -> 123868.97 | V86: =V82*V84 -> 134480.05 | W86: =W82*W84 -> 140188.88 | X86: =X82*X84 -> 140888.99 | Y86: =Y82*Y84 -> 141589.83 | Z86: =Z82*Z84 -> 147700.39 | AA86: =AA82*AA84 -> 148439.92 | ... AE86: =AE82*AE84 -> 157279.83 | AF86: =SUM(T86:AE86) -> 1728988.1
E90: Total Cake PD App | T90: =T82 -> 423258.05 | U90: =U82 -> 394198.4 | V90: =V82 -> 428455.85 | W90: =W82 -> 447146.8 | X90: =X82 -> 449877.82 | Y90: =Y82 -> 452609.23 | Z90: =Z82 -> 472650.1 | AA90: =AA82 -> 475519.92 | ... AE90: =AE82 -> 505900.08 | AF90: =SUM(T90:AE90) -> 5530759.6
E91: %NTP | T91: =SUM(T97,T103)/T$90 -> 0.6227027 | U91: =SUM(U97,U103)/U$90 -> 0.62300195 | V91: =SUM(V97,V103)/V$90 -> 0.62329628 | W91: =SUM(W97,W103)/W$90 -> 0.62358581 | X91: =SUM(X97,X103)/X$90 -> 0.62387066 | Y91: =SUM(Y97,Y103)/Y$90 -> 0.62415094 | Z91: =SUM(Z97,Z103)/Z$90 -> 0.62442677 | AA91: =SUM(AA97,AA103)/AA$90 -> 0.62469824 | ... AF91: =SUM(AF97,AF103)/AF$90 -> 0.62432911
E92: %Xsell | T92: =SUM(T98,T104)/T$90 -> 0.3772973 | U92: =SUM(U98,U104)/U$90 -> 0.37699805 | V92: =SUM(V98,V104)/V$90 -> 0.37670372 | W92: =SUM(W98,W104)/W$90 -> 0.37641419 | X92: =SUM(X98,X104)/X$90 -> 0.37612934 | Y92: =SUM(Y98,Y104)/Y$90 -> 0.37584906 | Z92: =SUM(Z98,Z104)/Z$90 -> 0.37557323 | AA92: =SUM(AA98,AA104)/AA$90 -> 0.37530176 | ... AF92: =SUM(AF98,AF104)/AF$90 -> 0.37567089
E94: Total Mass | T94: =T85 -> 290103.35 | U94: =U85 -> 270329.43 | V94: =V85 -> 293975.8 | W94: =W85 -> 306957.92 | X94: =X85 -> 308988.84 | Y94: =Y85 -> 311019.4 | Z94: =Z85 -> 324949.71 | AA94: =AA85 -> 327080 | ... AE94: =AE85 -> 348620.26 | AF94: =SUM(T94:AE94) -> 3801771.5
E95: %NTP | T95: =T97/T$94 -> 0.75709779 | U95: =U97/U$94 -> 0.75724844 | V95: =V97/V$94 -> 0.75739645 | W95: =W97/W$94 -> 0.7575419 | X95: =X97/X$94 -> 0.75768485 | Y95: =Y97/Y$94 -> 0.75782537 | Z95: =Z97/Z$94 -> 0.75796352 | AA95: =AA97/AA$94 -> 0.75809935 | ... AF95: =AF97/AF$94 -> 0.75791462
E96: %Xsell | T96: =T98/T$94 -> 0.24290221 | U96: =U98/U$94 -> 0.24275156 | V96: =V98/V$94 -> 0.24260355 | W96: =W98/W$94 -> 0.2424581 | X96: =X98/X$94 -> 0.24231515 | Y96: =Y98/Y$94 -> 0.24217463 | Z96: =Z98/Z$94 -> 0.24203648 | AA96: =AA98/AA$94 -> 0.24190065 | ... AF96: =AF98/AF$94 -> 0.24208538
E97: Total NTP | T97: =T122 -> 219636.61 | U97: =U122 -> 204706.54 | V97: =V122 -> 222656.23 | W97: =W122 -> 232533.48 | X97: =X122 -> 234116.16 | Y97: =Y122 -> 235698.39 | Z97: =Z122 -> 246300.02 | AA97: =AA122 -> 247959.13 | ... AE97: =AE122 -> 264470.54 | AF97: =SUM(T97:AE97) -> 2881418.2
E98: Total Xsell | T98: =T135 -> 70466.745 | U98: =U135 -> 65622.892 | V98: =V135 -> 71319.572 | W98: =W135 -> 74424.434 | X98: =X135 -> 74872.677 | Y98: =Y135 -> 75321.007 | Z98: =Z135 -> 78649.684 | AA98: =AA135 -> 79120.863 | ... AE98: =AE135 -> 84149.717 | AF98: =SUM(T98:AE98) -> 920353.3
E100: Total Preapprove | T100: =T86 -> 133154.69 | U100: =U86 -> 123868.97 | V100: =V86 -> 134480.05 | W100: =W86 -> 140188.88 | X100: =X86 -> 140888.99 | Y100: =Y86 -> 141589.83 | Z100: =Z86 -> 147700.39 | AA100: =AA86 -> 148439.92 | ... AE100: =AE86 -> 157279.83 | AF100: =SUM(T100:AE100) -> 1728988.1
E101: %NTP | T101: =T103/T$100 -> 0.32989691 | U101: =U103/U$100 -> 0.33002481 | V101: =V103/V$100 -> 0.33015091 | W101: =W103/W$100 -> 0.33027523 | X101: =X103/X$100 -> 0.33039781 | Y101: =Y103/Y$100 -> 0.3305187 | Z101: =Z103/Z$100 -> 0.33063792 | AA101: =AA103/AA$100 -> 0.3307555 | ... AF101: =AF103/AF$100 -> 0.33059568
E102: %Xsell | T102: =T104/T$100 -> 0.67010309 | U102: =U104/U$100 -> 0.66997519 | V102: =V104/V$100 -> 0.66984909 | W102: =W104/W$100 -> 0.66972477 | X102: =X104/X$100 -> 0.66960219 | Y102: =Y104/Y$100 -> 0.6694813 | Z102: =Z104/Z$100 -> 0.66936208 | AA102: =AA104/AA$100 -> 0.6692445 | ... AF102: =AF104/AF$100 -> 0.66940432
E103: Total NTP | T103: =T152 -> 43927.322 | U103: =U152 -> 40879.835 | V103: =V152 -> 44398.712 | W103: =W152 -> 46300.915 | X103: =X152 -> 46549.413 | Y103: =Y152 -> 46798.086 | Z103: =Z152 -> 48835.35 | AA103: =AA152 -> 49097.322 | ... AE103: =AE152 -> 52092.682 | AF103: =SUM(T103:AE103) -> 571595.98
E104: Total Xsell | T104: =T165 -> 89227.372 | U104: =U165 -> 82989.138 | V104: =V165 -> 90081.341 | W104: =W165 -> 93887.967 | X104: =X165 -> 94339.572 | Y104: =Y165 -> 94791.744 | Z104: =Z165 -> 98865.042 | AA104: =AA165 -> 99342.602 | ... AE104: =AE165 -> 105187.15 | AF104: =SUM(T104:AE104) -> 1157392.1
E108: DETAIL
E110: MASS | T110: =T$7 -> 46023 | U110: =U$7 -> 46054 | V110: =V$7 -> 46082 | W110: =W$7 -> 46113 | X110: =X$7 -> 46143 | Y110: =Y$7 -> 46174 | Z110: =Z$7 -> 46204 | AA110: =AA$7 -> 46235 | ... AF110: =AF$7 -> FY26
A111: [Cake] - Cashloan | E111: [Cake] - NTP
A112: [Cake] - Cashloan | E112: App-in | F112: # | T112: =T69 -> 156268.57 | U112: =U69 -> 144333.9 | V112: =V69 -> 155588.12 | W112: =W69 -> 161052.2 | X112: =X69 -> 160726.01 | Y112: =Y69 -> 160405.18 | Z112: =Z69 -> 166175.15 | AA112: =AA69 -> 165864.66 | ... AE112: =AE69 -> 171061.21 | AF112: =SUM(T112:AE112) -> 1950035
A113: [Cake] - Cashloan | E113: %Los check | F113: % | T113: 1 | U113: 1 | V113: 1 | W113: 1 | X113: 1 | Y113: 1 | Z113: 1 | AA113: 1 | AB113: 1 | AC113: 1 | AD113: 1 | AE113: 1 | AF113: 1
A114: [Cake] - Cashloan | E114: %Los process | F114: % | T114: 1 | U114: 1 | V114: 1 | W114: 1 | X114: 1 | Y114: 1 | Z114: 1 | AA114: 1 | AB114: 1 | AC114: 1 | AD114: 1 | AE114: 1 | AF114: 1
A115: [Cake] - Cashloan | E115: %AR | F115: % | T115: 0.5 | U115: 0.50454545 | V115: 0.50909091 | W115: 0.51363636 | X115: 0.51818182 | Y115: 0.52272727 | Z115: 0.52727273 | AA115: 0.53181818 | AB115: 0.53636364 | AC115: 0.54090909 | AD115: 0.54545455 | AE115: 0.55 | AF115: =AF116/AF112 -> 0.52565503
A116: [Cake] - Cashloan | E116: Approved App | F116: # | T116: =T112*T113*T114*T115 -> 78134.287 | U116: =U112*U113*U114*U115 -> 72823.013 | V116: =V112*V113*V114*V115 -> 79208.496 | W116: =W112*W113*W114*W115 -> 82722.266 | X116: =X112*X113*X114*X115 -> 83285.294 | Y116: =Y112*Y113*Y114*Y115 -> 83848.16 | Z116: =Z112*Z113*Z114*Z115 -> 87619.623 | AA116: =AA112*AA113*AA114*AA115 -> 88209.84 | ... AE116: =AE112*AE113*AE114*AE115 -> 94083.664 | AF116: =SUM(T116:AE116) -> 1025045.7
A117: [Cake] - Cashloan | E117: %Sign | F117: % | T117: 0.93700481 | U117: 0.93700481 | V117: 0.93700481 | W117: 0.93700481 | X117: 0.93700481 | Y117: 0.93700481 | Z117: 0.93700481 | AA117: 0.93700481 | AB117: 0.93700481 | AC117: 0.93700481 | AD117: 0.93700481 | AE117: 0.93700481 | AF117: =AF118/AF116 -> 0.93700481
A118: [Cake] - Cashloan | E118: Sign App | F118: # | T118: =T116*T117 -> 73212.203 | U118: =U116*U117 -> 68235.513 | V118: =V116*V117 -> 74218.742 | W118: =W116*W117 -> 77511.162 | X118: =X116*X117 -> 78038.721 | Y118: =Y116*Y117 -> 78566.13 | Z118: =Z116*Z117 -> 82100.008 | AA118: =AA116*AA117 -> 82653.045 | ... AE118: =AE116*AE117 -> 88156.846 | AF118: =SUM(T118:AE118) -> 960472.74
A119: [Cake] - Cashloan | E119: %Disb | F119: % | T119: 1 | U119: 1 | V119: 1 | W119: 1 | X119: 1 | Y119: 1 | Z119: 1 | AA119: 1 | AB119: 1 | AC119: 1 | AD119: 1 | AE119: 1 | AF119: 1
A120: [Cake] - Cashloan | E120: Disbursed app | F120: % | T120: =T118*T119 -> 73212.203 | U120: =U118*U119 -> 68235.513 | V120: =V118*V119 -> 74218.742 | W120: =W118*W119 -> 77511.162 | X120: =X118*X119 -> 78038.721 | Y120: =Y118*Y119 -> 78566.13 | Z120: =Z118*Z119 -> 82100.008 | AA120: =AA118*AA119 -> 82653.045 | ... AE120: =AE118*AE119 -> 88156.846 | AF120: =SUM(T120:AE120) -> 960472.74
A121: [Cake] - Cashloan | E121: Ticket size | F121: # | T121: 3 | U121: 3 | V121: 3 | W121: 3 | X121: 3 | Y121: 3 | Z121: 3 | AA121: 3 | AB121: 3 | AC121: 3 | AD121: 3 | AE121: 3 | AF121: =AF122/AF120 -> 3
A122: [Cake] - Cashloan | E122: Disburse amt | F122: Mil VND | T122: =T120*T121 -> 219636.61 | U122: =U120*U121 -> 204706.54 | V122: =V120*V121 -> 222656.23 | W122: =W120*W121 -> 232533.48 | X122: =X120*X121 -> 234116.16 | Y122: =Y120*Y121 -> 235698.39 | Z122: =Z120*Z121 -> 246300.02 | AA122: =AA120*AA121 -> 247959.13 | ... AE122: =AE120*AE121 -> 264470.54 | AF122: =SUM(T122:AE122) -> 2881418.2
A124: [Cake] - Cashloan | E124: [Cake] - Xsell
A125: [Cake] - Cashloan | E125: App-in | F125: # | T125: =T70 -> 39067.143 | U125: =U70 -> 36083.475 | V125: =V70 -> 38897.029 | W125: =W70 -> 40263.05 | X125: =X70 -> 40181.501 | Y125: =Y70 -> 40101.294 | Z125: =Z70 -> 41543.787 | AA125: =AA70 -> 41466.164 | ... AE125: =AE70 -> 42765.302 | AF125: =SUM(T125:AE125) -> 487508.74
...

Sheet Chị Ngân
C2: CASH LOAN | E2: =MONTH(E3) -> 1 | F2: =MONTH(F3) -> 2 | G2: =MONTH(G3) -> 3 | H2: =MONTH(H3) -> 4 | I2: =MONTH(I3) -> 5 | J2: =MONTH(J3) -> 6 | K2: =MONTH(K3) -> 7 | L2: =MONTH(L3) -> 8 | M2: =MONTH(M3) -> 9
C3: Product x Partner | E3: 45658 | F3: =EDATE(E3,1) -> 45689 | G3: =EDATE(F3,1) -> 45717 | H3: =EDATE(G3,1) -> 45748 | I3: =EDATE(H3,1) -> 45778 | J3: =EDATE(I3,1) -> 45809 | K3: =EDATE(J3,1) -> 45839 | L3: =EDATE(K3,1) -> 45870 | M3: =EDATE(L3,1) -> 45901 | ... P3: =EDATE(O3,1) -> 45992 | Q3: FY25 | R3: =EDATE(P3,1) -> 46023 | S3: =EDATE(R3,1) -> 46054 | T3: =EDATE(S3,1) -> 46082 | U3: =EDATE(T3,1) -> 46113 | V3: =EDATE(U3,1) -> 46143 | W3: =EDATE(V3,1) -> 46174 | X3: =EDATE(W3,1) -> 46204 | Y3: =EDATE(X3,1) -> 46235 | Z3: =EDATE(Y3,1) -> 46266 | ... AC3: =EDATE(AB3,1) -> 46357 | AD3: FY26
A4: [Cake] - Cashloan | C4: [Cake] - Cashloan
A5: [Cake] - Cashloan | C5: App-in | D5: # | E5: 82211 | F5: 68741 | G5: 89225 | H5: 104138 | I5: 106864 | J5: 118112 | K5: 143445 | L5: 149102 | M5: #REF! | N5: =SUM(N32,N61,N87) -> 166005 | O5: =SUM(O32,O61,O87) -> 160650 | P5: =SUM(P32,P61,P87) -> 166005 | Q5: =SUM(Q32,Q61,Q87) -> 1510262 | R5: =SUM(R32,R61,R87) -> 136400 | S5: =SUM(S32,S61,S87) -> 123200 | T5: =SUM(T32,T61,T87) -> 136400 | U5: =SUM(U32,U61,U87) -> 159150 | ... AD5: =SUM(AD32,AD61,AD87) -> 2021948.1
A6: [Cake] - Cashloan | C6: %Los check | D6: % | E6: 1 | F6: 1 | G6: 0.99992155 | H6: 0.99998079 | I6: 1 | J6: 0.99998307 | K6: 1 | L6: 0.99998659 | M6: #REF! | N6: 0.99998659 | O6: 0.99998659 | P6: 0.99998659 | Q6: 1 | R6: 1 | S6: 1 | T6: 1 | U6: 1 | V6: 1 | W6: 1 | X6: 1 | Y6: 1 | Z6: 1 | AA6: 1 | AB6: 1 | AC6: 1 | AD6: 1
A7: [Cake] - Cashloan | C7: %Los process | D7: % | E7: 0.99474523 | F7: 0.99349733 | G7: 0.9956511 | H7: 0.9935565 | I7: 0.99545216 | J7: 0.9975616 | K7: 0.99872425 | L7: 0.99075117 | M7: #REF! | N7: 0.99998659 | O7: 0.99998659 | P7: 0.99998659 | Q7: 1 | R7: 1 | S7: 1 | T7: 1 | U7: 1 | V7: 1 | W7: 1 | X7: 1 | Y7: 1 | Z7: 1 | AA7: 1 | AB7: 1 | AC7: 1 | AD7: 1
A8: [Cake] - Cashloan | C8: %AR | D8: % | E8: 0.20776728 | F8: 0.17962046 | G8: 0.21106608 | H8: 0.17793457 | I8: 0.1688131 | J8: 0.18417613 | K8: 0.19374991 | L8: 0.16762004 | M8: #REF! | N8: 0.187 | O8: 0.184 | P8: 0.187 | Q8: =SUM(Q36,Q91)/SUM(Q87,Q32) -> 0.18365225 | R8: =SUM(R36,R91)/SUM(R87,R32) -> 0.18806818 | S8: =SUM(S36,S91)/SUM(S87,S32) -> 0.18806818 | T8: =SUM(T36,T91)/SUM(T87,T32) -> 0.18806818 | U8: =SUM(U36,U91)/SUM(U87,U32) -> 0.18638077 | V8: =SUM(V36,V91)/SUM(V87,V32) -> 0.18638077 | W8: =SUM(W36,W91)/SUM(W87,W32) -> 0.18638077 | X8: =SUM(X36,X91)/SUM(X87,X32) -> 0.18591068 | ... AD8: =SUM(AD36,AD91)/SUM(AD87,AD32) -> 0.1861898
A9: [Cake] - Cashloan | C9: %Sign | D9: % | E9: 0.81713849 | F9: 0.84225972 | G9: 0.84857859 | H9: 0.85214557 | I9: 0.86373761 | J9: 0.85857143 | K9: 0.87113161 | L9: 0.86155648 | M9: #REF! | N9: 0.82 | O9: 0.84 | P9: 0.82 | Q9: =SUM(Q38,Q93)/SUM(Q36,Q91) -> 0.847681 | R9: =SUM(R38,R93)/SUM(R36,R91) -> 0.86 | S9: =SUM(S38,S93)/SUM(S36,S91) -> 0.86 | T9: =SUM(T38,T93)/SUM(T36,T91) -> 0.86 | U9: =SUM(U38,U93)/SUM(U36,U91) -> 0.86 | V9: =SUM(V38,V93)/SUM(V36,V91) -> 0.86 | W9: =SUM(W38,W93)/SUM(W36,W91) -> 0.86 | X9: =SUM(X38,X93)/SUM(X36,X91) -> 0.86 | ... AD9: =SUM(AD38,AD93)/SUM(AD36,AD91) -> 0.86
A10: [Cake] - Cashloan | C10: %Disb | D10: % | E10: 1 | F10: 0.99970964 | G10: 0.99993715 | H10: 1 | I10: 0.99993553 | J10: 0.9997853 | K10: 1 | L10: 1 | M10: #REF! | N10: 1 | O10: 1 | P10: 1 | Q10: 1 | R10: 1 | S10: 1 | T10: 1 | U10: 1 | V10: 1 | W10: 1 | X10: 1 | Y10: 1 | Z10: 1 | AA10: 1 | AB10: 1 | AC10: 1 | AD10: 1
A11: [Cake] - Cashloan | C11: Disbursed app | D11: # | E11: =E5*E6*E7*E8*E9*E10 -> 13884 | F11: =F5*F6*F7*F8*F9*F10 -> 10329 | G11: =G5*G6*G7*G8*G9*G10 -> 15909 | H11: =H5*H6*H7*H8*H9*H10 -> 15688 | I11: =I5*I6*I7*I8*I9*I10 -> 15510 | J11: =J5*J6*J7*J8*J9*J10 -> 18627 | K11: =K5*K6*K7*K8*K9*K10 -> 24180 | L11: =L5*L6*L7*L8*L9*L10 -> 21333 | M11: =M5*M6*M7*M8*M9*M10 -> #REF! | N11: =SUM(N40,N67,N95) -> 25092.158 | O11: =SUM(O40,O67,O95) -> 24282.734 | P11: =SUM(P40,P67,P95) -> 25092.158 | Q11: =SUM(Q40,Q67,Q95) -> 235106.35 | R11: =SUM(R40,R67,R95) -> 22061.15 | S11: =SUM(S40,S67,S95) -> 19926.2 | T11: =SUM(T40,T67,T95) -> 22061.15 | U11: =SUM(U40,U67,U95) -> 25509.75 | ... AD11: =SUM(AD40,AD67,AD95) -> 323760.86
A12: [Cake] - Cashloan | C12: Ticket size | D12: Mil VND | E12: 10.683364 | F12: 10.80254 | G12: 11.059734 | H12: 14.511882 | I12: 15.001248 | J12: 14.699171 | K12: 15.620147 | L12: 15.873516 | M12: =M13/M11 -> #REF! | N12: =N13/N11 -> 19.062911 | O12: =O13/O11 -> 19.062911 | P12: =P13/P11 -> 19.062911 | Q12: =Q13/Q11 -> 16.118575 | R12: 18.634441 | S12: 18.634441 | T12: 18.634441 | U12: 18.557522 | V12: 18.557522 | W12: 18.557522 | X12: 18.535844 | Y12: 18.535844 | Z12: 18.535844 | AA12: 18.4964 | AB12: 18.4964 | AC12: 18.4964 | AD12: =AD13/AD11 -> 18.548729
A13: [Cake] - Cashloan | C13: Disburse amt | D13: Mil VND | E13: 148327.83 | F13: 111579.44 | G13: 175949.31 | H13: 227662.41 | I13: 232669.35 | J13: 273801.46 | K13: 377695.15 | L13: 338629.71 | M13: 486195.06 | N13: =SUM(N42,N69,N97) -> 478329.59 | O13: =SUM(O42,O69,O97) -> 462899.6 | P13: =SUM(P42,P69,P97) -> 478329.59 | Q13: =SUM(Q42,Q69,Q97) -> 3789579.3 | R13: =SUM(R42,R69,R97) -> 411097.2 | S13: =SUM(S42,S69,S97) -> 371313.6 | T13: =SUM(T42,T69,T97) -> 411097.2 | U13: =SUM(U42,U69,U97) -> 473397.75 | ... AD13: =SUM(AD42,AD69,AD97) -> 6005352.3 | AE13: =AD13/12 -> 500446.03
A15: [Cake] - Payday | C15: [Cake] - Payday
A16: [Cake] - Payday | C16: App-in | D16: # | K16: 57914 | L16: 161694 | M16: #REF! | N16: 170500 | O16: 165000 | P16: 170500 | Q16: =Q45 -> 890057 | R16: =SUM(R45,R72,R100) -> 155000 | S16: =SUM(S45,S72,S100) -> 140000 | T16: =SUM(T45,T72,T100) -> 155000 | U16: =SUM(U45,U72,U100) -> 165000 | V16: =SUM(V45,V72,V100) -> 170500 | W16: =SUM(W45,W72,W100) -> 165000 | X16: =SUM(X45,X72,X100) -> 186000 | Y16: =SUM(Y45,Y72,Y100) -> 186000 | ... AD16: =SUM(AD45,AD72,AD100) -> 2100500
A17: [Cake] - Payday | C17: %Los check | D17: % | K17: 1 | L17: 0.99999382 | M17: #REF! | N17: 1 | O17: 1 | P17: 1 | Q17: =Q46 -> 0.99998642 | R17: 1 | S17: 1 | T17: 1 | U17: 1 | V17: 1 | W17: 1 | X17: 1 | Y17: 1 | Z17: 1 | AA17: 1 | AB17: 1 | AC17: 1 | AD17: 1
A18: [Cake] - Payday | C18: %Los process | D18: % | K18: 0.99944746 | L18: 0.99377833 | M18: #REF! | N18: 1 | O18: 1 | P18: 1 | Q18: =Q47 -> 0.99998642 | R18: 1 | S18: 1 | T18: 1 | U18: 1 | V18: 1 | W18: 1 | X18: 1 | Y18: 1 | Z18: 1 | AA18: 1 | AB18: 1 | AC18: 1 | AD18: 1
A19: [Cake] - Payday | C19: %AR | D19: % | K19: 0.4022494 | L19: 0.33704656 | M19: #REF! | N19: 0.48 | O19: 0.48 | P19: 0.48 | Q19: =Q48 -> 0.44857523 | R19: =R48 -> 0.4 | S19: =S48 -> 0.4 | T19: =T48 -> 0.4 | U19: =U48 -> 0.4 | V19: =V48 -> 0.4 | W19: =W48 -> 0.4 | X19: =X48 -> 0.4 | ... AD19: =AD48 -> 0.4
A20: [Cake] - Payday | C20: %Sign | D20: % | K20: 0.95653481 | L20: 0.93428608 | M20: #REF! | N20: 0.9 | O20: 0.9 | P20: 0.9 | Q20: =Q50 -> 0.91143851 | R20: =R50 -> 0.9 | S20: =S50 -> 0.9 | T20: =T50 -> 0.9 | U20: =U50 -> 0.9 | V20: =V50 -> 0.9 | W20: =W50 -> 0.9 | X20: =X50 -> 0.9 | ... AD20: =AD50 -> 0.9
A21: [Cake] - Payday | C21: %Disb | D21: % | K21: 0.9999102 | L21: 0.99978261 | M21: #REF! | N21: 1 | O21: 1 | P21: 1 | Q21: =Q52 -> 0.99996005 | R21: 1 | S21: 1 | T21: 1 | U21: 1 | V21: 1 | W21: 1 | X21: 1 | Y21: 1 | Z21: 1 | AA21: 1 | AB21: 1 | AC21: 1 | AD21: 1
A22: [Cake] - Payday | C22: Disbursed app | D22: # | K22: =K16*K17*K18*K19*K20*K21 -> 22269 | L22: =L16*L17*L18*L19*L20*L21 -> 50589 | M22: =M16*M17*M18*M19*M20*M21 -> #REF! | N22: =N16*N17*N18*N19*N20*N21 -> 73656 | O22: =O16*O17*O18*O19*O20*O21 -> 71280 | P22: =P16*P17*P18*P19*P20*P21 -> 73656 | Q22: =Q16*Q17*Q18*Q19*Q20*Q21 -> 363874.26 | R22: =R16*R17*R18*R19*R20*R21 -> 55800 | ... AD22: =AD16*AD17*AD18*AD19*AD20*AD21 -> 756180
A23: [Cake] - Payday | C23: Ticket size | D23: Mil VND | K23: =K24/K22 -> 2.4548188 | L23: =L24/L22 -> 2.4658644 | M23: =M24/M22 -> #REF! | N23: 2.8 | O23: 2.8 | P23: 2.8 | Q23: =Q54 -> 2.6898447 | R23: =R54 -> 3 | S23: =S54 -> 3 | T23: =T54 -> 3 | U23: =U54 -> 3 | V23: =V54 -> 3 | W23: =W54 -> 3 | X23: =X54 -> 3 | ... AD23: =AD54 -> 3
A24: [Cake] - Payday | C24: Disburse amt | D24: Mil VND | K24: 54666.36 | L24: 124745.62 | M24: 196888.97 | N24: =N22*N23 -> 206236.8 | O24: =O22*O23 -> 199584 | P24: =P22*P23 -> 206236.8 | Q24: =Q22*Q23 -> 978765.25 | R24: =R22*R23 -> 167400 | S24: =S22*S23 -> 151200 | T24: =T22*T23 -> 167400 | U24: =U22*U23 -> 178200 | ... AD24: =AD22*AD23 -> 2268540
E26: =E5=SUM(E32,E61,E87) -> TRUE | F26: =F5=SUM(F32,F61,F87) -> TRUE | G26: =G5=SUM(G32,G61,G87) -> TRUE | H26: =H5=SUM(H32,H61,H87) -> TRUE | I26: =I5=SUM(I32,I61,I87) -> TRUE | J26: =J5=SUM(J32,J61,J87) -> TRUE | K26: =K5=SUM(K32,K61,K87) -> TRUE | L26: =L5=SUM(L32,L61,L87) -> TRUE | ... P26: =P5=SUM(P32,P61,P87) -> TRUE | R26: =R5=SUM(R32,R61,R87) -> TRUE | S26: =S5=SUM(S32,S61,S87) -> TRUE | T26: =T5=SUM(T32,T61,T87) -> TRUE | U26: =U5=SUM(U32,U61,U87) -> TRUE | V26: =V5=SUM(V32,V61,V87) -> TRUE | W26: =W5=SUM(W32,W61,W87) -> TRUE | X26: =X5=SUM(X32,X61,X87) -> TRUE | Y26: =Y5=SUM(Y32,Y61,Y87) -> TRUE | ... AD26: =AD5=SUM(AD32,AD61,AD87) -> TRUE
E27: =E11=SUM(E40,E67,E95) -> TRUE | F27: =F11=SUM(F40,F67,F95) -> TRUE | G27: =G11=SUM(G40,G67,G95) -> TRUE | H27: =H11=SUM(H40,H67,H95) -> TRUE | I27: =I11=SUM(I40,I67,I95) -> TRUE | J27: =J11=SUM(J40,J67,J95) -> TRUE | K27: =K11=SUM(K40,K67,K95) -> TRUE | L27: =L11=SUM(L40,L67,L95) -> TRUE | ... AD27: =AD11=SUM(AD40,AD67,AD95) -> TRUE
E28: =E13=SUM(E42,E69,E97) -> TRUE | F28: =F13=SUM(F42,F69,F97) -> TRUE | G28: =G13=SUM(G42,G69,G97) -> TRUE | H28: =H13=SUM(H42,H69,H97) -> TRUE | I28: =I13=SUM(I42,I69,I97) -> TRUE | J28: =J13=SUM(J42,J69,J97) -> TRUE | K28: =K13=SUM(K42,K69,K97) -> TRUE | L28: =L13=SUM(L42,L69,L97) -> TRUE | ... AD28: =AD13=SUM(AD42,AD69,AD97) -> TRUE
C29: Mass
C30: Product x Partner | E30: 45658 | F30: =EDATE(E30,1) -> 45689 | G30: =EDATE(F30,1) -> 45717 | H30: =EDATE(G30,1) -> 45748 | I30: =EDATE(H30,1) -> 45778 | J30: =EDATE(I30,1) -> 45809 | K30: =EDATE(J30,1) -> 45839 | L30: =EDATE(K30,1) -> 45870 | M30: =EDATE(L30,1) -> 45901 | ... P30: =EDATE(O30,1) -> 45992 | Q30: FY25 | R30: =EDATE(P30,1) -> 46023 | S30: =EDATE(R30,1) -> 46054 | T30: =EDATE(S30,1) -> 46082 | U30: =EDATE(T30,1) -> 46113 | V30: =EDATE(U30,1) -> 46143 | W30: =EDATE(V30,1) -> 46174 | X30: =EDATE(W30,1) -> 46204 | Y30: =EDATE(X30,1) -> 46235 | Z30: =EDATE(Y30,1) -> 46266 | ... AC30: =EDATE(AB30,1) -> 46357 | AD30: FY26
A31: [Cake] - Cashloan | C31: [Cake] - Cashloan
A32: [Cake] - Cashloan | C32: App-in | D32: # | E32: 82211 | F32: 68741 | G32: 89225 | H32: 102656 | I32: 105505 | J32: 116039 | K32: 141397 | L32: 147314 | M32: 154051 | N32: 164300 | O32: =5300*30 -> 159000 | P32: 164300 | Q32: =SUM(E32:P32) -> 1494739 | R32: 133300 | S32: 120400 | T32: 133300 | U32: 156000 | V32: 161200 | W32: 156000 | X32: 176700 | Y32: 176700 | Z32: 171000 | AA32: 201500 | AB32: 195000 | AC32: 201500 | AD32: =SUM(R32:AC32) -> 1982600
A33: [Cake] - Cashloan | C33: %Los check | D33: % | E33: 1 | F33: 1 | G33: 0.99992155 | H33: 0.99998052 | I33: 1 | J33: 0.99998276 | K33: 1 | L33: 0.99998642 | M33: 0.99998642 | N33: 0.99998642 | O33: 0.99998642 | P33: 0.99998642 | Q33: 0.99998642 | R33: 1 | S33: 1 | T33: 1 | U33: 1 | V33: 1 | W33: 1 | X33: 1 | Y33: 1 | Z33: 1 | AA33: 1 | AB33: 1 | AC33: 1 | AD33: 1
A34: [Cake] - Cashloan | C34: %Los process | D34: % | E34: 0.99474523 | F34: 0.99349733 | G34: 0.9956511 | H34: 0.99356089 | I34: 0.99546941 | J34: 0.99756112 | K34: 0.99876942 | L34: 0.99081541 | M34: 0.99998642 | N34: 0.99998642 | O34: 0.99998642 | P34: 0.99998642 | Q34: 0.99998642 | R34: 1 | S34: 1 | T34: 1 | U34: 1 | V34: 1 | W34: 1 | X34: 1 | Y34: 1 | Z34: 1 | AA34: 1 | AB34: 1 | AC34: 1 | AD34: 1
A35: [Cake] - Cashloan | C35: %AR | D35: % | E35: 0.20776728 | F35: 0.17962046 | G35: 0.21106608 | H35: 0.16941359 | I35: 0.16183458 | J35: 0.17673687 | K35: 0.18676136 | L35: 0.16075747 | M35: 0.17983006 | N35: 0.175 | O35: 0.175 | P35: 0.175 | Q35: =Q36/Q32 -> 0.17769653 | R35: 0.175 | S35: 0.175 | T35: 0.175 | U35: 0.175 | V35: 0.175 | W35: 0.175 | X35: 0.175 | Y35: 0.175 | Z35: 0.175 | AA35: 0.175 | AB35: 0.175 | AC35: 0.175 | AD35: =AD36/AD32 -> 0.175
A36: [Cake] - Cashloan | C36: Approved App | D36: # | E36: =E32*E33*E34*E35 -> 16991 | F36: =F32*F33*F34*F35 -> 12267 | G36: =G32*G33*G34*G35 -> 18749 | H36: =H32*H33*H34*H35 -> 17279 | I36: =I32*I33*I34*I35 -> 16997 | J36: =J32*J33*J34*J35 -> 20458 | K36: =K32*K33*K34*K35 -> 26375 | L36: =L32*L33*L34*L35 -> 23464 | ... P36: =P32*P33*P34*P35 -> 28751.719 | Q36: =SUM(E36:P36) -> 265609.93 | R36: =R32*R33*R34*R35 -> 23327.5 | S36: =S32*S33*S34*S35 -> 21070 | T36: =T32*T33*T34*T35 -> 23327.5 | U36: =U32*U33*U34*U35 -> 27300 | V36: =V32*V33*V34*V35 -> 28210 | W36: =W32*W33*W34*W35 -> 27300 | X36: =X32*X33*X34*X35 -> 30922.5 | Y36: =Y32*Y33*Y34*Y35 -> 30922.5 | ... AC36: =AC32*AC33*AC34*AC35 -> 35262.5 | AD36: =SUM(R36:AC36) -> 346955
A37: [Cake] - Cashloan | C37: %Sign | D37: % | E37: 0.81713849 | F37: 0.84225972 | G37: 0.84857859 | H37: 0.85548932 | I37: 0.86644702 | J37: 0.86108124 | K37: 0.87272038 | L37: 0.86387658 | M37: 0.86438147 | N37: 0.83 | O37: 0.83 | P37: 0.83 | Q37: =Q38/Q36 -> 0.84826003 | R37: 0.86 | S37: 0.86 | T37: 0.86 | U37: 0.86 | V37: 0.86 | W37: 0.86 | X37: 0.86 | Y37: 0.86 | Z37: 0.86 | AA37: 0.86 | AB37: 0.86 | AC37: 0.86 | AD37: =R37 -> 0.86
A38: [Cake] - Cashloan | C38: Sign App | D38: # | E38: =E36*E37 -> 13884 | F38: =F36*F37 -> 10332 | G38: =G36*G37 -> 15910 | H38: =H36*H37 -> 14782 | I38: =I36*I37 -> 14727 | J38: =J36*J37 -> 17616 | K38: =K36*K37 -> 23018 | L38: =L36*L37 -> 20270 | ... P38: =P36*P37 -> 23863.927 | Q38: =SUM(E38:P38) -> 225306.29 | R38: =R36*R37 -> 20061.65 | S38: =S36*S37 -> 18120.2 | T38: =T36*T37 -> 20061.65 | U38: =U36*U37 -> 23478 | V38: =V36*V37 -> 24260.6 | W38: =W36*W37 -> 23478 | X38: =X36*X37 -> 26593.35 | Y38: =Y36*Y37 -> 26593.35 | ... AC38: =AC36*AC37 -> 30325.75 | AD38: =SUM(R38:AC38) -> 298381.3
A39: [Cake] - Cashloan | C39: %Disb | D39: % | E39: 1 | F39: 0.99970964 | G39: 0.99993715 | H39: 1 | I39: 0.9999321 | J39: 0.99977293 | K39: 1 | L39: 1 | M39: 1 | N39: 1 | O39: 1 | P39: 1 | Q39: 0.99996005 | R39: 1 | S39: 1 | T39: 1 | U39: 1 | V39: 1 | W39: 1 | X39: 1 | Y39: 1 | Z39: 1 | AA39: 1 | AB39: 1 | AC39: 1 | AD39: 1
A40: [Cake] - Cashloan | C40: Disbursed app | D40: % | E40: =E38*E39 -> 13884 | F40: =F38*F39 -> 10329 | G40: =G38*G39 -> 15909 | H40: =H38*H39 -> 14782 | I40: =I38*I39 -> 14726 | J40: =J38*J39 -> 17612 | K40: =K38*K39 -> 23018 | L40: =L38*L39 -> 20270 | ... P40: =P38*P39 -> 23863.927 | Q40: =SUM(E40:P40) -> 225297.29 | R40: =R38*R39 -> 20061.65 | S40: =S38*S39 -> 18120.2 | T40: =T38*T39 -> 20061.65 | U40: =U38*U39 -> 23478 | V40: =V38*V39 -> 24260.6 | W40: =W38*W39 -> 23478 | X40: =X38*X39 -> 26593.35 | Y40: =Y38*Y39 -> 26593.35 | ... AD40: =AD38*AD39 -> 298381.3
A41: [Cake] - Cashloan | C41: Ticket size | D41: # | E41: =E42/E40 -> 10.683364 | F41: =F42/F40 -> 10.80254 | G41: =G42/G40 -> 11.059734 | H41: =H42/H40 -> 14.160466 | I41: =I42/I40 -> 14.69435 | J41: =J42/J40 -> 14.390941 | K41: =K42/K40 -> 15.265709 | L41: =L42/L40 -> 15.494727 | M41: 18.654428 | N41: 18.5 | O41: 18.5 | P41: 18.5 | Q41: =Q42/Q40 -> 15.700925 | R41: 18 | S41: 18 | T41: 18 | U41: 18 | V41: 18 | W41: 18 | X41: 18 | Y41: 18 | Z41: 18 | AA41: 18 | AB41: 18 | AC41: 18 | AD41: =R41 -> 18
A42: [Cake] - Cashloan | C42: Disburse amt | D42: Mil VND | E42: 148327.83 | F42: 111579.44 | G42: 175949.31 | H42: 209320.01 | I42: 216389 | J42: 253453.26 | K42: 351386.1 | L42: 314078.11 | M42: =M40*M41 -> 446686.06 | N42: =N40*N41 -> 441482.65 | O42: =O40*O41 -> 427241.27 | P42: =P40*P41 -> 441482.65 | Q42: =SUM(E42:P42) -> 3537375.7 | R42: =R40*R41 -> 361109.7 | S42: =S40*S41 -> 326163.6 | T42: =T40*T41 -> 361109.7 | U42: =U40*U41 -> 422604 | V42: =V40*V41 -> 436690.8 | W42: =W40*W41 -> 422604 | X42: =X40*X41 -> 478680.3 | Y42: =Y40*Y41 -> 478680.3 | ... AD42: =AD40*AD41 -> 5370863.4 | AE42: =AD42/12 -> 447571.95
A44: [Cake] - Payday | C44: [Cake] - Payday
A45: [Cake] - Payday | C45: App-in | D45: # | K45: 57914 | L45: 161694 | M45: 164449 | N45: 170500 | O45: 165000 | P45: 170500 | Q45: =SUM(E45:P45) -> 890057 | R45: 155000 | S45: 140000 | T45: 155000 | U45: 165000 | V45: 170500 | W45: 165000 | X45: 186000 | Y45: 186000 | Z45: 180000 | AA45: 201500 | AB45: 195000 | AC45: 201500 | AD45: =SUM(R45:AC45) -> 2100500
A46: [Cake] - Payday | C46: %Los check | D46: % | K46: 1 | L46: 1 | M46: 1 | N46: 1 | O46: 1 | P46: 1 | Q46: 0.99998642 | R46: 1 | S46: 1 | T46: 1 | U46: 1 | V46: 1 | W46: 1 | X46: 1 | Y46: 1 | Z46: 1 | AA46: 1 | AB46: 1 | AC46: 1 | AD46: 0.99998642
A47: [Cake] - Payday | C47: %Los process | D47: % | K47: 1 | L47: 1 | M47: 1 | N47: 1 | O47: 1 | P47: 1 | Q47: 0.99998642 | R47: 1 | S47: 1 | T47: 1 | U47: 1 | V47: 1 | W47: 1 | X47: 1 | Y47: 1 | Z47: 1 | AA47: 1 | AB47: 1 | AC47: 1 | AD47: 0.99998642
A48: [Cake] - Payday | C48: %AR | D48: % | K48: 0.40202714 | L48: 0.33494749 | M48: 0.48 | N48: 0.48 | O48: 0.48 | P48: 0.48 | Q48: =Q49/Q45 -> 0.44857523 | R48: 0.4 | S48: 0.4 | T48: 0.4 | U48: 0.4 | V48: 0.4 | W48: 0.4 | X48: 0.4 | Y48: 0.4 | Z48: 0.4 | AA48: 0.4 | AB48: 0.4 | AC48: 0.4 | AD48: =AD49/AD45 -> 0.4
A49: [Cake] - Payday | C49: Approved App | D49: # | K49: =K45*K46*K47*K48 -> 23283 | L49: =L45*L46*L47*L48 -> 54159 | M49: =M45*M46*M47*M48 -> 78935.52 | N49: =N45*N46*N47*N48 -> 81840 | O49: =O45*O46*O47*O48 -> 79200 | P49: =P45*P46*P47*P48 -> 81840 | Q49: =SUM(E49:P49) -> 399257.52 | R49: =R45*R46*R47*R48 -> 62000 | S49: =S45*S46*S47*S48 -> 56000 | T49: =T45*T46*T47*T48 -> 62000 | U49: =U45*U46*U47*U48 -> 66000 | V49: =V45*V46*V47*V48 -> 68200 | W49: =W45*W46*W47*W48 -> 66000 | X49: =X45*X46*X47*X48 -> 74400 | Y49: =Y45*Y46*Y47*Y48 -> 74400 | ... AC49: =AC45*AC46*AC47*AC48 -> 80600 | AD49: =SUM(R49:AC49) -> 840200
A50: [Cake] - Payday | C50: %Sign | D50: % | K50: 0.95047889 | L50: 0.93347366 | M50: 0.92 | N50: 0.9 | O50: 0.9 | P50: 0.9 | Q50: =Q51/Q49 -> 0.91143851 | R50: 0.9 | S50: 0.9 | T50: 0.9 | U50: 0.9 | V50: 0.9 | W50: 0.9 | X50: 0.9 | Y50: 0.9 | Z50: 0.9 | AA50: 0.9 | AB50: 0.9 | AC50: 0.9 | AD50: =AD51/AD49 -> 0.9
A51: [Cake] - Payday | C51: Sign App | D51: # | K51: =K49*K50 -> 22130 | L51: =L49*L50 -> 50556 | M51: =M49*M50 -> 72620.678 | N51: =N49*N50 -> 73656 | O51: =O49*O50 -> 71280 | P51: =P49*P50 -> 73656 | Q51: =SUM(E51:P51) -> 363898.68 | R51: =R49*R50 -> 55800 | S51: =S49*S50 -> 50400 | T51: =T49*T50 -> 55800 | U51: =U49*U50 -> 59400 | V51: =V49*V50 -> 61380 | W51: =W49*W50 -> 59400 | X51: =X49*X50 -> 66960 | Y51: =Y49*Y50 -> 66960 | ... AC51: =AC49*AC50 -> 72540 | AD51: =SUM(R51:AC51) -> 756180
A52: [Cake] - Payday | C52: %Disb | D52: % | K52: 1 | L52: 1 | M52: 1 | N52: 1 | O52: 1 | P52: 1 | Q52: 0.99996005 | R52: 1 | S52: 1 | T52: 1 | U52: 1 | V52: 1 | W52: 1 | X52: 1 | Y52: 1 | Z52: 1 | AA52: 1 | AB52: 1 | AC52: 1 | AD52: 0.99996005
A53: [Cake] - Payday | C53: Disbursed app | D53: % | K53: =K51*K52 -> 22130 | L53: =L51*L52 -> 50556 | M53: =M51*M52 -> 72620.678 | N53: =N51*N52 -> 73656 | O53: =O51*O52 -> 71280 | P53: =P51*P52 -> 73656 | Q53: =SUM(E53:P53) -> 363898.68 | R53: =R51*R52 -> 55800 | S53: =S51*S52 -> 50400 | T53: =T51*T52 -> 55800 | U53: =U51*U52 -> 59400 | V53: =V51*V52 -> 61380 | W53: =W51*W52 -> 59400 | X53: =X51*X52 -> 66960 | Y53: =Y51*Y52 -> 66960 | ... AC53: =AC51*AC52 -> 72540 | AD53: =SUM(R53:AC53) -> 756180
A54: [Cake] - Payday | C54: Ticket size | D54: # | K54: 2.4702377 | L54: 2.467474 | M54: 2.58 | N54: 2.8 | O54: 2.8 | P54: 2.8 | Q54: =Q55/Q53 -> 2.6898447 | R54: 3 | S54: 3 | T54: 3 | U54: 3 | V54: 3 | W54: 3 | X54: 3 | Y54: 3 | Z54: 3 | AA54: 3 | AB54: 3 | AC54: 3 | AD54: =AD55/AD53 -> 3
A55: [Cake] - Payday | C55: Disburse amt | D55: Mil VND | K55: 54666.36 | L55: 124745.62 | M55: =M53*M54 -> 187361.35 | N55: =N53*N54 -> 206236.8 | O55: =O53*O54 -> 199584 | P55: =P53*P54 -> 206236.8 | Q55: =SUM(E55:P55) -> 978830.93 | R55: =R53*R54 -> 167400 | S55: =S53*S54 -> 151200 | T55: =T53*T54 -> 167400 | U55: =U53*U54 -> 178200 | V55: =V53*V54 -> 184140 | W55: =W53*W54 -> 178200 | X55: =X53*X54 -> 200880 | Y55: =Y53*Y54 -> 200880 | ... AC55: =AC53*AC54 -> 217620 | AD55: =SUM(R55:AC55) -> 2268540 | AE55: =AD55/12 -> 189045
C58: Xsell
C59: Product x Partner | E59: 45658 | F59: =EDATE(E59,1) -> 45689 | G59: =EDATE(F59,1) -> 45717 | H59: =EDATE(G59,1) -> 45748 | I59: =EDATE(H59,1) -> 45778 | J59: =EDATE(I59,1) -> 45809 | K59: =EDATE(J59,1) -> 45839 | L59: =EDATE(K59,1) -> 45870 | M59: =EDATE(L59,1) -> 45901 | ... P59: =EDATE(O59,1) -> 45992 | Q59: FY25 | R59: =EDATE(P59,1) -> 46023 | S59: =EDATE(R59,1) -> 46054 | T59: =EDATE(S59,1) -> 46082 | U59: =EDATE(T59,1) -> 46113 | V59: =EDATE(U59,1) -> 46143 | W59: =EDATE(V59,1) -> 46174 | X59: =EDATE(W59,1) -> 46204 | Y59: =EDATE(X59,1) -> 46235 | Z59: =EDATE(Y59,1) -> 46266 | ... AC59: =EDATE(AB59,1) -> 46357 | AD59: FY26
A60: [Cake] - Cashloan | C60: [Cake] - Cashloan
A61: [Cake] - Cashloan | C61: App-in | D61: #
A62: [Cake] - Cashloan | C62: %Los check
A63: [Cake] - Cashloan | C63: %Los process
A64: [Cake] - Cashloan | C64: %AR
A65: [Cake] - Cashloan | C65: %Sign | D65: %
A66: [Cake] - Cashloan | C66: %Disb | D66: %
A67: [Cake] - Cashloan | C67: Disbursed app | D67: # | M67: =M61*M62*M63*M64*M65*M66 -> 0 | N67: =N61*N62*N63*N64*N65*N66 -> 0 | O67: =O61*O62*O63*O64*O65*O66 -> 0 | P67: =P61*P62*P63*P64*P65*P66 -> 0 | Q67: =Q61*Q62*Q63*Q64*Q65*Q66 -> 0 | R67: =R61*R62*R63*R64*R65*R66 -> 0 | S67: =S61*S62*S63*S64*S65*S66 -> 0 | T67: =T61*T62*T63*T64*T65*T66 -> 0 | ... AD67: =AD61*AD62*AD63*AD64*AD65*AD66 -> 0
A68: [Cake] - Cashloan | C68: Ticket size | D68: Mil VND
A69: [Cake] - Cashloan | C69: Disburse amt | D69: Mil VND | M69: =M67*M68 -> 0 | N69: =N67*N68 -> 0 | O69: =O67*O68 -> 0 | P69: =P67*P68 -> 0 | Q69: =Q67*Q68 -> 0 | R69: =R67*R68 -> 0 | S69: =S67*S68 -> 0 | T69: =T67*T68 -> 0 | ... AD69: =AD67*AD68 -> 0
A71: [Cake] - Payday | C71: [Cake] - Payday
A72: [Cake] - Payday | C72: App-in | D72: #
A73: [Cake] - Payday | C73: %Los check
A74: [Cake] - Payday | C74: %Los process
A75: [Cake] - Payday | C75: %AR
A76: [Cake] - Payday | C76: %Sign
A77: [Cake] - Payday | C77: %Disb | D77: %
A78: [Cake] - Payday | C78: Disbursed app | D78: % | M78: =M72*M73*M74*M75*M76*M77 -> 0 | N78: =N72*N73*N74*N75*N76*N77 -> 0 | O78: =O72*O73*O74*O75*O76*O77 -> 0 | P78: =P72*P73*P74*P75*P76*P77 -> 0 | Q78: =Q72*Q73*Q74*Q75*Q76*Q77 -> 0 | R78: =R72*R73*R74*R75*R76*R77 -> 0 | S78: =S72*S73*S74*S75*S76*S77 -> 0 | T78: =T72*T73*T74*T75*T76*T77 -> 0 | ... AD78: =AD72*AD73*AD74*AD75*AD76*AD77 -> 0
A79: [Cake] - Payday | C79: Ticket size | D79: #
A80: [Cake] - Payday | C80: Disburse amt | D80: Mil VND | M80: =M78*M79 -> 0 | N80: =N78*N79 -> 0 | O80: =O78*O79 -> 0 | P80: =P78*P79 -> 0 | Q80: =Q78*Q79 -> 0 | R80: =R78*R79 -> 0 | S80: =S78*S79 -> 0 | T80: =T78*T79 -> 0 | ... AD80: =AD78*AD79 -> 0
C84: Pre-approved
C85: Product x Partner | E85: 45658 | F85: =EDATE(E85,1) -> 45689 | G85: =EDATE(F85,1) -> 45717 | H85: =EDATE(G85,1) -> 45748 | I85: =EDATE(H85,1) -> 45778 | J85: =EDATE(I85,1) -> 45809 | K85: =EDATE(J85,1) -> 45839 | L85: =EDATE(K85,1) -> 45870 | M85: =EDATE(L85,1) -> 45901 | ... P85: =EDATE(O85,1) -> 45992 | Q85: FY25 | R85: =EDATE(P85,1) -> 46023 | S85: =EDATE(R85,1) -> 46054 | T85: =EDATE(S85,1) -> 46082 | U85: =EDATE(T85,1) -> 46113 | V85: =EDATE(U85,1) -> 46143 | W85: =EDATE(V85,1) -> 46174 | X85: =EDATE(W85,1) -> 46204 | Y85: =EDATE(X85,1) -> 46235 | Z85: =EDATE(Y85,1) -> 46266 | ... AC85: =EDATE(AB85,1) -> 46357 | AD85: FY26
A86: [Cake] - Cashloan | C86: [Cake] - Cashloan
A87: [Cake] - Cashloan | C87: App-in | D87: # | H87: 1482 | I87: 1359 | J87: 2073 | K87: 2048 | L87: 1788 | M87: 1713 | N87: 1705 | O87: 1650 | P87: 1705 | Q87: =SUM(E87:P87) -> 15523 | R87: 3100 | S87: 2800 | T87: 3100 | U87: 3150 | V87: 3255 | W87: 3150 | X87: 3417.75 | Y87: 3417.75 | Z87: 3307.5 | AA87: 3588.6375 | AB87: 3472.875 | AC87: 3588.6375 | AD87: =SUM(R87:AC87) -> 39348.15
A88: [Cake] - Cashloan | C88: %Los check | D88: % | H88: 1 | I88: 1 | J88: 1 | K88: 1 | L88: 1 | M88: 1 | N88: 1 | O88: 1 | P88: 1 | Q88: 0.99998642 | R88: 1 | S88: 1 | T88: 1 | U88: 1 | V88: 1 | W88: 1 | X88: 1 | Y88: 1 | Z88: 1 | AA88: 1 | AB88: 1 | AC88: 1 | AD88: 0.99998642
A89: [Cake] - Cashloan | C89: %Los process | D89: % | H89: 0.99325236 | I89: 0.99411332 | J89: 0.99758804 | K89: 0.99560547 | L89: 0.98545861 | M89: 0.98545861 | N89: 0.98545861 | O89: 0.98545861 | P89: 0.98545861 | Q89: 0.99998642 | R89: 1 | S89: 1 | T89: 1 | U89: 1 | V89: 1 | W89: 1 | X89: 1 | Y89: 1 | Z89: 1 | AA89: 1 | AB89: 1 | AC89: 1 | AD89: 0.99998642
A90: [Cake] - Cashloan | C90: %AR | D90: % | H90: 0.76834239 | I90: 0.71132494 | J90: 0.60058027 | K90: 0.67778323 | L90: 0.73609535 | M90: 0.86 | N90: 0.86 | O90: 0.86 | P90: 0.86 | Q90: =Q91/Q87 -> 0.7571397 | R90: 0.75 | S90: 0.75 | T90: 0.75 | U90: 0.75 | V90: 0.75 | W90: 0.75 | X90: 0.75 | Y90: 0.75 | Z90: 0.75 | AA90: 0.75 | AB90: 0.75 | AC90: 0.75 | AD90: =AD91/AD87 -> 0.75
A91: [Cake] - Cashloan | C91: Approved App | D91: # | H91: =H87*H88*H89*H90 -> 1131 | I91: =I87*I88*I89*I90 -> 961 | J91: =J87*J88*J89*J90 -> 1242 | K91: =K87*K88*K89*K90 -> 1382 | L91: =L87*L88*L89*L90 -> 1297 | M91: =M87*M88*M89*M90 -> 1451.7579 | N91: =N87*N88*N89*N90 -> 1444.978 | O91: =O87*O88*O89*O90 -> 1398.3658 | P91: =P87*P88*P89*P90 -> 1444.978 | Q91: =SUM(E91:P91) -> 11753.08 | R91: =R87*R88*R89*R90 -> 2325 | S91: =S87*S88*S89*S90 -> 2100 | T91: =T87*T88*T89*T90 -> 2325 | U91: =U87*U88*U89*U90 -> 2362.5 | V91: =V87*V88*V89*V90 -> 2441.25 | W91: =W87*W88*W89*W90 -> 2362.5 | X91: =X87*X88*X89*X90 -> 2563.3125 | Y91: =Y87*Y88*Y89*Y90 -> 2563.3125 | ... AC91: =AC87*AC88*AC89*AC90 -> 2691.4781 | AD91: =SUM(R91:AC91) -> 29511.113
A92: [Cake] - Cashloan | C92: %Sign | D92: % | H92: 0.80106101 | I92: 0.81581686 | J92: 0.81723027 | K92: 0.84081042 | L92: 0.81958365 | M92: 0.85 | N92: 0.85 | O92: 0.85 | P92: 0.85 | Q92: =Q93/Q91 -> 0.83459553 | R92: 0.86 | S92: 0.86 | T92: 0.86 | U92: 0.86 | V92: 0.86 | W92: 0.86 | X92: 0.86 | Y92: 0.86 | Z92: 0.86 | AA92: 0.86 | AB92: 0.86 | AC92: 0.86 | AD92: =AD93/AD91 -> 0.86
A93: [Cake] - Cashloan | C93: Sign App | H93: =H91*H92 -> 906 | I93: =I91*I92 -> 784 | J93: =J91*J92 -> 1015 | K93: =K91*K92 -> 1162 | L93: =L91*L92 -> 1063 | M93: =M91*M92 -> 1233.9942 | N93: =N91*N92 -> 1228.2313 | O93: =O91*O92 -> 1188.6109 | P93: =P91*P92 -> 1228.2313 | Q93: =SUM(E93:P93) -> 9809.0677 | R93: =R91*R92 -> 1999.5 | S93: =S91*S92 -> 1806 | T93: =T91*T92 -> 1999.5 | U93: =U91*U92 -> 2031.75 | V93: =V91*V92 -> 2099.475 | W93: =W91*W92 -> 2031.75 | X93: =X91*X92 -> 2204.4488 | Y93: =Y91*Y92 -> 2204.4488 | ... AC93: =AC91*AC92 -> 2314.6712 | AD93: =SUM(R93:AC93) -> 25379.557
A94: [Cake] - Cashloan | C94: %Disb | D94: % | H94: 1 | I94: 1 | J94: 1 | K94: 1 | L94: 1 | M94: 1 | N94: 1 | O94: 1 | P94: 1 | Q94: 0.99996005 | R94: 1 | S94: 1 | T94: 1 | U94: 1 | V94: 1 | W94: 1 | X94: 1 | Y94: 1 | Z94: 1 | AA94: 1 | AB94: 1 | AC94: 1 | AD94: 0.99996005
A95: [Cake] - Cashloan | C95: Disbursed app | D95: % | H95: =H93*H94 -> 906 | I95: =I93*I94 -> 784 | J95: =J93*J94 -> 1015 | K95: =K93*K94 -> 1162 | L95: =L93*L94 -> 1063 | M95: =M93*M94 -> 1233.9942 | N95: =N93*N94 -> 1228.2313 | O95: =O93*O94 -> 1188.6109 | P95: =P93*P94 -> 1228.2313 | Q95: =SUM(E95:P95) -> 9809.0677 | R95: =R93*R94 -> 1999.5 | S95: =S93*S94 -> 1806 | T95: =T93*T94 -> 1999.5 | U95: =U93*U94 -> 2031.75 | V95: =V93*V94 -> 2099.475 | W95: =W93*W94 -> 2031.75 | X95: =X93*X94 -> 2204.4488 | Y95: =Y93*Y94 -> 2204.4488 | ... AC95: =AC93*AC94 -> 2314.6712 | AD95: =SUM(R95:AC95) -> 25379.557
A96: [Cake] - Cashloan | C96: Ticket size | D96: # | H96: =H97/H95 -> 20.245475 | I96: =I97/I95 -> 20.765753 | J96: =J97/J95 -> 20.047488 | K96: =K97/K95 -> 22.641179 | L96: =L97/L95 -> 23.096519 | M96: 30 | N96: 30 | O96: 30 | P96: 30 | Q96: =Q97/Q95 -> 25.711274 | R96: 25 | S96: 25 | T96: 25 | U96: 25 | V96: 25 | W96: 25 | X96: 25 | Y96: 25 | Z96: 25 | AA96: 25 | AB96: 25 | AC96: 25 | AD96: =AD97/AD95 -> 25
A97: [Cake] - Cashloan | C97: Disburse amt | D97: Mil VND | H97: 18342.4 | I97: 16280.35 | J97: 20348.2 | K97: 26309.05 | L97: 24551.6 | M97: =M95*M96 -> 37019.827 | N97: =N95*N96 -> 36846.938 | O97: =O95*O96 -> 35658.327 | P97: =P95*P96 -> 36846.938 | Q97: =SUM(E97:P97) -> 252203.63 | R97: =R95*R96 -> 49987.5 | S97: =S95*S96 -> 45150 | T97: =T95*T96 -> 49987.5 | U97: =U95*U96 -> 50793.75 | V97: =V95*V96 -> 52486.875 | W97: =W95*W96 -> 50793.75 | X97: =X95*X96 -> 55111.219 | Y97: =Y95*Y96 -> 55111.219 | ... AC97: =AC95*AC96 -> 57866.78 | AD97: =SUM(R97:AC97) -> 634488.92 | AE97: =AD97/12 -> 52874.077
A99: [Cake] - Payday | C99: [Cake] - Payday
A100: [Cake] - Payday | C100: App-in | D100: #
A101: [Cake] - Payday | C101: %Los check
A102: [Cake] - Payday | C102: %Los process
A103: [Cake] - Payday | C103: %AR
A104: [Cake] - Payday | C104: %Sign | D104: %
A105: [Cake] - Payday | C105: %Disb | D105: %
A106: [Cake] - Payday | C106: Disbursed app | D106: # | M106: =M100*M101*M102*M103*M104*M105 -> 0 | N106: =N100*N101*N102*N103*N104*N105 -> 0 | O106: =O100*O101*O102*O103*O104*O105 -> 0 | P106: =P100*P101*P102*P103*P104*P105 -> 0 | Q106: =Q100*Q101*Q102*Q103*Q104*Q105 -> 0 | R106: =R100*R101*R102*R103*R104*R105 -> 0 | S106: =S100*S101*S102*S103*S104*S105 -> 0 | T106: =T100*T101*T102*T103*T104*T105 -> 0 | ... AD106: =AD100*AD101*AD102*AD103*AD104*AD105 -> 0
A107: [Cake] - Payday | C107: Ticket size | D107: Mil VND
A108: [Cake] - Payday | C108: Disburse amt | D108: Mil VND | M108: =M106*M107 -> 0 | N108: =N106*N107 -> 0 | O108: =O106*O107 -> 0 | P108: =P106*P107 -> 0 | Q108: =Q106*Q107 -> 0 | R108: =R106*R107 -> 0 | S108: =S106*S107 -> 0 | T108: =T106*T107 -> 0 | ... AD108: =AD106*AD107 -> 0
C110: Pre-approved - NTC
C111: Product x Partner | E111: 45658 | F111: =EDATE(E111,1) -> 45689 | G111: =EDATE(F111,1) -> 45717 | H111: =EDATE(G111,1) -> 45748 | I111: =EDATE(H111,1) -> 45778 | J111: =EDATE(I111,1) -> 45809 | K111: =EDATE(J111,1) -> 45839 | L111: =EDATE(K111,1) -> 45870 | M111: =EDATE(L111,1) -> 45901 | ... P111: =EDATE(O111,1) -> 45992 | Q111: FY25 | R111: =EDATE(P111,1) -> 46023 | S111: =EDATE(R111,1) -> 46054 | T111: =EDATE(S111,1) -> 46082 | U111: =EDATE(T111,1) -> 46113 | V111: =EDATE(U111,1) -> 46143 | W111: =EDATE(V111,1) -> 46174 | X111: =EDATE(W111,1) -> 46204 | Y111: =EDATE(X111,1) -> 46235 | Z111: =EDATE(Y111,1) -> 46266 | ... AC111: =EDATE(AB111,1) -> 46357 | AD111: FY26
C112: [Cake] - Cashloan
...

Sheet 2H1G (2)
C2: CASH LOAN | E2: 1 | F2: 2 | G2: 3 | H2: 4 | I2: 5 | J2: 6 | K2: 7 | L2: 8
C3: Product x Partner | E3: 45658 | F3: 45689 | G3: 45717 | H3: 45748 | I3: 45778 | J3: 45809 | K3: 45839 | L3: 45870 | M3: =EDATE(L3,1) -> 45901 | N3: =EDATE(M3,1) -> 45931 | O3: =EDATE(N3,1) -> 45962 | P3: =EDATE(O3,1) -> 45992 | Q3: FY25 | R3: =EDATE(P3,1) -> 46023 | S3: =EDATE(R3,1) -> 46054 | T3: =EDATE(S3,1) -> 46082 | U3: =EDATE(T3,1) -> 46113 | V3: =EDATE(U3,1) -> 46143 | W3: =EDATE(V3,1) -> 46174 | X3: =EDATE(W3,1) -> 46204 | Y3: =EDATE(X3,1) -> 46235 | Z3: =EDATE(Y3,1) -> 46266 | ... AC3: =EDATE(AB3,1) -> 46357 | AD3: FY26
C4: Cash Loan
A5: [VDS] - Cashloan | C5: [VDS] - Cashloan
A6: [VDS] - Cashloan | C6: App-in | D6: # | E6: 53735 | F6: 42949 | G6: 67209 | H6: 63363 | I6: 55207 | J6: 55876 | K6: 75265 | L6: 75567 | M6: 76528 | N6: 84180.8 | O6: 88007.2 | P6: 91833.6 | Q6: =SUM(E6:P6) -> 829720.6 | R6: 91833.6 | S6: 84180.8 | T6: 88007.2 | U6: 91833.6 | V6: 95660 | W6: 99486.4 | X6: 103312.8 | Y6: 107139.2 | Z6: 110965.6 | AA6: 114792 | AB6: 118618.4 | AC6: 122444.8
A7: [VDS] - Cashloan | C7: %Los check | D7: % | E7: 0.86850284 | F7: 0.8547114 | G7: 0.83383178 | H7: 0.84408882 | I7: 0.8489322 | J7: 0.8469826 | K7: 0.86534246 | L7: 0.87183559 | M7: 0.88 | N7: 0.88 | O7: 0.88 | P7: 0.88 | R7: 0.88 | S7: 0.88 | T7: 0.88 | U7: 0.88 | V7: 0.88 | W7: 0.88 | X7: 0.88 | Y7: 0.88 | Z7: 0.88 | AA7: 0.88 | AB7: 0.88 | AC7: 0.88
A8: [VDS] - Cashloan | C8: %Los process | D8: % | E8: 0.99910004 | F8: 0.98850418 | G8: 0.99842972 | H8: 0.99586792 | I8: 0.99556191 | J8: 0.99790813 | K8: 0.99878704 | L8: 0.98025257 | M8: 0.98025257 | N8: 0.98025257 | O8: 0.98025257 | P8: 0.98025257 | R8: 0.98025257 | S8: 0.98025257 | T8: 0.98025257 | U8: 0.98025257 | V8: 0.98025257 | W8: 0.98025257 | X8: 0.98025257 | Y8: 0.98025257 | Z8: 0.98025257 | AA8: 0.98025257 | AB8: 0.98025257 | AC8: 0.98025257
A9: [VDS] - Cashloan | C9: %AR | D9: % | E9: 0.37950115 | F9: 0.39151762 | G9: 0.40414276 | H9: 0.44856655 | I9: 0.43732185 | J9: 0.46805853 | K9: 0.46707968 | L9: 0.4164073 | M9: 0.4164073 | N9: 0.4164073 | O9: 0.4164073 | P9: 0.4164073 | R9: 0.4164073 | S9: 0.4164073 | T9: 0.4164073 | U9: 0.4164073 | V9: 0.4164073 | W9: 0.4164073 | X9: 0.4164073 | Y9: 0.4164073 | Z9: 0.4164073 | AA9: 0.4164073 | AB9: 0.4164073 | AC9: 0.4164073
A10: [VDS] - Cashloan | C10: %Sign | D10: % | E10: 0.85278327 | F10: 0.85619765 | G10: 0.83257418 | H10: 0.83663988 | I10: 0.81720167 | J10: 0.81443112 | K10: 0.84722222 | L10: 0.86691209 | M10: 0.86691209 | N10: 0.86691209 | O10: 0.86691209 | P10: 0.86691209 | R10: 0.86691209 | S10: 0.86691209 | T10: 0.86691209 | U10: 0.86691209 | V10: 0.86691209 | W10: 0.86691209 | X10: 0.86691209 | Y10: 0.86691209 | Z10: 0.86691209 | AA10: 0.86691209 | AB10: 0.86691209 | AC10: 0.86691209
A11: [VDS] - Cashloan | C11: %Disb | D11: % | E11: 0.99555997 | F11: 0.99687603 | G11: 0.99776916 | H11: 0.99889939 | I11: 0.99874063 | J11: 0.99888907 | K11: 0.99844612 | L11: 0.99849869 | M11: 0.99849869 | N11: 0.99849869 | O11: 0.99849869 | P11: 0.99849869 | R11: 0.99849869 | S11: 0.99849869 | T11: 0.99849869 | U11: 0.99849869 | V11: 0.99849869 | W11: 0.99849869 | X11: 0.99849869 | Y11: 0.99849869 | Z11: 0.99849869 | AA11: 0.99849869 | AB11: 0.99849869 | AC11: 0.99849869
A12: [VDS] - Cashloan | C12: Disbursed app | D12: # | E12: =E6*E7*E8*E9*E10*E11 -> 15023 | F12: =F6*F7*F8*F9*F10*F11 -> 12126 | G12: =G6*G7*G8*G9*G10*G11 -> 18785 | H12: =H6*H7*H8*H9*H10*H11 -> 19967 | I12: =I6*I7*I8*I9*I10*I11 -> 16654 | J12: =J6*J7*J8*J9*J10*J11 -> 17983 | K12: =K6*K7*K8*K9*K10*K11 -> 25702 | L12: =L6*L7*L8*L9*L10*L11 -> 23278 | M12: 23794.793 | N12: 26174.272 | O12: 27364.012 | P12: 28553.751 | R12: 28553.751 | S12: 26174.272 | T12: 27364.012 | U12: 28553.751 | V12: 29743.491 | W12: 30933.23 | X12: 32122.97 | Y12: 33312.71 | Z12: 34502.449 | AA12: 35692.189 | AB12: 36881.929 | AC12: 38071.668
A13: [VDS] - Cashloan | C13: Ticket size | D13: Mil VND | E13: =E14/E12 -> 12.115429 | F13: =F14/F12 -> 10.959088 | G13: =G14/G12 -> 10.715524 | H13: =H14/H12 -> 12.550358 | I13: =I14/I12 -> 14.340585 | J13: =J14/J12 -> 14.555416 | K13: =K14/K12 -> 14.853921 | L13: =L14/L12 -> 14.92093 | M13: 19 | N13: 19 | O13: 19 | P13: 19 | R13: 19 | S13: 19 | T13: 19 | U13: 19 | V13: 19 | W13: 19 | X13: 19 | Y13: 19 | Z13: 19 | AA13: 19 | AB13: 19 | AC13: 19
A14: [VDS] - Cashloan | C14: Disburse amt | D14: Mil VND | E14: 182010.09 | F14: 132889.9 | G14: 201291.11 | H14: 250592.99 | I14: 238828.11 | J14: 261750.05 | K14: 381775.47 | L14: 347329.4 | M14: 474212 | N14: 497311.17 | O14: 519916.22 | P14: 542521.27 | Q14: =SUM(E14:P14) -> 4030427.8 | R14: 542521.27 | S14: 497311.17 | T14: 519916.22 | U14: 542521.27 | V14: 565126.33 | W14: 587731.38 | X14: 610336.43 | Y14: 632941.48 | Z14: 655546.54 | AA14: 678151.59 | AB14: 700756.64 | AC14: 723361.7 | AD14: 7256222 | AE14: =AD14/12 -> 604685.17
A15: [VDS] - Cashloan
A16: [ZALOPAY] - Cashloan | C16: [ZALOPAY] - Cashloan
A17: [ZALOPAY] - Cashloan | C17: App-in | D17: # | G17: 7 | I17: 7873 | J17: 12321 | K17: 16655 | L17: 18403 | M17: =16707*30/28 -> 17900.357 | N17: =M17*1.4 -> 25060.5 | O17: =N17*1.05 -> 26313.525 | P17: =M17*1.1 -> 19690.393 | Q17: =SUM(E17:P17) -> 144223.77 | R17: =P17*1.05 -> 20674.913 | S17: =R17*1.05 -> 21708.658 | T17: =S17*1.05 -> 22794.091 | U17: =T17*1.05 -> 23933.796 | V17: =U17*1.05 -> 25130.485 | W17: =V17*1.05 -> 26387.01 | X17: =W17*1.05 -> 27706.36 | Y17: =X17*1.05 -> 29091.678 | Z17: =Y17*1.05 -> 30546.262 | ... AC17: =AB17*1.05 -> 35361.117 | AD17: =SUM(R17:AC17) -> 329085.2
A18: [ZALOPAY] - Cashloan | C18: %Los check | D18: % | G18: 1 | I18: 0.8348787 | J18: 0.8170603 | K18: 0.80348244 | L18: 0.78335054 | M18: 0.76 | N18: 0.76 | O18: 0.81 | P18: 0.81 | Q18: =AVERAGE(E18:P18) -> 0.81986355 | R18: 0.81 | S18: 0.81 | T18: 0.81 | U18: 0.81 | V18: 0.81 | W18: 0.81 | X18: 0.81 | Y18: 0.81 | Z18: 0.81 | AA18: 0.81 | AB18: 0.81 | AC18: 0.81 | AD18: =AVERAGE(R18:AC18) -> 0.81
A19: [ZALOPAY] - Cashloan | C19: %Los process | D19: % | G19: 1 | I19: 0.99574015 | J19: 0.99731797 | K19: 0.99880436 | L19: 0.98973363 | M19: 0.9957 | N19: 0.9957 | O19: 0.9957 | P19: 0.9957 | Q19: =AVERAGE(E19:P19) -> 0.99604401 | R19: 0.9957 | S19: 0.9957 | T19: 0.9957 | U19: 0.9957 | V19: 0.9957 | W19: 0.9957 | X19: 0.9957 | Y19: 0.9957 | Z19: 0.9957 | AA19: 0.9957 | AB19: 0.9957 | AC19: 0.9957 | AD19: =AVERAGE(R19:AC19) -> 0.9957
A20: [ZALOPAY] - Cashloan | C20: %AR | D20: % | G20: 0.42857143 | I20: 0.47532468 | J20: 0.50786853 | K20: 0.50950172 | L20: 0.4352397 | M20: 0.4226 | N20: 0.4526 | O20: 0.4526 | P20: 0.4526 | Q20: =AVERAGE(E20:P20) -> 0.45965623 | R20: 0.4526 | S20: 0.4526 | T20: 0.4526 | U20: 0.4526 | V20: 0.4526 | W20: 0.4526 | X20: 0.4526 | Y20: 0.4526 | Z20: 0.4526 | AA20: 0.4526 | AB20: 0.4526 | AC20: 0.4526 | AD20: =AVERAGE(R20:AC20) -> 0.4526
A21: [ZALOPAY] - Cashloan | C21: %Sign | D21: % | G21: 1 | I21: 0.95371263 | J21: 0.93763483 | K21: 0.95844347 | L21: 0.94605475 | M21: 0.9556 | N21: 0.9556 | O21: 0.9556 | P21: 0.9556 | Q21: =AVERAGE(E21:P21) -> 0.95758285 | R21: 0.9556 | S21: 0.9556 | T21: 0.9556 | U21: 0.9556 | V21: 0.9556 | W21: 0.9556 | X21: 0.9556 | Y21: 0.9556 | Z21: 0.9556 | AA21: 0.9556 | AB21: 0.9556 | AC21: 0.9556 | AD21: =AVERAGE(R21:AC21) -> 0.9556
A22: [ZALOPAY] - Cashloan | C22: %Disb | D22: % | G22: 1 | I22: 0.99696663 | J22: 0.99707174 | K22: 0.99662939 | L22: 0.99404255 | M22: 0.9928 | N22: 0.9928 | O22: 0.9928 | P22: 0.9928 | Q22: =AVERAGE(E22:P22) -> 0.99510115 | R22: 0.9928 | S22: 0.9928 | T22: 0.9928 | U22: 0.9928 | V22: 0.9928 | W22: 0.9928 | X22: 0.9928 | Y22: 0.9928 | Z22: 0.9928 | AA22: 0.9928 | AB22: 0.9928 | AC22: 0.9928 | AD22: =AVERAGE(R22:AC22) -> 0.9928
A23: [ZALOPAY] - Cashloan | C23: Disbursed app | D23: # | G23: =G17*G18*G19*G20*G21*G22 -> 3 | I23: =I17*I18*I19*I20*I21*I22 -> 2958 | J23: =J17*J18*J19*J20*J21*J22 -> 4767 | K23: =K17*K18*K19*K20*K21*K22 -> 6505 | L23: =L17*L18*L19*L20*L21*L22 -> 5840 | M23: =M17*M18*M19*M20*M21*M22 -> 5430.8924 | N23: =N17*N18*N19*N20*N21*N22 -> 8142.9973 | O23: =O17*O18*O19*O20*O21*O22 -> 9112.6568 | P23: =P17*P18*P19*P20*P21*P22 -> 6818.9949 | Q23: =SUM(E23:P23) -> 49578.541 | R23: =R17*R18*R19*R20*R21*R22 -> 7159.9447 | S23: =S17*S18*S19*S20*S21*S22 -> 7517.9419 | T23: =T17*T18*T19*T20*T21*T22 -> 7893.839 | U23: =U17*U18*U19*U20*U21*U22 -> 8288.5309 | V23: =V17*V18*V19*V20*V21*V22 -> 8702.9575 | W23: =W17*W18*W19*W20*W21*W22 -> 9138.1054 | X23: =X17*X18*X19*X20*X21*X22 -> 9595.0106 | Y23: =Y17*Y18*Y19*Y20*Y21*Y22 -> 10074.761 | ... AC23: =AC17*AC18*AC19*AC20*AC21*AC22 -> 12245.935 | AD23: =SUM(R23:AC23) -> 113965.74
A24: [ZALOPAY] - Cashloan | C24: Ticket size | D24: Mil VND | G24: =G25/G23 -> 6.7766667 | I24: =I25/I23 -> 9.8637593 | J24: =J25/J23 -> 9.9967401 | K24: =K25/K23 -> 13.527617 | L24: =L25/L23 -> 14.35245 | M24: 15.4 | N24: =M24*0.7+0.3*3 -> 11.68 | O24: =N24*1.024 -> 11.96032 | P24: 15 | Q24: =Q25/Q23 -> 12.882356 | R24: 15 | S24: =R24 -> 15 | T24: =R24*1.1 -> 16.5 | U24: =S24*1.1 -> 16.5 | V24: =U24 -> 16.5 | W24: =V24 -> 16.5 | X24: =W24 -> 16.5 | Y24: =X24 -> 16.5 | Z24: =Y24 -> 16.5 | AA24: =Z24 -> 16.5 | AB24: =AA24 -> 16.5 | AC24: =AB24 -> 16.5 | AD24: =AD25/AD23 -> 16.306812
A25: [ZALOPAY] - Cashloan | C25: Disburse amt | D25: Mil VND | E25: 0 | G25: 20.33 | I25: 29177 | J25: 47654.46 | K25: 87997.15 | L25: 83818.31 | M25: =M23*M24 -> 83635.743 | N25: =N23*N24 -> 95110.208 | O25: =O23*O24 -> 108990.29 | P25: =P23*P24 -> 102284.92 | Q25: =SUM(E25:P25) -> 638688.42 | R25: =R23*R24 -> 107399.17 | S25: =S23*S24 -> 112769.13 | T25: =T23*T24 -> 130248.34 | U25: =U23*U24 -> 136760.76 | V25: =V23*V24 -> 143598.8 | W25: =W23*W24 -> 150778.74 | X25: =X23*X24 -> 158317.68 | Y25: =Y23*Y24 -> 166233.56 | ... AC25: =AC23*AC24 -> 202057.93 | AD25: =SUM(R25:AC25) -> 1858418
A26: [ZALOPAY] - Cashloan
A27: [KLP] - Cashloan | C27: [KLP] - Cashloan
A28: [KLP] - Cashloan | C28: App-in | D28: #
A29: [KLP] - Cashloan | C29: %Los check | D29: %
A30: [KLP] - Cashloan | C30: %Los process | D30: %
A31: [KLP] - Cashloan | C31: %AR | D31: %
A32: [KLP] - Cashloan | C32: %Sign | D32: %
A33: [KLP] - Cashloan | C33: %Disb | D33: %
A34: [KLP] - Cashloan | C34: Disbursed app | D34: # | M34: =M28*M29*M30*M31*M32*M33 -> 0 | N34: =N28*N29*N30*N31*N32*N33 -> 0 | O34: =O28*O29*O30*O31*O32*O33 -> 0 | P34: =P28*P29*P30*P31*P32*P33 -> 0 | Q34: =Q28*Q29*Q30*Q31*Q32*Q33 -> 0 | R34: =R28*R29*R30*R31*R32*R33 -> 0 | S34: =S28*S29*S30*S31*S32*S33 -> 0 | T34: =T28*T29*T30*T31*T32*T33 -> 0 | ... AD34: =AD28*AD29*AD30*AD31*AD32*AD33 -> 0
A35: [KLP] - Cashloan | C35: Ticket size | D35: Mil VND
A36: [KLP] - Cashloan | C36: Disburse amt | D36: Mil VND | M36: =M34*M35 -> 0 | N36: =N34*N35 -> 0 | O36: =O34*O35 -> 0 | P36: =P34*P35 -> 0 | Q36: =Q34*Q35 -> 0 | R36: =R34*R35 -> 0 | S36: =S34*S35 -> 0 | T36: =T34*T35 -> 0 | ... AD36: =AD34*AD35 -> 0
A37: [KLP] - Cashloan
A38: [Tiktok] - Cashloan | C38: [Tiktok] - Cashloan
A39: [Tiktok] - Cashloan | C39: App-in | D39: # | Z39: 100000 | AA39: =Z39*1.1 -> 110000 | AB39: =AA39*1.1 -> 121000 | AC39: =AB39*1.1 -> 133100
A40: [Tiktok] - Cashloan | C40: %Los check | D40: % | Z40: 0.85 | AA40: 0.85 | AB40: 0.85 | AC40: 0.85
A41: [Tiktok] - Cashloan | C41: %Los process | D41: % | Z41: 1 | AA41: 1 | AB41: 1 | AC41: 1
A42: [Tiktok] - Cashloan | C42: %AR | D42: % | Z42: 0.3 | AA42: 0.3 | AB42: 0.3 | AC42: 0.3
A43: [Tiktok] - Cashloan | C43: %Sign | D43: % | Z43: 0.85 | AA43: 0.85 | AB43: 0.85 | AC43: 0.85
A44: [Tiktok] - Cashloan | C44: %Disb | D44: % | Z44: 1 | AA44: 1 | AB44: 1 | AC44: 1
A45: [Tiktok] - Cashloan | C45: Disbursed app | D45: # | M45: =M39*M40*M41*M42*M43*M44 -> 0 | N45: =N39*N40*N41*N42*N43*N44 -> 0 | O45: =O39*O40*O41*O42*O43*O44 -> 0 | P45: =P39*P40*P41*P42*P43*P44 -> 0 | Q45: =Q39*Q40*Q41*Q42*Q43*Q44 -> 0 | R45: =R39*R40*R41*R42*R43*R44 -> 0 | S45: =S39*S40*S41*S42*S43*S44 -> 0 | T45: =T39*T40*T41*T42*T43*T44 -> 0 | ... AC45: =AC39*AC40*AC41*AC42*AC43*AC44 -> 28849.425
A46: [Tiktok] - Cashloan | C46: Ticket size | D46: Mil VND | Z46: 15 | AA46: =Z46 -> 15 | AB46: =AA46 -> 15 | AC46: =AB46 -> 15
A47: [Tiktok] - Cashloan | C47: Disburse amt | D47: Mil VND | M47: =M45*M46 -> 0 | N47: =N45*N46 -> 0 | O47: =O45*O46 -> 0 | P47: =P45*P46 -> 0 | Q47: =Q45*Q46 -> 0 | R47: =R45*R46 -> 0 | S47: =S45*S46 -> 0 | T47: =T45*T46 -> 0 | ... AC47: =AC45*AC46 -> 432741.38 | AD47: =SUM(R47:AC47) -> 1508905.1
A48: [Tiktok] - Cashloan
A49: [Tiktok] - Cashloan | C49: Payday
A50: [VDS] - Payday | C50: [VDS] - Payday
A51: [VDS] - Payday | C51: App-in | D51: # | E51: 161506 | F51: 143392 | G51: 169121 | H51: 163746 | I51: 174499 | J51: 129279 | K51: 126155 | L51: 130083 | M51: 139368 | N51: 153304.8 | O51: 160273.2 | P51: 167241.6 | Q51: 1817968.6 | R51: 167241.6 | S51: 153304.8 | T51: 160273.2 | U51: 167241.6 | V51: 174210 | W51: 181178.4 | X51: 188146.8 | Y51: 195115.2 | Z51: 202083.6 | AA51: 209052 | AB51: 216020.4 | AC51: 222988.8
A52: [VDS] - Payday | C52: %Los check | D52: % | E52: 0.76954417 | F52: 0.8619379 | G52: 0.8519285 | H52: 0.81650239 | I52: 0.7403137 | J52: 0.75577627 | K52: 0.7545559 | L52: 0.76342797 | M52: 0.76342797 | N52: 0.76342797 | O52: 0.76342797 | P52: 0.76342797 | R52: 0.76342797 | S52: 0.76342797 | T52: 0.76342797 | U52: 0.76342797 | V52: 0.76342797 | W52: 0.76342797 | X52: 0.76342797 | Y52: 0.76342797 | Z52: 0.76342797 | AA52: 0.76342797 | AB52: 0.76342797 | AC52: 0.76342797
A53: [VDS] - Payday | C53: %Los process | D53: % | E53: 0.9994046 | F53: 0.99826045 | G53: 0.99874374 | H53: 0.99722511 | I53: 0.99784803 | J53: 0.99872065 | K53: 0.99949575 | L53: 0.99530758 | M53: 0.99530758 | N53: 0.99530758 | O53: 0.99530758 | P53: 0.99530758 | R53: 0.99530758 | S53: 0.99530758 | T53: 0.99530758 | U53: 0.99530758 | V53: 0.99530758 | W53: 0.99530758 | X53: 0.99530758 | Y53: 0.99530758 | Z53: 0.99530758 | AA53: 0.99530758 | AB53: 0.99530758 | AC53: 0.99530758
A54: [VDS] - Payday | C54: %AR | D54: % | E54: 0.32046823 | F54: 0.29914087 | G54: 0.3073844 | H54: 0.31897276 | I54: 0.33237398 | J54: 0.40947521 | K54: 0.45626058 | L54: 0.44188258 | M54: 0.44188258 | N54: 0.44188258 | O54: 0.44188258 | P54: 0.44188258 | R54: 0.44188258 | S54: 0.44188258 | T54: 0.44188258 | U54: 0.44188258 | V54: 0.44188258 | W54: 0.44188258 | X54: 0.44188258 | Y54: 0.44188258 | Z54: 0.44188258 | AA54: 0.44188258 | AB54: 0.44188258 | AC54: 0.44188258
A55: [VDS] - Payday | C55: %Sign | D55: % | E55: 0.94920364 | F55: 0.96025252 | G55: 0.95344999 | H55: 0.94455418 | I55: 0.9457813 | J55: 0.93105088 | K55: 0.93996775 | L55: 0.94399799 | M55: 0.94399799 | N55: 0.94399799 | O55: 0.94399799 | P55: 0.94399799 | R55: 0.94399799 | S55: 0.94399799 | T55: 0.94399799 | U55: 0.94399799 | V55: 0.94399799 | W55: 0.94399799 | X55: 0.94399799 | Y55: 0.94399799 | Z55: 0.94399799 | AA55: 0.94399799 | AB55: 0.94399799 | AC55: 0.94399799
A56: [VDS] - Payday | C56: %Disb | D56: % | E56: 0.99515668 | F56: 0.99703733 | G56: 0.99691746 | H56: 0.99683844 | I56: 0.99743349 | J56: 0.98704371 | K56: 0.99916675 | L56: 0.99844777 | M56: 0.99844777 | N56: 0.99844777 | O56: 0.99844777 | P56: 0.99844777 | R56: 0.99844777 | S56: 0.99844777 | T56: 0.99844777 | U56: 0.99844777 | V56: 0.99844777 | W56: 0.99844777 | X56: 0.99844777 | Y56: 0.99844777 | Z56: 0.99844777 | AA56: 0.99844777 | AB56: 0.99844777 | AC56: 0.99844777
A57: [VDS] - Payday | C57: Disbursed app | D57: # | E57: 37601 | F57: 35336 | G57: 42043 | H57: 40043 | I57: 40418 | J57: 36720 | K57: 40770 | L57: 41167 | M57: 44105.398 | N57: 48515.938 | O57: 50721.207 | P57: 52926.477 | Q57: 473647.02 | R57: 52926.477 | S57: 48515.938 | T57: 50721.207 | U57: 52926.477 | V57: 55131.747 | W57: 57337.017 | X57: 59542.287 | Y57: 61747.557 | Z57: 63952.827 | AA57: 66158.097 | AB57: 68363.367 | AC57: 70568.636
A58: [VDS] - Payday | C58: Ticket size | D58: Mil VND | E58: 3.7598734 | F58: 3.7775923 | G58: 3.7781676 | H58: 4.0905484 | I58: 4.1530549 | J58: 4.4826969 | K58: 4.4640074 | L58: 4.59724 | M58: 4.5704224 | N58: 4.8 | O58: 4.8 | P58: 4.8 | R58: 4.8 | S58: 4.8 | T58: 4.8 | U58: 4.8 | V58: 4.8 | W58: 4.8 | X58: 4.8 | Y58: 4.8 | Z58: 4.8 | AA58: 4.8 | AB58: 4.8 | AC58: 4.8
A59: [VDS] - Payday | C59: Disburse amt | D59: Mil VND | E59: 141375 | F59: 133485 | G59: 158845.5 | H59: 163797.83 | I59: 167858.17 | J59: 164604.63 | K59: 181997.58 | L59: 189254.58 | M59: 250675 | N59: 232876.5 | O59: 243461.8 | P59: 254047.09 | Q59: 2273054.7 | R59: 254047.09 | S59: 232876.5 | T59: 243461.8 | U59: 254047.09 | V59: 264632.39 | W59: 275217.68 | X59: 285802.98 | Y59: 296388.27 | Z59: 306973.57 | AA59: 317558.86 | AB59: 328144.16 | AC59: 338729.45 | AD59: 3397879.8 | AE59: =AD59/12 -> 283156.65
A60: [VDS] - Payday
A61: [ZLP] - Payday | C61: [ZLP] - Payday
A62: [ZLP] - Payday | C62: App-in | D62: # | P62: =P17 -> 19690.393 | Q62: =P62 -> 19690.393 | R62: =P62*1.1 -> 21659.432 | S62: =R62*1.1 -> 23825.375 | T62: =S62*1.1 -> 26207.913 | U62: =T62*1.1 -> 28828.704 | V62: =U62*1.1 -> 31711.575 | W62: =V62*1.1 -> 34882.732 | X62: =W62*1.1 -> 38371.005 | Y62: =X62*1.1 -> 42208.106 | Z62: =Y62*1.1 -> 46428.916 | ... AC62: =AB62*1.1 -> 61796.888 | AD62: =SUM(R62:AC62) -> 463171.44
A63: [ZLP] - Payday | C63: %Los check | D63: % | P63: 0.81 | Q63: 0.81 | R63: 0.81 | S63: 0.81 | T63: 0.81 | U63: 0.81 | V63: 0.81 | W63: 0.81 | X63: 0.81 | Y63: 0.81 | Z63: 0.81 | AA63: 0.81 | AB63: 0.81 | AC63: 0.81 | AD63: =AVERAGE(R63:AC63) -> 0.81
A64: [ZLP] - Payday | C64: %Los process | D64: % | P64: 0.9957 | Q64: 0.9957 | R64: 0.9957 | S64: 0.9957 | T64: 0.9957 | U64: 0.9957 | V64: 0.9957 | W64: 0.9957 | X64: 0.9957 | Y64: 0.9957 | Z64: 0.9957 | AA64: 0.9957 | AB64: 0.9957 | AC64: 0.9957 | AD64: =AVERAGE(R64:AC64) -> 0.9957
A65: [ZLP] - Payday | C65: %AR | D65: % | P65: 0.6 | Q65: 0.6 | R65: 0.6 | S65: 0.6 | T65: 0.6 | U65: 0.6 | V65: 0.6 | W65: 0.6 | X65: 0.6 | Y65: 0.6 | Z65: 0.6 | AA65: 0.6 | AB65: 0.6 | AC65: 0.6 | AD65: =AVERAGE(R65:AC65) -> 0.6
A66: [ZLP] - Payday | C66: %Sign | D66: % | P66: 0.9556 | Q66: 0.9556 | R66: 0.9556 | S66: 0.9556 | T66: 0.9556 | U66: 0.9556 | V66: 0.9556 | W66: 0.9556 | X66: 0.9556 | Y66: 0.9556 | Z66: 0.9556 | AA66: 0.9556 | AB66: 0.9556 | AC66: 0.9556 | AD66: =AVERAGE(R66:AC66) -> 0.9556
A67: [ZLP] - Payday | C67: %Disb | D67: % | P67: 0.9928 | Q67: 0.9928 | R67: 0.9928 | S67: 0.9928 | T67: 0.9928 | U67: 0.9928 | V67: 0.9928 | W67: 0.9928 | X67: 0.9928 | Y67: 0.9928 | Z67: 0.9928 | AA67: 0.9928 | AB67: 0.9928 | AC67: 0.9928 | AD67: =AVERAGE(R67:AC67) -> 0.9928
A68: [ZLP] - Payday | C68: Disbursed app | D68: # | M68: =M62*M63*M64*M65*M66*M67 -> 0 | N68: =N62*N63*N64*N65*N66*N67 -> 0 | O68: =O62*O63*O64*O65*O66*O67 -> 0 | P68: =P62*P63*P64*P65*P66*P67 -> 9039.7635 | Q68: =Q62*Q63*Q64*Q65*Q66*Q67 -> 9039.7635 | R68: =R62*R63*R64*R65*R66*R67 -> 9943.7398 | S68: =S62*S63*S64*S65*S66*S67 -> 10938.114 | T68: =T62*T63*T64*T65*T66*T67 -> 12031.925 | ... AC68: =AC62*AC63*AC64*AC65*AC66*AC67 -> 28370.65 | AD68: =SUM(R68:AC68) -> 212639.75
A69: [ZLP] - Payday | C69: Ticket size | D69: Mil VND | P69: 3 | Q69: =P69 -> 3 | R69: =Q69*1.024 -> 3.072 | S69: =R69 -> 3.072 | T69: =S69 -> 3.072 | U69: =T69 -> 3.072 | V69: =U69 -> 3.072 | W69: =V69 -> 3.072 | X69: =W69 -> 3.072 | Y69: =X69 -> 3.072 | Z69: =Y69 -> 3.072 | ... AC69: =AB69 -> 3.072 | AD69: =AD70/AD68 -> 3.072
A70: [ZLP] - Payday | C70: Disburse amt | D70: Mil VND | M70: =M68*M69 -> 0 | N70: =N68*N69 -> 0 | O70: =O68*O69 -> 0 | P70: =P69*P68 -> 27119.29 | Q70: =Q69*Q68 -> 27119.29 | R70: =R69*R68 -> 30547.169 | S70: =S68*S69 -> 33601.886 | T70: =T68*T69 -> 36962.074 | U70: =U68*U69 -> 40658.282 | V70: =V68*V69 -> 44724.11 | W70: =W68*W69 -> 49196.521 | X70: =X68*X69 -> 54116.173 | Y70: =Y68*Y69 -> 59527.79 | Z70: =Z68*Z69 -> 65480.569 | ... AC70: =AC68*AC69 -> 87154.637 | AD70: =SUM(R70:AC70) -> 653229.32
A71: [ZLP] - Payday
A72: [ZLP] - Payday | C72: Merchant
A73: [MISA] - Merchant | C73: [MISA] - Merchant
A74: [MISA] - Merchant | C74: App-in | D74: # | P74: 2000 | R74: =P74*1.1 -> 2200 | S74: =R74*0.8 -> 1760 | T74: =R74*1.1 -> 2420 | U74: =T74*1.1 -> 2662 | V74: =U74*1.1 -> 2928.2 | W74: =V74*1.1 -> 3221.02 | X74: =W74*1.1 -> 3543.122 | Y74: =X74*1.1 -> 3897.4342 | Z74: =Y74*1.1 -> 4287.1776 | AA74: =Z74*1.1 -> 4715.8954 | AB74: =AA74*1.1 -> 5187.4849 | AC74: =AB74*1.1 -> 5706.2334
A75: [MISA] - Merchant | C75: %Los check | D75: % | P75: 1 | R75: 1 | S75: 1 | T75: 1 | U75: 1 | V75: 1 | W75: 1 | X75: 1 | Y75: 1 | Z75: 1 | AA75: 1 | AB75: 1 | AC75: 1
A76: [MISA] - Merchant | C76: %Los process | D76: % | P76: 1 | R76: 1 | S76: 1 | T76: 1 | U76: 1 | V76: 1 | W76: 1 | X76: 1 | Y76: 1 | Z76: 1 | AA76: 1 | AB76: 1 | AC76: 1
A77: [MISA] - Merchant | C77: %AR | D77: % | P77: 0.4 | R77: 0.4 | S77: 0.4 | T77: 0.4 | U77: 0.4 | V77: 0.4 | W77: 0.4 | X77: 0.4 | Y77: 0.4 | Z77: 0.4 | AA77: 0.4 | AB77: 0.4 | AC77: 0.4
A78: [MISA] - Merchant | C78: %Sign | D78: % | P78: 0.85 | R78: 0.85 | S78: 0.85 | T78: 0.85 | U78: 0.85 | V78: 0.85 | W78: 0.85 | X78: 0.85 | Y78: 0.85 | Z78: 0.85 | AA78: 0.85 | AB78: 0.85 | AC78: 0.85
A79: [MISA] - Merchant | C79: %Disb | D79: % | P79: 1 | R79: 1 | S79: 1 | T79: 1 | U79: 1 | V79: 1 | W79: 1 | X79: 1 | Y79: 1 | Z79: 1 | AA79: 1 | AB79: 1 | AC79: 1
A80: [MISA] - Merchant | C80: Disbursed app | D80: # | P80: =P74*P75*P76*P77*P78*P79 -> 680 | R80: =R74*R75*R76*R77*R78*R79 -> 748 | S80: =S74*S75*S76*S77*S78*S79 -> 598.4 | T80: =T74*T75*T76*T77*T78*T79 -> 822.8 | U80: =U74*U75*U76*U77*U78*U79 -> 905.08 | V80: =V74*V75*V76*V77*V78*V79 -> 995.588 | W80: =W74*W75*W76*W77*W78*W79 -> 1095.1468 | X80: =X74*X75*X76*X77*X78*X79 -> 1204.6615 | Y80: =Y74*Y75*Y76*Y77*Y78*Y79 -> 1325.1276 | ... AC80: =AC74*AC75*AC76*AC77*AC78*AC79 -> 1940.1194
A81: [MISA] - Merchant | C81: Ticket size | D81: Mil VND | P81: 50 | R81: =P81 -> 50 | S81: =R81 -> 50 | T81: =S81 -> 50 | U81: 80 | V81: =U81 -> 80 | W81: =V81 -> 80 | X81: =W81 -> 80 | Y81: =X81 -> 80 | Z81: 100 | AA81: =Z81 -> 100 | AB81: =AA81 -> 100 | AC81: =AB81 -> 100
A82: [MISA] - Merchant | C82: Disburse amt | D82: Mil VND | P82: =P80*P81 -> 34000 | Q82: =P82 -> 34000 | R82: =R80*R81 -> 37400 | S82: =S80*S81 -> 29920 | T82: =T80*T81 -> 41140 | U82: =U80*U81 -> 72406.4 | V82: =V80*V81 -> 79647.04 | W82: =W80*W81 -> 87611.744 | X82: =X80*X81 -> 96372.918 | Y82: =Y80*Y81 -> 106010.21 | ... AC82: =AC80*AC81 -> 194011.94 | AD82: =SUM(R82:AC82) -> 1226999.2
C84: PAYLATER
C85: Product x Partner | E85: 45658 | F85: 45689 | G85: 45717 | H85: 45748 | I85: 45778 | J85: 45809 | K85: 45839 | L85: 45870 | M85: =EDATE(L85,1) -> 45901 | N85: =EDATE(M85,1) -> 45931 | O85: =EDATE(N85,1) -> 45962 | P85: =EDATE(O85,1) -> 45992 | Q85: FY25 | R85: =EDATE(P85,1) -> 46023 | S85: =EDATE(R85,1) -> 46054 | T85: =EDATE(S85,1) -> 46082 | U85: =EDATE(T85,1) -> 46113 | V85: =EDATE(U85,1) -> 46143 | W85: =EDATE(V85,1) -> 46174 | X85: =EDATE(W85,1) -> 46204 | Y85: =EDATE(X85,1) -> 46235 | Z85: =EDATE(Y85,1) -> 46266 | ... AC85: =EDATE(AB85,1) -> 46357 | AD85: FY26
A86: [VDS] - Paylater | C86: [VDS] - Paylater
A87: [VDS] - Paylater | C87: Number of application | D87: # | E87: 28590 | F87: 16470 | G87: 24407 | H87: 26543 | I87: 29679 | J87: 32681 | K87: 23217 | L87: 24544 | M87: 24572 | N87: =M87*1.01 -> 24817.72 | O87: =N87*1.01 -> 25065.897 | P87: =O87*1.01 -> 25316.556 | Q87: =SUM(E87:P87) -> 305903.17 | R87: =P87*1.025 -> 25949.47 | S87: =R87*1.025 -> 26598.207 | T87: =R87*1.025 -> 26598.207 | U87: =S87*1.025 -> 27263.162 | V87: =T87*1.025 -> 27263.162 | W87: =U87*1.025 -> 27944.741 | X87: =V87*1.025 -> 27944.741 | Y87: =W87*1.025 -> 28643.36 | Z87: =X87*1.025 -> 28643.36 | AA87: =Y87*1.025 -> 29359.444 | ... AC87: =AA87*1.025 -> 30093.43 | AD87: =SUM(R87:AC87) -> 335660.73
A88: [VDS] - Paylater | C88: % AR | D88: % | E88: 0.13857992 | F88: 0.21335762 | G88: 0.20739952 | H88: 0.17616697 | I88: 0.12079248 | J88: 0.14139714 | K88: 0.12008442 | L88: 0.11306226 | M88: 0.1225 | N88: 0.1225 | O88: 0.1225 | P88: 0.1225 | Q88: =Q89/Q87 -> 0.1412378 | R88: 0.1225 | S88: 0.1225 | T88: 0.1225 | U88: 0.1225 | V88: 0.1225 | W88: 0.1225 | X88: 0.1225 | Y88: 0.1225 | Z88: 0.1225 | AA88: 0.1225 | AB88: 0.1225 | AC88: 0.1225 | AD88: =AD89/AD87 -> 0.1225
A89: [VDS] - Paylater | C89: Number of approved paylater | D89: % | E89: =E87*E88 -> 3962 | F89: =F87*F88 -> 3514 | G89: =G87*G88 -> 5062 | H89: =H87*H88 -> 4676 | I89: =I87*I88 -> 3585 | J89: =J87*J88 -> 4621 | K89: =K87*K88 -> 2788 | L89: =L87*L88 -> 2775 | ... P89: =P87*P88 -> 3101.2781 | Q89: =SUM(E89:P89) -> 43205.091 | R89: =R87*R88 -> 3178.8101 | S89: =S87*S88 -> 3258.2803 | T89: =T87*T88 -> 3258.2803 | U89: =U87*U88 -> 3339.7373 | V89: =V87*V88 -> 3339.7373 | W89: =W87*W88 -> 3423.2308 | X89: =X87*X88 -> 3423.2308 | Y89: =Y87*Y88 -> 3508.8115 | ... AC89: =AC87*AC88 -> 3686.4451 | AD89: =SUM(R89:AC89) -> 41118.439
A90: [VDS] - Paylater | C90: % Sign | D90: % | E90: =E91/E89 -> 0.70570419 | F90: =F91/F89 -> 0.70802504 | G90: =G91/G89 -> 0.69873568 | H90: =H91/H89 -> 0.70081266 | I90: =I91/I89 -> 0.67364017 | J90: =J91/J89 -> 0.66111231 | K90: =K91/K89 -> 0.68292683 | L90: =L91/L89 -> 0.68 | M90: 0.6858 | N90: 0.6858 | O90: 0.6858 | P90: 0.6858 | Q90: =Q91/Q89 -> 0.68836587 | R90: 0.6858 | S90: 0.6858 | T90: 0.6858 | U90: 0.6858 | V90: 0.6858 | W90: 0.6858 | X90: 0.6858 | Y90: 0.6858 | Z90: 0.6858 | AA90: 0.6858 | AB90: 0.6858 | AC90: 0.6858 | AD90: =AD91/AD89 -> 0.6858
A91: [VDS] - Paylater | C91: Number of issued paylater | D91: % | E91: 2796 | F91: 2488 | G91: 3537 | H91: 3277 | I91: 2415 | J91: 3055 | K91: 1904 | L91: 1887 | M91: =M89*M90 -> 2064.306 | N91: =N89*N90 -> 2084.9491 | O91: =O89*O90 -> 2105.7986 | P91: =P89*P90 -> 2126.8565 | Q91: =SUM(E91:P91) -> 29740.91 | R91: =R89*R90 -> 2180.028 | S91: =S89*S90 -> 2234.5287 | T91: =T89*T90 -> 2234.5287 | U91: =U89*U90 -> 2290.3919 | V91: =V89*V90 -> 2290.3919 | W91: =W89*W90 -> 2347.6517 | X91: =X89*X90 -> 2347.6517 | Y91: =Y89*Y90 -> 2406.343 | ... AC91: =AC89*AC90 -> 2528.1641 | AD91: =SUM(R91:AC91) -> 28199.025
A92: [VDS] - Paylater | C92: Number of issued paylater (Accum) | D92: % | E92: 47438 | F92: 49926 | G92: 53463 | H92: 56740 | I92: =H92+I91 -> 59155 | J92: =I92+J91 -> 62210 | K92: =J92+K91 -> 64114 | L92: =K92+L91 -> 66001 | M92: =L92+M91 -> 68065.306 | N92: =M92+N91 -> 70150.255 | O92: =N92+O91 -> 72256.054 | P92: =O92+P91 -> 74382.91 | Q92: =P92 -> 74382.91 | R92: =P92+R91 -> 76562.938 | S92: =R92+S91 -> 78797.467 | T92: =S92+T91 -> 81031.995 | U92: =T92+U91 -> 83322.387 | V92: =U92+V91 -> 85612.779 | W92: =V92+W91 -> 87960.431 | X92: =W92+X91 -> 90308.083 | Y92: =X92+Y91 -> 92714.425 | Z92: =Y92+Z91 -> 95120.768 | ... AC92: =AB92+AC91 -> 102581.94 | AD92: =AC92 -> 102581.94
A93: [VDS] - Paylater | C93: % Active | D93: % | E93: 0.24039799 | F93: 0.22927933 | G93: 0.23492883 | H93: 0.22137822 | I93: 0.21107261 | J93: 0.20090018 | K93: 0.19398259 | L93: 0.1679217 | M93: 0.15 | N93: =15%*1.01 -> 0.1515 | O93: =15%*1.01 -> 0.1515 | P93: =15%*1.01 -> 0.1515 | Q93: =Q94/Q92 -> 0.1515 | R93: =15%*1.01 -> 0.1515 | S93: =15%*1.01 -> 0.1515 | T93: =15%*1.01 -> 0.1515 | U93: =15%*1.01 -> 0.1515 | V93: =15%*1.01 -> 0.1515 | W93: =15%*1.01 -> 0.1515 | X93: =15%*1.01 -> 0.1515 | Y93: =15%*1.01 -> 0.1515 | ... AC93: =15%*1.01 -> 0.1515 | AD93: =AD94/AD92 -> 1.5826921
A94: [VDS] - Paylater | C94: Number of active paylater | D94: % | E94: 11404 | F94: 11447 | G94: 12560 | H94: 12561 | I94: 12486 | J94: 12498 | K94: 12437 | L94: 11083 | M94: =M92*M93 -> 10209.796 | N94: =N92*N93 -> 10627.764 | O94: =O92*O93 -> 10946.792 | P94: =P92*P93 -> 11269.011 | Q94: =P94 -> 11269.011 | R94: =R92*R93 -> 11599.285 | S94: =S92*S93 -> 11937.816 | T94: =T92*T93 -> 12276.347 | U94: =U92*U93 -> 12623.342 | V94: =V92*V93 -> 12970.336 | W94: =W92*W93 -> 13326.005 | X94: =X92*X93 -> 13681.675 | Y94: =Y92*Y93 -> 14046.235 | ... AC94: =AC92*AC93 -> 15541.163 | AD94: =SUM(R94:AC94) -> 162355.62
A95: [VDS] - Paylater | C95: Spending amount | D95: Mil VND | E95: =10711863102/(10^6) -> 10711.863 | F95: =11016265814/(10^6) -> 11016.266 | G95: =12882109778/(10^6) -> 12882.11 | H95: =12089502568/(10^6) -> 12089.503 | I95: =11964595934/(10^6) -> 11964.596 | J95: =12255200170/(10^6) -> 12255.2 | K95: =11824461337/(10^6) -> 11824.461 | L95: =8952922705/(10^6) -> 8952.9227 | M95: =(M96*M94) -> 8300.5641 | N95: =(N96*N94) -> 8726.7756 | O95: =(O96*O94) -> 9078.6268 | P95: =(P96*P94) -> 9439.3147 | Q95: =SUM(E95:P95) -> 127242.2 | R95: =(R96*R94) -> 9813.1235 | S95: =(S96*S94) -> 10200.52 | T95: =(T96*T94) -> 10594.683 | U95: =(U96*U94) -> 11003.086 | V95: =(V96*V94) -> 11418.597 | W95: =(W96*W94) -> 11849.032 | X95: =(X96*X94) -> 12286.934 | Y95: =(Y96*Y94) -> 12740.474 | ... AC95: =(AC96*AC94) -> 14668.803 | AD95: =SUM(R95:AC95) -> 145622.37
A96: [VDS] - Paylater | C96: Avg.spending | D96: Mil VND | E96: 0.93930753 | F96: 0.96237143 | G96: 1.0256457 | H96: 0.96246338 | I96: 0.9582409 | J96: 0.98057291 | K96: 0.95074868 | L96: 0.80164867 | M96: 0.813 | N96: =M96*1.01 -> 0.82113 | O96: =N96*1.01 -> 0.8293413 | P96: =O96*1.01 -> 0.83763471 | Q96: =Q95/Q94 -> 11.291337 | R96: =P96*1.01 -> 0.84601106 | S96: =R96*1.01 -> 0.85447117 | T96: =S96*1.01 -> 0.86301588 | U96: =T96*1.01 -> 0.87164604 | V96: =U96*1.01 -> 0.8803625 | W96: =V96*1.01 -> 0.88916613 | X96: =W96*1.01 -> 0.89805779 | Y96: =X96*1.01 -> 0.90703837 | Z96: =Y96*1.01 -> 0.91610875 | ... AC96: =AB96*1.01 -> 0.94386776 | AD96: =AD95/AD94 -> 0.89693456
A98: [BE] - Paylater | C98: [BE] - Paylater
A99: [BE] - Paylater | C99: Number of application | D99: # | E99: 3774 | F99: 2733 | G99: 3919 | H99: 5398 | I99: 8595 | J99: 8722 | K99: 8055 | L99: 8391 | M99: 8300 | N99: 8300 | O99: 8300 | P99: 8300 | R99: 8300 | S99: =R99*80% -> 6640 | T99: =R99*1.05 -> 8715 | U99: =S99*1.05 -> 6972 | V99: =T99*1.05 -> 9150.75 | W99: =U99*1.05 -> 7320.6 | X99: =V99*1.05 -> 9608.2875 | Y99: =W99*1.05 -> 7686.63 | Z99: =X99*1.05 -> 10088.702 | AA99: =Y99*1.05 -> 8070.9615 | ... AC99: =AA99*1.05 -> 8474.5096
A100: [BE] - Paylater | C100: % AR | D100: % | E100: 0.52808691 | F100: 0.54665203 | G100: 0.57259505 | H100: 0.45665061 | I100: 0.37417103 | J100: 0.35439119 | K100: 0.35195531 | L100: 0.32677869 | M100: 0.33 | N100: 0.33 | O100: 0.33 | P100: 0.33 | R100: 0.33 | S100: 0.33 | T100: 0.33 | U100: 0.33 | V100: 0.33 | W100: 0.33 | X100: 0.33 | Y100: 0.33 | Z100: 0.33 | AA100: 0.33 | AB100: 0.33 | AC100: 0.33
A101: [BE] - Paylater | C101: Number of approved paylater | D101: # | E101: =E99*E100 -> 1993 | F101: =F99*F100 -> 1494 | G101: =G99*G100 -> 2244 | H101: =H99*H100 -> 2465 | I101: =I99*I100 -> 3216 | J101: =J99*J100 -> 3091 | K101: =K99*K100 -> 2835 | L101: =L99*L100 -> 2742 | ... P101: =P99*P100 -> 2739 | R101: =R99*R100 -> 2739 | S101: =S99*S100 -> 2191.2 | T101: =T99*T100 -> 2875.95 | U101: =U99*U100 -> 2300.76 | V101: =V99*V100 -> 3019.7475 | W101: =W99*W100 -> 2415.798 | X101: =X99*X100 -> 3170.7349 | Y101: =Y99*Y100 -> 2536.5879 | ... AC101: =AC99*AC100 -> 2796.5882
A102: [BE] - Paylater | C102: % Sign | E102: =E103/E101 -> 0.67937782 | F102: =F103/F101 -> 0.61378849 | G102: =G103/G101 -> 0.59893048 | H102: =H103/H101 -> 0.62555781 | I102: =I103/I101 -> 0.64210199 | J102: =J103/J101 -> 0.61921708 | K102: =K103/K101 -> 0.65855379 | L102: =L103/L101 -> 0.634938 | M102: 0.64 | N102: =M102 -> 0.64 | O102: =N102 -> 0.64 | P102: =O102 -> 0.64 | R102: 0.7 | S102: =R102 -> 0.7 | T102: =S102 -> 0.7 | U102: =T102 -> 0.7 | V102: =U102 -> 0.7 | W102: =V102 -> 0.7 | X102: =W102 -> 0.7 | Y102: =X102 -> 0.7 | Z102: =Y102 -> 0.7 | ... AC102: =AB102 -> 0.7
A103: [BE] - Paylater | C103: Number of issued paylater | D103: # | E103: 1354 | F103: 917 | G103: 1344 | H103: 1542 | I103: 2065 | J103: 1914 | K103: 1867 | L103: 1741 | M103: =M101*M102 -> 1752.96 | N103: =N101*N102 -> 1752.96 | O103: =O101*O102 -> 1752.96 | P103: =P101*P102 -> 1752.96 | Q103: =SUM(E103:P103) -> 19755.84 | R103: =R101*R102 -> 1917.3 | S103: =S101*S102 -> 1533.84 | T103: =T101*T102 -> 2013.165 | U103: =U101*U102 -> 1610.532 | V103: =V101*V102 -> 2113.8232 | W103: =W101*W102 -> 1691.0586 | X103: =X101*X102 -> 2219.5144 | Y103: =Y101*Y102 -> 1775.6115 | ... AC103: =AC101*AC102 -> 1957.6117 | AD103: =SUM(R103:AC103) -> 23474.353
...
