Workbook
Name Raw_B0: #REF!
Name Raw_B0: #REF!
Name Raw_RF_tbl: [1]!Table4[#All]
Name Raw_RFB0_B1: #REF!
Name Raw_RFB0_B1: #REF!
Name RFB0_B1_Tbl: [1]!RF_B0_B1_tbl[#All]
Name sum_prod_target: 'Tracking daily Target'!$E$20:$I$31
Name sum_target: 'Tracking daily Target'!$E$35:$F$39
Name top_largest_gap: 'Tracking daily Target'!$E$46:$F$50

Sheet Road to 3k
C1: ROAD TO 3K — Q2 2026 (Apr / May / Jun)
C4: Baseline tháng 3 (Daily_Mar): ~66.5 bil/day = 2k2 | Target Jun: 3k (~97 bil/day, ~3,008 bil/tháng)
D5: Daily_Mar | E5: Initiatives | F5: Group Initiative | G5: Incremental | H5: Daily_Apr | I5: Incremental | J5: Daily_May | K5: Incremental | L5: Daily_Jun | M5: PIC | N5: Status
C6: [VDS] - Cashloan | D6: 15986858000 | E6: - Universal pool | F6: Risk Enhance | G6: 2000000000 | H6: 17986858000 | J6: 20986858000 | M6: Risk | N6: Live
E7: - Risk: request = approve (50%) | F7: Risk Enhance | I7: 3000000000 | M7: Risk | N7: In progress
E8: - Risk: request = approve (70%) | F8: Risk Enhance | K8: 1000000000 | L8: 21986858000 | M8: Risk | N8: In progress
C9: [VDS] - Payday | D9: 11592244800 | E9: - VDS PD tăng app từ 5k lên 6k (Jan benchmark) | F9: App Growth | H9: 11592244800 | I9: 1738836720 | J9: 13331081520 | L9: 13331081520 | M9: MKT | N9: New
C11: [Cake] - Cashloan | D11: 12628304667 | E11: - Cake CL tăng app từ 5k6 lên 6k8 (Jan benchmark) | F11: App Growth | G11: 2525660933 | H11: 18153965600 | J11: 18153965600 | L11: 19969362160 | M11: MKT | N11: New
E12: - Universal Pool | F12: Risk Enhance | G12: 3000000000 | M12: Risk | N12: Live
E13: - Cake CL tăng app từ 6k8 lên 7k5 | F13: App Growth | K13: 1815396560 | M13: MKT | N13: New
C14: [Cake] - Payday | D14: 13618558800 | E14: - Cake PD tăng app từ 7k5 lên 8k2 (Jan benchmark) | F14: App Growth | G14: 1361855880 | H14: 17250174480 | J14: 17250174480 | L14: 17250174480 | M14: MKT | N14: New
E15: - Ticket size 4mil-5mil (repeat segment) | F15: Risk Enhance | G15: 2269759800 | M15: Risk | N15: In progress
C16: [ZALOPAY] - Cashloan | D16: 2994474000 | E16: - Universal pool | F16: Risk Enhance | G16: 1000000000 | H16: 5994474000 | J16: 5994474000 | L16: 6994474000 | M16: Risk | N16: Live
E17: - ZLP CL tăng app 600 app lên 800 app (Jan benchmark) | F17: App Growth | G17: 1000000000 | M17: Sales | N17: In progress
E18: - Pool non-score | F18: App Growth | G18: 1000000000 | K18: 1000000000 | M18: Squad team | N18: In progress
C19: [MWG] - Cashloan | D19: 3364767667 | E19: - MWG tăng app từ 350 lên 400 app | F19: App Growth | G19: 480681095 | H19: 3845448762 | M19: Sales | N19: In progress
E20: - MWG tăng app từ 400 lên 550 app (Jan benchmark) | F20: App Growth | I20: 1442043286 | J20: 5287492048 | L20: 5287492048 | M20: Sales | N20: In progress
C21: [MWG] - Paylater (QTV) | D21: 1171196560 | E21: - Benchmark với Jan | F21: App Growth | G21: 400000000 | H21: 1571196560 | J21: 3571196560 | L21: 5571196560 | M21: Sales | N21: In progress
E22: - Live CD 1:1 | F22: New Feature/Product/Partner | I22: 2000000000 | K22: 2000000000 | M22: Squad team | N22: In progress
C23: [VNPAY] | D23: 1573544661 | E23: - Tối ưu luồng sản phẩm tăng 50% Appin | F23: App Growth | G23: 786772331 | H23: 2360316992 | J23: 2360316992 | L23: 2360316992 | M23: Squad team | N23: In progress
C24: [FIZA] - Payday | F24: New Feature/Product/Partner | K24: 1000000000 | L24: 1000000000 | M24: Squad team | N24: In progress
C25: Others | D25: 3568655822 | H25: 3568655822 | J25: 3568655822 | L25: 3568655822
C26: Total | D26: 66498604977 | G26: 15824730039 | H26: 82323335016 | I26: 8180880006 | J26: 90504215021 | K26: 6815396560 | L26: 97319611581
C27: Monthly total (bil) | H27: 2552023385486 | J27: 2805630665663 | L27: 3016907959023
C28: Avg ticket size (mil)
F29: Risk Enhance | G29: =SUMIFS(G$6:G$24,$F$6:$F$24,$F29) -> 8269759800 | H29: =SUMIFS(H$6:H$24,$F$6:$F$24,$F29) -> 23981332000 | I29: =SUMIFS(I$6:I$24,$F$6:$F$24,$F29) -> 3000000000 | J29: =SUMIFS(J$6:J$24,$F$6:$F$24,$F29) -> 26981332000 | K29: =SUMIFS(K$6:K$24,$F$6:$F$24,$F29) -> 1000000000 | L29: =SUMIFS(L$6:L$24,$F$6:$F$24,$F29) -> 28981332000
F30: App Growth | G30: =SUMIFS(G$6:G$24,$F$6:$F$24,$F30) -> 7554970239 | H30: =SUMIFS(H$6:H$24,$F$6:$F$24,$F30) -> 54773347194 | I30: =SUMIFS(I$6:I$24,$F$6:$F$24,$F30) -> 3180880006 | J30: =SUMIFS(J$6:J$24,$F$6:$F$24,$F30) -> 59954227200 | K30: =SUMIFS(K$6:K$24,$F$6:$F$24,$F30) -> 2815396560 | L30: =SUMIFS(L$6:L$24,$F$6:$F$24,$F30) -> 63769623760
F31: New Feature/Product/Partner | G31: =SUMIFS(G$6:G$24,$F$6:$F$24,$F31) -> 0 | H31: =SUMIFS(H$6:H$24,$F$6:$F$24,$F31) -> 0 | I31: =SUMIFS(I$6:I$24,$F$6:$F$24,$F31) -> 2000000000 | J31: =SUMIFS(J$6:J$24,$F$6:$F$24,$F31) -> 0 | K31: =SUMIFS(K$6:K$24,$F$6:$F$24,$F31) -> 3000000000 | L31: =SUMIFS(L$6:L$24,$F$6:$F$24,$F31) -> 1000000000
C32: [Cake] - Cashloan | E32: - Risk: request = approve (50%) | F32: Risk Enhance
E33: - Risk: request = approve (70%) | F33: Risk Enhance
C34: [ZALOPAY] - Cashloan | E34: Tăng ticket size | F34: Risk Enhance
C35: [MWG] - Payday | E35: New product launch | F35: App Growth | M35: Sales | N35: In progress

Sheet Road to 3k v2
C1: ROAD TO 3K — Q2 2026 (Apr / May / Jun)
C4: Baseline tháng 3 (Daily_MTD Apr): ~75 bil/day | Target Jun: 3k (~97 bil/day, ~3,008 bil/tháng)
D5: Daily_MTD Apr | E5: Initiatives | F5: Group Initiative | G5: Incremental | H5: Daily_MTG | I5: Incremental | J5: Daily_May | K5: Incremental | L5: Daily_Jun | M5: PIC | N5: Status
B6: VDS | C6: [VDS] - Cashloan | D6: =Pivot!C13 -> 168117780000 | H6: =D6 -> 168117780000 | J6: =H6+I7 -> 170117780000 | L6: =J6+K8 -> 173117780000
C7: =C6 -> [VDS] - Cashloan | E7: - Risk: request = approve (50%) | F7: Risk Enhance | I7: 2000000000 | M7: Risk | N7: In progress
C8: =C7 -> [VDS] - Cashloan | E8: - Risk: request = approve (70%) | F8: Risk Enhance | K8: 3000000000 | M8: Risk | N8: In progress
B9: VDS | C9: [VDS] - Payday | D9: =Pivot!C14 -> 119993292000 | H9: =D9 -> 119993292000 | J9: =H9+I11+I10 -> 1.4070792e+11 | L9: =J9 -> 1.4070792e+11
C10: =C9 -> [VDS] - Payday | E10: - VDS PD tăng app từ 5k7 lên 6k (Jan benchmark) | F10: App Growth | I10: =(6/5.7-1)*H9 -> 6.3154364e+09 | M10: MKT | N10: In progress
C11: =C10 -> [VDS] - Payday | E11: - Tăng ticket nhóm repeat từ 4,7tr lên 5tr2 | F11: Risk Enhance | I11: =D9*15%*80% -> 14399195040 | M11: Risk | N11: In progress
B12: Cake | C12: [Cake] - Cashloan | D12: =Pivot!C5 -> 147805250000 | H12: =D12+G13 -> 149805250000 | J12: =H12+I14 -> 151805250000 | L12: =J12+K14 -> 154805250000
C13: =C12 -> [Cake] - Cashloan | E13: - Cake CL tăng app new (loại universal pool) từ 3k8 lên 5k4 | F13: App Growth | G13: 2000000000 | J13: =H13+I15 -> 0 | M13: MKT | N13: In progress
C14: =C13 -> [Cake] - Cashloan | E14: - Risk: request = approve (50%-70%) | F14: Risk Enhance | I14: 2000000000 | K14: 3000000000 | M14: Risk | N14: In progress
B15: Cake | C15: [Cake] - Payday | D15: =Pivot!C7 -> 157621248000 | H15: =D15 -> 157621248000 | J15: =H15+I17+I18 -> 159621248000 | L15: =J15 -> 159621248000
C16: =C15 -> [Cake] - Payday | E16: - Cake PD tăng app từ 7k5 lên 8k2 (Jan benchmark) | F16: App Growth | M16: MKT | N16: In progress
C18: =C15 -> [Cake] - Payday | E18: - Tăng ticket size avg 4.5 => 5.5 mil (repeat segment) | F18: Risk Enhance | I18: 2000000000
B19: ZLP | C19: [ZALOPAY] - Cashloan | D19: =Pivot!C21 -> 60270480000 | H19: =D19 -> 60270480000 | J19: =H19+I20+I21 -> 6.9880549e+10 | L19: =J19+K21 -> 7.0880549e+10
C20: =C19 -> [ZALOPAY] - Cashloan | E20: - Tăng ticket size (14mil-16mil) | F20: App Growth | I20: =(16/14-1)*D19 -> 8.6100686e+09 | M20: Risk | N20: In progress
C21: =C20 -> [ZALOPAY] - Cashloan | E21: - Pool non-score | F21: App Growth | I21: 1000000000 | K21: 1000000000 | M21: Squad team | N21: In progress
B22: MWG | C22: [MWG] - Cashloan | D22: =Pivot!C9+Pivot!C10 -> 37938060000 | H22: =D22 -> 37938060000 | J22: =H22+I23+I24 -> 42231866000 | L22: =J22 -> 42231866000
C23: =C22 -> [MWG] - Cashloan | E23: - MWG tăng app từ 400 lên 550 app (Jan benchmark) | F23: App Growth | I23: 500000000 | M23: Sales | N23: In progress
C24: =C23 -> [MWG] - Cashloan | E24: - Tăng AR 50%-55% | F24: Risk Enhance | I24: =(55/50-1)*H22 -> 3.793806e+09 | M24: Sales | N24: In progress
B25: MWG | C25: [MWG] - Paylater (QTV) | D25: =Pivot!C11 -> 13217452045 | H25: =D25+G26 -> 13517452045 | J25: =H25+I27 -> 15517452045 | L25: =J25+K27 -> 17517452045
C26: =C25 -> [MWG] - Paylater (QTV) | E26: - Benchmark với Jan | F26: App Growth | G26: 300000000 | L26: =J26+K28 -> 0 | M26: Sales | N26: In progress
C27: =C26 -> [MWG] - Paylater (QTV) | E27: - Live CD 1:1 | F27: New Feature/Product/Partner | I27: 2000000000 | K27: 2000000000 | M27: Squad team | N27: In progress
B28: NEW CHANNEL | C28: [VNPAY] | D28: =SUM(Pivot!C18:C20) -> 18051788374 | E28: - Tối ưu luồng sản phẩm tăng 50% Appin | F28: App Growth | H28: =D28 -> 18051788374 | I28: 700000000 | J28: =H28+I28 -> 18751788374 | L28: =J28 -> 18751788374 | M28: Squad team | N28: In progress
B29: NEW CHANNEL | C29: [FIZA] - Payday | F29: New Feature/Product/Partner | I29: 700000000 | J29: =H29+I29 -> 700000000 | K29: 300000000 | L29: =J29+K29 -> 1000000000 | M29: Squad team | N29: In progress
B30: OTHERS | C30: Others | D30: =Pivot!C22-SUM('Road to 3k v2'!D6:D28) -> -723015350419 | H30: =D30 -> -723015350419 | J30: =H30 -> -723015350419 | L30: =J30 -> -723015350419
C31: Total | D31: =Pivot!C22 -> 0 | G31: =SUM(G6:G30) -> 2300000000 | H31: =SUM(H6:H30) -> 2300000000 | I31: =SUM(I6:I30) -> 4.4018506e+10 | J31: =SUM(J6:J30) -> 4.6318506e+10 | K31: =SUM(K6:K30) -> 9300000000 | L31: =SUM(L6:L30) -> 5.5618506e+10
C32: Monthly total (bil) | H32: =H31*30 -> 69000000000 | J32: =J31*31 -> 1.4358737e+12 | L32: =L31*30 -> 1.6685552e+12
C33: Avg ticket size (mil) | G33: =H32-D34 -> 69000000000 | H33: =G33/11 -> 6.2727273e+09
D34: =D31*30 -> 0 | E34: =(D31*19)+(D31+G31)*11 -> 25300000000 | G34: =(D31*19)+(G31+D31)*11 -> 25300000000
G35: TARGET DAILY | H35: CHANNEL | I35: APR | J35: MAY | K35: JUN | M35: CHANNEL | N35: APR | O35: MAY | P35: JUN
H36: VDS | I36: 27 | J36: 35 | K36: 40 | M36: VDS | N36: =SUM('waterfall 3k'!E5:E6)/1000000000 -> 0 | O36: =SUM('waterfall 3k'!G5:G6)/1000000000 -> 30.087646 | P36: =SUM('waterfall 3k'!I5:I6)/1000000000 -> 30.087646
H37: CAKE | I37: 35 | J37: 37 | K37: 40 | M37: CAKE | N37: =SUM('waterfall 3k'!E7:E8)/1000000000 -> 0 | O37: =SUM('waterfall 3k'!G7:G8)/1000000000 -> 40.554051 | P37: =SUM('waterfall 3k'!I7:I8)/1000000000 -> 40.554051
H38: ZLP | I38: 6 | J38: 8 | K38: 10 | M38: ZLP | N38: ='waterfall 3k'!E9/1000000000 -> 0 | O38: ='waterfall 3k'!G9/1000000000 -> 7.7270829 | P38: ='waterfall 3k'!I9/1000000000 -> 9.7270829
H39: MWG | I39: 5 | J39: 8 | K39: 10 | M39: MWG | N39: =SUM('waterfall 3k'!E10:E11)/1000000000 -> 0 | O39: =SUM('waterfall 3k'!G10:G11)/1000000000 -> 8.3381256 | P39: =SUM('waterfall 3k'!I10:I11)/1000000000 -> 10.338126
H40: NEW CHANNEL | J40: 1 | K40: 1 | M40: [VNPAY] | N40: ='waterfall 3k'!E12/1000000000 -> 0 | O40: ='waterfall 3k'!G12/1000000000 -> 2.2158571 | P40: ='waterfall 3k'!I12/1000000000 -> 2.2158571
H41: OTHERS | I41: 5 | J41: 5 | K41: 5 | M41: NEW CHANNEL | N41: ='waterfall 3k'!E13/1000000000 -> 0 | O41: ='waterfall 3k'!G13/1000000000 -> 0.7 | P41: ='waterfall 3k'!I13/1000000000 -> 1
H42: DAILY DISBURSE | I42: =SUM(I36:I41) -> 78 | J42: =SUM(J36:J41) -> 94 | K42: =SUM(K36:K41) -> 106 | M42: OTHERS | N42: ='waterfall 3k'!E14/1000000000 -> 0 | O42: ='waterfall 3k'!G14/1000000000 -> 3.8154967 | P42: ='waterfall 3k'!I14/1000000000 -> 3.8154967
H43: MONTLY DISBURSE | I43: =I42*30 -> 2340 | J43: =J42*31 -> 2914 | K43: =K42*30 -> 3180 | M43: DAILY DISBURSE | N43: =SUM(N36:N42) -> 0 | O43: =SUM(O36:O42) -> 93.43826 | P43: =SUM(P36:P42) -> 97.73826
M44: MONTHLY DISBURSE | N44: =N43*30 -> 0 | O44: =O43*31 -> 2896.5861 | P44: =P43*30 -> 2932.1478
G45: BY INITIATIVES | H45: Contribution by Initiatives | I45: APR | J45: MAY | K45: JUN
H46: Risk Enhance | I46: =SUMIFS($G$6:$G$29,$F$6:$F$29,$H46)/10^9 -> 0 | J46: =SUMIFS($I$6:$I$29,$F$6:$F$29,$H46)/10^9 -> 24.193001 | K46: =SUMIFS($K$6:$K$29,$F$6:$F$29,$H46)/10^9 -> 6
H47: App Growth | I47: =SUMIFS($G$6:$G$29,$F$6:$F$29,$H47)/10^9 -> 2.3 | J47: =SUMIFS($I$6:$I$29,$F$6:$F$29,$H47)/10^9 -> 17.125505 | K47: =SUMIFS($K$6:$K$29,$F$6:$F$29,$H47)/10^9 -> 1
H48: New Feature/Product/Partner | I48: =SUMIFS($G$6:$G$29,$F$6:$F$29,$H48)/10^9 -> 0 | J48: =SUMIFS($I$6:$I$29,$F$6:$F$29,$H48)/10^9 -> 2.7 | K48: =SUMIFS($K$6:$K$29,$F$6:$F$29,$H48)/10^9 -> 2.3
H49: Total Incremental (+) | I49: =SUM(I46:I48) -> 2.3 | J49: =SUM(J46:J48) -> 44.018506 | K49: =SUM(K46:K48) -> 9.3
G52: TARGET DAILY | H52: CHANNEL | I52: APR | J52: MAY | K52: JUN
H53: VDS | I53: =SUMIFS($H$6:$H$30,$B$6:$B$30,$H53)/10^9 -> 288.11107 | J53: =SUMIFS($J$6:$J$30,$B$6:$B$30,$H53)/10^9 -> 310.8257 | K53: =SUMIFS($L$6:$L$30,$B$6:$B$30,$H53)/10^9 -> 313.8257
H54: CAKE | I54: =SUMIFS($H$6:$H$30,$B$6:$B$30,$H54)/10^9 -> 307.4265 | J54: =SUMIFS($J$6:$J$30,$B$6:$B$30,$H54)/10^9 -> 311.4265 | K54: =SUMIFS($L$6:$L$30,$B$6:$B$30,$H54)/10^9 -> 314.4265
H55: ZLP | I55: =SUMIFS($H$6:$H$30,$B$6:$B$30,$H55)/10^9 -> 60.27048 | J55: =SUMIFS($J$6:$J$30,$B$6:$B$30,$H55)/10^9 -> 69.880549 | K55: =SUMIFS($L$6:$L$30,$B$6:$B$30,$H55)/10^9 -> 70.880549
H56: MWG | I56: =SUMIFS($H$6:$H$30,$B$6:$B$30,$H56)/10^9 -> 51.455512 | J56: =SUMIFS($J$6:$J$30,$B$6:$B$30,$H56)/10^9 -> 57.749318 | K56: =SUMIFS($L$6:$L$30,$B$6:$B$30,$H56)/10^9 -> 59.749318
H57: NEW CHANNEL | I57: =SUMIFS($H$6:$H$30,$B$6:$B$30,$H57)/10^9 -> 18.051788 | J57: =SUMIFS($J$6:$J$30,$B$6:$B$30,$H57)/10^9 -> 19.451788 | K57: =SUMIFS($L$6:$L$30,$B$6:$B$30,$H57)/10^9 -> 19.751788
H58: OTHERS | I58: =SUMIFS($H$6:$H$30,$B$6:$B$30,$H58)/10^9 -> -723.01535 | J58: =SUMIFS($J$6:$J$30,$B$6:$B$30,$H58)/10^9 -> -723.01535 | K58: =SUMIFS($L$6:$L$30,$B$6:$B$30,$H58)/10^9 -> -723.01535
H59: DAILY DISBURSE | I59: =SUM(I53:I58) -> 2.3 | J59: =SUM(J53:J58) -> 46.318506 | K59: =SUM(K53:K58) -> 55.618506
H60: MONTLY DISBURSE | I60: =I59*30 -> 69 | J60: =J59*31 -> 1435.8737 | K60: =K59*30 -> 1668.5552
I61: =I60-H32/1000000000 -> -1.3642421e-12 | J61: =J60-J32/1000000000 -> 0 | K61: =K60-L32/1000000000 -> 1.8189894e-12

Sheet Road to 3k v2 (2)
C1: ROAD TO 3K — Q2 2026 (Apr / May / Jun)
C4: Baseline tháng 3 (Daily_MTD Apr): ~75 bil/day | Target Jun: 3k (~97 bil/day, ~3,008 bil/tháng)
D5: Daily_MTD May | E5: Initiatives | F5: Group Initiative | G5: Incremental | H5: Daily_Apr | I5: Incremental | J5: Daily_May | K5: Incremental | L5: Daily_Jun | M5: PIC | N5: Status
B6: VDS | C6: [VDS] - Cashloan | D6: =168117780000/10 -> 16811778000 | H6: =GETPIVOTDATA("Total",Pivot!$A$2,"lending_product_transform",'Road to 3k v2 (2)'!$C6)/30 -> 1.6402516e+10 | J6: =H6+I7 -> 1.8402516e+10 | L6: =J6+K7 -> 1.8402516e+10
C7: =C6 -> [VDS] - Cashloan | E7: - Risk: request = approve | F7: Risk Enhance | I7: 2000000000 | M7: Risk | N7: Lived
B8: VDS | C8: [VDS] - Payday | D8: =Pivot!C14/10 -> 11999329200 | H8: =GETPIVOTDATA("Total",Pivot!$A$2,"lending_product_transform",'Road to 3k v2 (2)'!$C8)/30 -> 11100873600 | J8: =H8+I10+I9 -> 1.168513e+10 | L8: =J8 -> 1.168513e+10
C9: =C8 -> [VDS] - Payday | E9: - VDS PD tăng app từ 5k7 lên 6k (Jan benchmark) | F9: App Growth | I9: =(6/5.7-1)*H8 -> 5.8425651e+08 | M9: MKT | N9: Lived (W19 VDS PD App-in hit 6,797 app/daily)
C10: =C9 -> [VDS] - Payday | E10: - Tăng ticket nhóm repeat từ 4,7tr lên 5tr2 | F10: Risk Enhance | M10: Risk | N10: On hold
B11: Cake | C11: [Cake] - Cashloan | D11: =Pivot!C5/10 -> 14780525000 | H11: =GETPIVOTDATA("Total",Pivot!$A$2,"lending_product_transform",'Road to 3k v2 (2)'!$C11)/30 -> 1.4795032e+10 | J11: =H11+I13+I12 -> 2.2233542e+10 | L11: =J11+K13 -> 2.2233542e+10
C12: =C11 -> [Cake] - Cashloan | E12: - Cake CL daily app 11k5 (vs Apr 8k9) | F12: App Growth | I12: =H11*30% -> 4438509700 | J12: =H12+I14 -> 0 | M12: MKT | N12: In progress
C13: =C12 -> [Cake] - Cashloan | E13: - Risk: request = approve | F13: Risk Enhance | I13: 3000000000 | M13: Risk | N13: Lived | P13: =SUM(I12:I13) -> 7438509700
B14: Cake | C14: [Cake] - Payday | D14: =Pivot!C7/10 -> 15762124800 | H14: =GETPIVOTDATA("Total",Pivot!$A$2,"lending_product_transform",'Road to 3k v2 (2)'!$C14)/30 -> 14191747200 | J14: =H14+I17+I15 -> 18320509280 | L14: =J14 -> 18320509280
C15: =C14 -> [Cake] - Payday | E15: - Cake PD daily app 9k9 (vs Apr 8k6) | F15: App Growth | I15: =H14*15% -> 2128762080 | M15: MKT | N15: Lived | P15: =SUM(I15:I17) -> 4128762080
C17: =C14 -> [Cake] - Payday | E17: - Tăng ticket size nhóm repeat | F17: Risk Enhance | I17: 2000000000 | M17: Risk | N17: Lived
B18: ZLP | C18: [ZALOPAY] - Cashloan | D18: =Pivot!C21/10 -> 6027048000 | H18: =GETPIVOTDATA("Total",Pivot!$A$2,"lending_product_transform",'Road to 3k v2 (2)'!$C18)/30 -> 5866076000 | J18: =H18+I19+I20 -> 7.7270829e+09 | L18: =J18+K20+K21 -> 9.7270829e+09
C19: =C18 -> [ZALOPAY] - Cashloan | E19: - Tăng ticket size cho nhóm NTB1/2/3 | F19: Risk Enhance | I19: =(16/14-1)*D18 -> 8.6100686e+08 | M19: Risk | N19: To live this week
C20: =C19 -> [ZALOPAY] - Cashloan | E20: - Pool non-score | F20: App Growth | I20: 1000000000 | K20: 1000000000 | M20: Squad team | N20: Done | P20: =SUM(I19:I20) -> 1.8610069e+09
E21: - Paylater pool | F21: App Growth | K21: =1000000*0.2%*15000000/30 -> 1000000000 | M21: Squad team | N21: In progress
B22: MWG | C22: [MWG] - Cashloan | D22: =(Pivot!C9+Pivot!C10)/10 -> 3793806000 | H22: =GETPIVOTDATA("Total",Pivot!$A$2,"lending_product_transform",'Road to 3k v2 (2)'!$C22)/30 -> 2.6233607e+09 | J22: =H22+I23+I24 -> 4.8856967e+09 | L22: =J22 -> 4.8856967e+09
C23: =C22 -> [MWG] - Cashloan | E23: - MWG tăng app từ 400 lên 550 app (Jan benchmark) | F23: App Growth | I23: 2000000000 | M23: Sales | N23: In progress | P23: =SUM(I23:I24) -> 2.2623361e+09
C24: =C23 -> [MWG] - Cashloan | E24: - Tăng AR 50%-55% | F24: Risk Enhance | I24: =(55/50-1)*H22 -> 2.6233607e+08 | M24: Sales | N24: In progress
B25: MWG | C25: [MWG] - Paylater (QTV) | D25: =Pivot!C11/10 -> 1.3217452e+09 | H25: =GETPIVOTDATA("Total",Pivot!$A$2,"lending_product_transform",'Road to 3k v2 (2)'!$C25)/30 -> 1.1524289e+09 | J25: =H25+I27+I26 -> 3.4524289e+09 | L25: =J25+K27 -> 5.4524289e+09
C26: =C25 -> [MWG] - Paylater (QTV) | E26: - Benchmark với Jan | F26: App Growth | I26: 300000000 | L26: =J26+K28 -> 0 | M26: Sales | N26: In progress
C27: =C26 -> [MWG] - Paylater (QTV) | E27: - Live CD 1:1 | F27: New Feature/Product/Partner | I27: 2000000000 | K27: 2000000000 | M27: Squad team | N27: In progress
B28: NEW CHANNEL | C28: [VNPAY] | D28: =SUM(Pivot!C18:C20)/10 -> 1.8051788e+09 | E28: - Tối ưu luồng sản phẩm tăng 50% Appin | F28: App Growth | H28: =(GETPIVOTDATA("Total",Pivot!$A$2,"lending_product_transform","[VNPAY] - Cashloan")+GETPIVOTDATA("Total",Pivot!$A$2,"lending_product_transform","[VNPAY] - Payday")+GETPIVOTDATA("Total",Pivot!$A$2,"lending_product_transform","[VNPAY] - Paylater"))/30 -> 1.5158571e+09 | I28: 700000000 | J28: =H28+I28 -> 2.2158571e+09 | L28: =J28 -> 2.2158571e+09 | M28: Squad team | N28: In progress
B29: NEW CHANNEL | C29: [FIZA] - Payday | F29: New Feature/Product/Partner | I29: 700000000 | J29: =H29+I29 -> 700000000 | K29: 300000000 | L29: =J29+K29 -> 1000000000 | M29: Squad team | N29: In progress
B30: OTHERS | C30: Others | D30: =(Pivot!C31-SUM('Road to 3k v2 (2)'!D6:D28))/10 -> 6.9007448e+10 | H30: =H31-SUM(H6:H29) -> 3.8154967e+09 | J30: =H30 -> 3.8154967e+09 | L30: =J30 -> 3.8154967e+09
C31: Total | D31: =Pivot!C31/10 -> 7.6237601e+10 | G31: =SUM(G6:G30) -> 0 | H31: =GETPIVOTDATA("Total",Pivot!$A$2)/30 -> 7.1463389e+10 | I31: =SUM(I6:I30) -> 2.1974871e+10 | J31: =SUM(J6:J30) -> 9.343826e+10 | K31: =SUM(K6:K30) -> 4300000000 | L31: =SUM(L6:L30) -> 9.773826e+10
C32: Monthly total (bil) | D32: =D31*10 -> 762376012773 | H32: =H31*30 -> 2143901666325 | J32: =J31*31 -> 2.8965861e+12 | L32: =L31*30 -> 2.9321478e+12
J33: =J31-D31 -> 1.7200659e+10
C34: Avg ticket size (mil)
D35: =D31*30 -> 2287128038319 | E35: =(D31*19)+(D31+G31)*11 -> 2287128038319 | H35: =H32-D35 -> -143226371994
H36: =(D31*19)+(G31+D31)*11 -> 2287128038319
H37: TARGET DAILY | I37: CHANNEL | J37: APR | K37: MAY | L37: JUN | N37: CHANNEL | O37: APR | P37: MAY | Q37: JUN
I38: VDS | J38: 27 | K38: 35 | L38: 40 | N38: VDS | O38: =SUM('waterfall 3k'!E5:E6)/1000000000 -> 0 | P38: =SUM('waterfall 3k'!G5:G6)/1000000000 -> 30.087646 | Q38: =SUM('waterfall 3k'!I5:I6)/1000000000 -> 30.087646
I39: CAKE | J39: 35 | K39: 37 | L39: 40 | N39: CAKE | O39: =SUM('waterfall 3k'!E7:E8)/1000000000 -> 0 | P39: =SUM('waterfall 3k'!G7:G8)/1000000000 -> 40.554051 | Q39: =SUM('waterfall 3k'!I7:I8)/1000000000 -> 40.554051
I40: ZLP | J40: 6 | K40: 8 | L40: 10 | N40: ZLP | O40: ='waterfall 3k'!E9/1000000000 -> 0 | P40: ='waterfall 3k'!G9/1000000000 -> 7.7270829 | Q40: ='waterfall 3k'!I9/1000000000 -> 9.7270829
I41: MWG | J41: 5 | K41: 8 | L41: 10 | N41: MWG | O41: =SUM('waterfall 3k'!E10:E11)/1000000000 -> 0 | P41: =SUM('waterfall 3k'!G10:G11)/1000000000 -> 8.3381256 | Q41: =SUM('waterfall 3k'!I10:I11)/1000000000 -> 10.338126
I42: NEW CHANNEL | K42: 1 | L42: 1 | N42: [VNPAY] | O42: ='waterfall 3k'!E12/1000000000 -> 0 | P42: ='waterfall 3k'!G12/1000000000 -> 2.2158571 | Q42: ='waterfall 3k'!I12/1000000000 -> 2.2158571
I43: OTHERS | J43: 5 | K43: 5 | L43: 5 | N43: NEW CHANNEL | O43: ='waterfall 3k'!E13/1000000000 -> 0 | P43: ='waterfall 3k'!G13/1000000000 -> 0.7 | Q43: ='waterfall 3k'!I13/1000000000 -> 1
I44: DAILY DISBURSE | J44: =SUM(J38:J43) -> 78 | K44: =SUM(K38:K43) -> 94 | L44: =SUM(L38:L43) -> 106 | N44: OTHERS | O44: ='waterfall 3k'!E14/1000000000 -> 0 | P44: ='waterfall 3k'!G14/1000000000 -> 3.8154967 | Q44: ='waterfall 3k'!I14/1000000000 -> 3.8154967
I45: MONTLY DISBURSE | J45: =J44*30 -> 2340 | K45: =K44*31 -> 2914 | L45: =L44*30 -> 3180 | N45: DAILY DISBURSE | O45: =SUM(O38:O44) -> 0 | P45: =SUM(P38:P44) -> 93.43826 | Q45: =SUM(Q38:Q44) -> 97.73826
N46: MONTHLY DISBURSE | O46: =O45*30 -> 0 | P46: =P45*31 -> 2896.5861 | Q46: =Q45*30 -> 2932.1478
H47: BY INITIATIVES | I47: Contribution by Initiatives | J47: APR | K47: MAY | L47: JUN
I48: Risk Enhance | J48: =SUMIFS($G$6:$G$29,$F$6:$F$29,$I48)/10^9 -> 0 | K48: =SUMIFS($I$6:$I$29,$F$6:$F$29,$I48)/10^9 -> 8.1233429 | L48: =SUMIFS($K$6:$K$29,$F$6:$F$29,$I48)/10^9 -> 0
I49: App Growth | J49: =SUMIFS($G$6:$G$29,$F$6:$F$29,$I49)/10^9 -> 0 | K49: =SUMIFS($I$6:$I$29,$F$6:$F$29,$I49)/10^9 -> 11.151528 | L49: =SUMIFS($K$6:$K$29,$F$6:$F$29,$I49)/10^9 -> 2
I50: New Feature/Product/Partner | J50: =SUMIFS($G$6:$G$29,$F$6:$F$29,$I50)/10^9 -> 0 | K50: =SUMIFS($I$6:$I$29,$F$6:$F$29,$I50)/10^9 -> 2.7 | L50: =SUMIFS($K$6:$K$29,$F$6:$F$29,$I50)/10^9 -> 2.3
I51: Total Incremental (+) | J51: =SUM(J48:J50) -> 0 | K51: =SUM(K48:K50) -> 21.974871 | L51: =SUM(L48:L50) -> 4.3
H54: TARGET DAILY | I54: CHANNEL | J54: APR | K54: MAY | L54: JUN
I55: VDS | J55: =SUMIFS($H$6:$H$30,$B$6:$B$30,$I55)/10^9 -> 27.50339 | K55: =SUMIFS($J$6:$J$30,$B$6:$B$30,$I55)/10^9 -> 30.087646 | L55: =SUMIFS($L$6:$L$30,$B$6:$B$30,$I55)/10^9 -> 30.087646
I56: CAKE | J56: =SUMIFS($H$6:$H$30,$B$6:$B$30,$I56)/10^9 -> 28.98678 | K56: =SUMIFS($J$6:$J$30,$B$6:$B$30,$I56)/10^9 -> 40.554051 | L56: =SUMIFS($L$6:$L$30,$B$6:$B$30,$I56)/10^9 -> 40.554051
I57: ZLP | J57: =SUMIFS($H$6:$H$30,$B$6:$B$30,$I57)/10^9 -> 5.866076 | K57: =SUMIFS($J$6:$J$30,$B$6:$B$30,$I57)/10^9 -> 7.7270829 | L57: =SUMIFS($L$6:$L$30,$B$6:$B$30,$I57)/10^9 -> 9.7270829
I58: MWG | J58: =SUMIFS($H$6:$H$30,$B$6:$B$30,$I58)/10^9 -> 3.7757895 | K58: =SUMIFS($J$6:$J$30,$B$6:$B$30,$I58)/10^9 -> 8.3381256 | L58: =SUMIFS($L$6:$L$30,$B$6:$B$30,$I58)/10^9 -> 10.338126
I59: NEW CHANNEL | J59: =SUMIFS($H$6:$H$30,$B$6:$B$30,$I59)/10^9 -> 1.5158571 | K59: =SUMIFS($J$6:$J$30,$B$6:$B$30,$I59)/10^9 -> 2.9158571 | L59: =SUMIFS($L$6:$L$30,$B$6:$B$30,$I59)/10^9 -> 3.2158571
I60: OTHERS | J60: =SUMIFS($H$6:$H$30,$B$6:$B$30,$I60)/10^9 -> 3.8154967 | K60: =SUMIFS($J$6:$J$30,$B$6:$B$30,$I60)/10^9 -> 3.8154967 | L60: =SUMIFS($L$6:$L$30,$B$6:$B$30,$I60)/10^9 -> 3.8154967
I61: DAILY DISBURSE | J61: =SUM(J55:J60) -> 71.463389 | K61: =SUM(K55:K60) -> 93.43826 | L61: =SUM(L55:L60) -> 97.73826
I62: MONTLY DISBURSE | J62: =J61*30 -> 2143.9017 | K62: =K61*31 -> 2896.5861 | L62: =L61*30 -> 2932.1478
J63: =J62-H32/1000000000 -> 0 | K63: =K62-J32/1000000000 -> 0 | L63: =L62-L32/1000000000 -> 0

Sheet Initiative tracking
H3: APRIL | Y3: MAY | AP3: Jun
H4: Daily Actual - MTD | O4: Daily Target | Y4: Daily Actual - MTD | AF4: Daily Target | AP4: Daily Actual - MTD | AW4: Daily Target
B5: Product | C5: Initiatives | D5: Group Initiative | E5: PIC | F5: Action Month | G5: Status | H5: #App | I5: %Loscheck | J5: %Losprocess | K5: %AR | L5: %Sign | M5: Ticket size | N5: Daily Disburse amt | O5: #App | P5: %Loscheck | Q5: %Losprocess | R5: %AR | S5: %Sign | T5: Ticket size | U5: Daily Disburse amt | V5: Impact factors | X5: Impact Apr | Y5: #App | Z5: %Loscheck | AA5: %Losprocess | AB5: %AR | AC5: %Sign | AD5: Ticket size | AE5: Daily Disburse amt | AF5: #App | AG5: %Loscheck | AH5: %Losprocess | AI5: %AR | AJ5: %Sign | AK5: Ticket size | AL5: Daily Disburse amt | AM5: Impact factors | AO5: Impact May | AP5: #App | AQ5: %Loscheck | AR5: %Losprocess | AS5: %AR | AT5: %Sign | AU5: Ticket size | AV5: Daily Disburse amt | AW5: #App | AX5: %Loscheck | AY5: %Losprocess | AZ5: %AR | BA5: %Sign | BB5: Ticket size | BC5: Daily Disburse amt | BD5: Impact factors | BF5: Impact Jun
B6: [VDS] - Cashloan | C6: - Risk: request = approve (50%) | D6: Risk Enhance | E6: Risk | F6: May | G6: In progress | U6: =O6*P6*Q6*R6*S6*T6 -> 0 | Y6: 5787.6 | Z6: 0.91315917 | AA6: 0.99878903 | AB6: 0.24163604 | AC6: 0.84312034 | AD6: 15.662757 | AE6: =Y6*Z6*AA6*AB6*AC6*AD6 -> 16843.729 | AF6: 4339.2667 | AG6: 0.89147168 | AH6: 0.99914692 | AI6: 0.31496925 | AJ6: 0.84381589 | AK6: 17.944988 | AL6: 18433.69 | AM6: Ticket size | AN6: =AL6-AE6 -> 1589.9605 | AO6: 2000000000 | BC6: =AW6*AX6*AY6*AZ6*BA6*BB6 -> 0
B7: [VDS] - Cashloan | C7: - Risk: request = approve (70%) | D7: Risk Enhance | E7: Risk | F7: Jun | G7: In progress | U7: =O7*P7*Q7*R7*S7*T7 -> 0 | AL7: 0 | AP7: =AF6 -> 4339.2667 | AQ7: =AG6 -> 0.89147168 | AR7: =AH6 -> 0.99914692 | AS7: =AI6 -> 0.31496925 | AT7: =AJ6 -> 0.84381589 | AU7: =AK6 -> 17.944988 | AV7: =AP7*AQ7*AR7*AS7*AT7*AU7 -> 18433.69 | AW7: 4339.2667 | AX7: 0.89147168 | AY7: 0.99914692 | AZ7: 0.31496925 | BA7: 0.84381589 | BB7: 20.865454 | BC7: 21433.69 | BD7: Ticket size | BE7: =BC7-AV7 -> 3000 | BF7: ='Road to 3k v2'!K8 -> 3000000000
B8: [VDS] - Payday | C8: - VDS PD tăng app từ 5k7 lên 6k (Jan benchmark) | D8: App Growth | E8: MKT | F8: May | G8: In progress | U8: =O8*P8*Q8*R8*S8*T8 -> 0 | Y8: 6499.7 | Z8: 0.75938889 | AA8: 0.99870335 | AB8: 0.58092263 | AC8: 0.91171951 | AD8: 4.5960354 | AE8: =Y8*Z8*AA8*AB8*AC8*AD8 -> 11999.329 | AF8: 6102.7194 | AG8: 0.7592846 | AH8: 0.99887184 | AI8: 0.60826688 | AJ8: 0.91426257 | AK8: 4.5479334 | AL8: 11706.228 | AM8: App | AN8: =AL8-AE8 -> -293.10156 | AO8: ='Road to 3k v2'!I10 -> 6.3154364e+09 | BC8: 0
B9: [VDS] - Payday | C9: - Tăng ticket nhóm repeat từ 4,7tr lên 5tr2 | D9: Risk Enhance | E9: Risk | F9: May | G9: In progress | U9: =O9*P9*Q9*R9*S9*T9 -> 0 | Y9: 6499.7 | Z9: 0.75938889 | AA9: 0.99870335 | AB9: 0.58092263 | AC9: 0.91171951 | AD9: 4.5960354 | AE9: =Y9*Z9*AA9*AB9*AC9*AD9 -> 11999.329 | AF9: 5798.1333 | AG9: 0.7592846 | AH9: 0.99887184 | AI9: 0.60826688 | AJ9: 0.91426257 | AK9: 5.0926502 | AL9: 12454.076 | AM9: Ticket size | AN9: =AL9-AE9 -> 454.74677 | AO9: ='Road to 3k v2'!I11 -> 14399195040 | BC9: 0
B10: [Cake] - Cashloan | C10: - Cake CL tăng app new (loại universal pool) từ 3k8 lên 5k4 | D10: App Growth | E10: MKT | F10: Apr | G10: In progress | H10: 8904.9333 | I10: 1 | J10: 1 | K10: 0.16870765 | L10: 0.73936406 | M10: 13.354992 | N10: =H10*I10*J10*K10*L10*M10 -> 14834.312 | O10: 10105.519 | P10: 1 | Q10: 1 | R10: 0.16870765 | S10: 0.73936406 | T10: 13.354992 | U10: 16834.312 | V10: App | W10: =U10-N10 -> 2000 | X10: ='Road to 3k v2'!I14 -> 2000000000 | AL10: 0 | BC10: 0
B11: [Cake] - Cashloan | C11: - Risk: request = approve (50%-70%) | D11: Risk Enhance | E11: Risk | F11: May, Jun | G11: In progress | U11: 0 | Y11: 10197.4 | Z11: 1 | AA11: 1 | AB11: 0.12324718 | AC11: 0.75364513 | AD11: 15.64739 | AE11: =Y11*Z11*AA11*AB11*AC11*AD11 -> 14820.924 | AF11: 8904.9333 | AG11: 1 | AH11: 1 | AI11: 0.16870765 | AJ11: 0.73936406 | AK11: 16.055823 | AL11: 17834.312 | AM11: Ticket size | AN11: =AL11-AE11 -> 3013.3884 | AO11: 3000000000 | AP11: =AF11 -> 8904.9333 | AQ11: =AG11 -> 1 | AR11: =AH11 -> 1 | AS11: =AI11 -> 0.16870765 | AT11: =AJ11 -> 0.73936406 | AU11: =AK11 -> 16.055823 | AV11: =AP11*AQ11*AR11*AS11*AT11*AU11 -> 17834.312 | AW11: 8904.9333 | AX11: 1 | AY11: 1 | AZ11: 0.16870765 | BA11: 0.73936406 | BB11: 18.756655 | BC11: 20834.312 | BD11: Ticket size | BE11: =BC11-AV11 -> 3000 | BF11: ='Road to 3k v2'!K14 -> 3000000000
B12: [Cake] - Payday | C12: - Cake PD tăng app từ 7k5 lên 8k2 (Jan benchmark) | D12: App Growth | E12: MKT | F12: May | G12: In progress | U12: 0 | AL12: 0 | BC12: 0
B13: [Cake] - Payday | C13: - Ticket size 3,5-4,5mil (repeat segment) | D13: Risk Enhance | E13: Risk | F13: May | G13: In progress | U13: 0 | Y13: 10429 | Z13: 1 | AA13: 1 | AB13: 0.46300388 | AC13: 0.91716983 | AD13: 3.5674637 | AE13: =Y13*Z13*AA13*AB13*AC13*AD13 -> 15799.255 | AF13: 8682.2333 | AG13: 1 | AH13: 1 | AI13: 0.50165249 | AJ13: 0.9318967 | AK13: 3.5065523 | AL13: 14232.544 | AM13: Ticket size | AN13: =AL13-AE13 -> -1566.7119 | AO13: ='Road to 3k v2'!I17 -> 0 | BC13: 0
B14: [Cake] - Payday | C14: - Ticket size 4,5-6mil (repeat segment) | D14: Risk Enhance | E14: Risk | F14: May | G14: In progress | Y14: 10429 | Z14: 1 | AA14: 1 | AB14: 0.46300388 | AC14: 0.91716983 | AD14: 3.5674637 | AE14: =Y14*Z14*AA14*AB14*AC14*AD14 -> 15799.255 | AF14: 8682.2333 | AG14: 1 | AH14: 1 | AI14: 0.50165249 | AJ14: 0.9318967 | AK14: 3.9993036 | AL14: 16232.544 | AM14: Ticket size | AN14: =AL14-AE14 -> 433.28812 | AO14: 2000000000
B15: [ZALOPAY] - Cashloan | C15: - Tăng ticket size (14mil-16mil) | D15: App Growth | E15: Risk | F15: May | G15: In progress | U15: 0 | Y15: 1436.3 | Z15: 0.82454919 | AA15: 0.99881787 | AB15: 0.37856116 | AC15: 0.93948191 | AD15: 14.374071 | AE15: =Y15*Z15*AA15*AB15*AC15*AD15 -> 6047.1717 | AF15: 1233.1333 | AG15: 0.80215711 | AH15: 0.99841618 | AI15: 0.44147428 | AJ15: 0.95214067 | AK15: 16.17766 | AL15: 6715.886 | AM15: Ticket size | AN15: =AL15-AE15 -> 668.71433 | AO15: ='Road to 3k v2'!I20 -> 8.6100686e+09 | BC15: 0
B16: [ZALOPAY] - Cashloan | C16: - Pool non-score | D16: App Growth | E16: Squad team | F16: May, Jun | G16: In progress | U16: 0 | Y16: 1436.3 | Z16: 0.82454919 | AA16: 0.99881787 | AB16: 0.37856116 | AC16: 0.93948191 | AD16: 14.374071 | AE16: =Y16*Z16*AA16*AB16*AC16*AD16 -> 6047.1717 | AF16: 1442.9257 | AG16: 0.80215711 | AH16: 0.99841618 | AI16: 0.44147428 | AJ16: 0.95214067 | AK16: 14.159006 | AL16: 6877.8752 | AM16: App | AN16: =AL16-AE16 -> 830.70347 | AO16: ='Road to 3k v2'!I21 -> 1000000000 | AP16: =AF16 -> 1442.9257 | AQ16: =AG16 -> 0.80215711 | AR16: =AH16 -> 0.99841618 | AS16: =AI16 -> 0.44147428 | AT16: =AJ16 -> 0.95214067 | AU16: =AK16 -> 14.159006 | AV16: =AP16*AQ16*AR16*AS16*AT16*AU16 -> 6877.8752 | AW16: 1652.7181 | AX16: 0.80215711 | AY16: 0.99841618 | AZ16: 0.44147428 | BA16: 0.95214067 | BB16: 14.159006 | BC16: 7877.8752 | BD16: Ticket size | BE16: =BC16-AV16 -> 1000 | BF16: ='Road to 3k v2'!K21 -> 1000000000
B17: [MWG] - Cashloan | C17: - MWG tăng app từ 400 lên 550 app (Jan benchmark) | D17: App Growth | E17: Sales | F17: May | G17: In progress | U17: 0 | Y17: 440.8 | Z17: 1 | AA17: 1 | AB17: 0.41488879 | AC17: 0.90754923 | AD17: 22.868029 | AE17: =Y17*Z17*AA17*AB17*AC17*AD17 -> 3795.5281 | AF17: 442.66182 | AG17: 1 | AH17: 1 | AI17: 0.44149956 | AJ17: 0.90916272 | AK17: 22.650284 | AL17: 4024.5527 | AM17: App | AN17: =AL17-AE17 -> 229.02462 | AO17: ='Road to 3k v2'!I23 -> 500000000 | BC17: 0
B18: [MWG] - Cashloan | C18: - Tăng AR 50%-55% | D18: Risk Enhance | E18: Sales | F18: May | G18: In progress | U18: 0 | Y18: 440.8 | Z18: 1 | AA18: 1 | AB18: 0.41488879 | AC18: 0.90754923 | AD18: 22.868029 | AE18: =Y18*Z18*AA18*AB18*AC18*AD18 -> 3795.5281 | AF18: 387.66667 | AG18: 1 | AH18: 1 | AI18: 0.48489094 | AJ18: 0.90916272 | AK18: 22.650284 | AL18: 3870.9522 | AM18: AR | AN18: =AL18-AE18 -> 75.424049 | AO18: ='Road to 3k v2'!I24 -> 3.793806e+09 | BC18: 0
B19: [MWG] - Paylater (QTV) | C19: - Benchmark với Jan | D19: App Growth | E19: Sales | F19: Apr | G19: In progress | H19: 285.52381 | I19: 1 | J19: 1 | K19: 0.60440661 | L19: 0.81248274 | M19: 4.2 | N19: 1208.7673 | O19: 397.33333 | P19: 1 | Q19: 1 | R19: 0.60440661 | S19: 0.81248274 | T19: 4.2 | U19: 1508.7673 | V19: App | W19: =U19-N19 -> 300 | X19: ='Road to 3k v2'!G26 -> 300000000 | AL19: 0 | BC19: 0
B20: [MWG] - Paylater (QTV) | C20: - Live CD 1:1 | D20: New Feature/Product/Partner | E20: Squad team | F20: May, Jun | G20: In progress | U20: 0 | Y20: 285.52381 | Z20: 1 | AA20: 1 | AB20: 0.60440661 | AC20: 0.81248274 | AD20: 4.2 | AE20: 1208.7673 | AM20: App | AO20: ='Road to 3k v2'!I27 -> 2000000000 | AP20: 285.52381 | AQ20: 1 | AR20: 1 | AS20: 0.60440661 | AT20: 0.81248274 | AU20: 4.2 | AV20: 1208.7673 | BC20: 0 | BF20: ='Road to 3k v2'!K27 -> 2000000000
B21: [VNPAY] | C21: - Tối ưu luồng sản phẩm tăng 50% Appin | D21: App Growth | E21: Squad team | F21: May | G21: In progress | U21: 0 | AL21: 0 | AO21: ='Road to 3k v2'!I28 -> 700000000
B22: [VNPAY] - Cashloan | U22: 0 | Y22: 144.3 | Z22: 1 | AA22: 1 | AB22: 0.32453092 | AC22: 0.81798715 | AD22: 19.918901 | AE22: =Y22*Z22*AA22*AB22*AC22*AD22 -> 763.01709 | AF22: 214.6 | AG22: 1 | AH22: 1 | AI22: 0.32104526 | AJ22: 0.8502907 | AK22: 19.456036 | AL22: 1139.7715 | AM22: App | AN22: =AL22-AE22 -> 376.75437 | AP22: 143.85714 | AQ22: 1 | AR22: 1 | AS22: 0.31564987 | AT22: 0.8539916 | AU22: 19.802311 | AV22: =AP22*AQ22*AR22*AS22*AT22*AU22 -> 767.90325
B23: [VNPAY] - Payday | U23: 0 | Y23: 251.9 | Z23: 1 | AA23: 1 | AB23: 0.27969805 | AC23: 0.93039773 | AD23: 4.3769725 | AE23: =Y23*Z23*AA23*AB23*AC23*AD23 -> 286.9195 | AF23: 283.15 | AG23: 1 | AH23: 1 | AI23: 0.42400141 | AJ23: 0.92746978 | AK23: 4.3890898 | AL23: 488.71774 | AM23: App | AN23: =AL23-AE23 -> 201.79824 | AP23: 159.47619 | AQ23: 1 | AR23: 1 | AS23: 0.51001495 | AT23: 0.92790152 | AU23: 4.3890898 | AV23: =AP23*AQ23*AR23*AS23*AT23*AU23 -> 331.24941
B24: [VNPAY] - Paylater | U24: 0 | Y24: 400.19048 | Z24: 1 | AA24: 1 | AB24: 0.088555858 | AC24: 0.83846154 | AD24: 1.7 | AE24: 506.04596 | AF24: 600.28571 | AG24: 1 | AH24: 1 | AI24: 0.088555858 | AJ24: 0.83846154 | AK24: 1.7 | AL24: 663.21623 | AM24: App | AN24: =AO21/1000000-AN22-AN23 -> 121.44739 | AP24: 400.19048 | AQ24: 1 | AR24: 1 | AS24: 0.093377799 | AT24: 0.83928571 | AU24: 1.7 | AV24: 506.04596
B25: [FIZA] - Payday | D25: New Feature/Product/Partner | E25: Squad team | F25: Jun | G25: In progress | U25: =O25*P25*Q25*R25*S25*T25 -> 0 | AL25: 0 | AO25: ='Road to 3k v2'!I29 -> 700000000 | BC25: =AW25*AX25*AY25*AZ25*BA25*BB25 -> 0 | BF25: ='Road to 3k v2'!K29 -> 300000000
X26: =SUM(X6:X25) -> 2300000000 | AE26: =AE24/AD24 -> 297.6741 | AL26: =AL24/AK24 -> 390.12719
AE27: =16449+10855+7155 -> 34459 | AL27: =AL26/AE26-1 -> 0.31058496
AE28: =AE27/22 -> 1566.3182
H33: APRIL | Y33: MAY | AP33: Jun
H34: Daily Actual - Last Week | O34: Daily Target | Y34: Daily Actual - Last Week | AF34: Daily Target | AP34: Daily Actual - Last Week | AW34: Daily Target
B35: Product | C35: Initiatives | D35: Group Initiative | E35: PIC | F35: Action Month | G35: Status | H35: #App | I35: %Loscheck | J35: %Losprocess | K35: %AR | L35: %Sign | M35: Ticket size | N35: Daily Disburse amt | O35: #App | P35: %Loscheck | Q35: %Losprocess | R35: %AR | S35: %Sign | T35: Ticket size | U35: Daily Disburse amt | X35: Impact Apr | Y35: #App | Z35: %Loscheck | AA35: %Losprocess | AB35: %AR | AC35: %Sign | AD35: Ticket size | AE35: Daily Disburse amt | AF35: #App | AG35: %Loscheck | AH35: %Losprocess | AI35: %AR | AJ35: %Sign | AK35: Ticket size | AL35: Daily Disburse amt | AO35: Impact May | AP35: #App | AQ35: %Loscheck | AR35: %Losprocess | AS35: %AR | AT35: %Sign | AU35: Ticket size | AV35: Daily Disburse amt | AW35: #App | AX35: %Loscheck | AY35: %Losprocess | AZ35: %AR | BA35: %Sign | BB35: Ticket size | BC35: Daily Disburse amt | BF35: Impact Jun
B36: [VDS] - Cashloan | C36: - Risk: request = approve (50%) | D36: Risk Enhance | E36: Risk | F36: May | G36: In progress | N36: =H36*I36*J36*K36*L36*M36 -> 0 | U36: =O36*P36*Q36*R36*S36*T36 -> 0 | AL36: =AF36*AG36*AH36*AI36*AJ36*AK36 -> 0 | AO36: ='Road to 3k v2'!I34 -> 0 | BC36: =AW36*AX36*AY36*AZ36*BA36*BB36 -> 0
B37: [VDS] - Cashloan | C37: - Risk: request = approve (70%) | D37: Risk Enhance | E37: Risk | F37: Jun | G37: In progress | N37: =H37*I37*J37*K37*L37*M37 -> 0 | U37: =O37*P37*Q37*R37*S37*T37 -> 0 | AL37: =AF37*AG37*AH37*AI37*AJ37*AK37 -> 0 | BC37: =AW37*AX37*AY37*AZ37*BA37*BB37 -> 0 | BF37: ='Road to 3k v2'!K35 -> JUN
B38: [VDS] - Payday | C38: - VDS PD tăng app từ 5k7 lên 6k (Jan benchmark) | D38: App Growth | E38: MKT | F38: May | G38: In progress | N38: =H38*I38*J38*K38*L38*M38 -> 0 | U38: =O38*P38*Q38*R38*S38*T38 -> 0 | AL38: =AF38*AG38*AH38*AI38*AJ38*AK38 -> 0 | AO38: ='Road to 3k v2'!I37 -> 35 | BC38: =AW38*AX38*AY38*AZ38*BA38*BB38 -> 0
B39: [VDS] - Payday | C39: - Tăng ticket nhóm repeat từ 4,7tr lên 5tr2 | D39: Risk Enhance | E39: Risk | F39: May | G39: In progress | N39: =H39*I39*J39*K39*L39*M39 -> 0 | U39: =O39*P39*Q39*R39*S39*T39 -> 0 | AL39: =AF39*AG39*AH39*AI39*AJ39*AK39 -> 0 | AO39: ='Road to 3k v2'!I38 -> 6 | BC39: =AW39*AX39*AY39*AZ39*BA39*BB39 -> 0
B40: [Cake] - Cashloan | C40: - Cake CL tăng app new (loại universal pool) từ 3k8 lên 5k4 | D40: App Growth | E40: MKT | F40: Apr | G40: In progress | N40: =H40*I40*J40*K40*L40*M40 -> 0 | U40: =O40*P40*Q40*R40*S40*T40 -> 0 | X40: ='Road to 3k v2'!I41 -> 5 | AL40: =AF40*AG40*AH40*AI40*AJ40*AK40 -> 0 | BC40: =AW40*AX40*AY40*AZ40*BA40*BB40 -> 0
B41: [Cake] - Cashloan | C41: - Risk: request = approve (50%-70%) | D41: Risk Enhance | E41: Risk | F41: May, Jun | G41: In progress | N41: =H41*I41*J41*K41*L41*M41 -> 0 | U41: =O41*P41*Q41*R41*S41*T41 -> 0 | AL41: =AF41*AG41*AH41*AI41*AJ41*AK41 -> 0 | AO41: ='Road to 3k v2'!G40 -> 0 | BC41: =AW41*AX41*AY41*AZ41*BA41*BB41 -> 0 | BF41: ='Road to 3k v2'!K41 -> 5
B42: [Cake] - Payday | C42: - Cake PD tăng app từ 7k5 lên 8k2 (Jan benchmark) | D42: App Growth | E42: MKT | F42: May | G42: In progress | N42: =H42*I42*J42*K42*L42*M42 -> 0 | U42: =O42*P42*Q42*R42*S42*T42 -> 0 | AL42: =AF42*AG42*AH42*AI42*AJ42*AK42 -> 0 | BC42: =AW42*AX42*AY42*AZ42*BA42*BB42 -> 0
B43: [Cake] - Payday | C43: - Ticket size 3,5-4,5mil (repeat segment) | D43: Risk Enhance | E43: Risk | F43: May | G43: In progress | N43: =H43*I43*J43*K43*L43*M43 -> 0 | U43: =O43*P43*Q43*R43*S43*T43 -> 0 | AL43: =AF43*AG43*AH43*AI43*AJ43*AK43 -> 0 | AO43: ='Road to 3k v2'!I44 -> 0 | BC43: =AW43*AX43*AY43*AZ43*BA43*BB43 -> 0
B44: [ZALOPAY] - Cashloan | C44: - Tăng ticket size (14mil-16mil) | D44: App Growth | E44: Risk | F44: May | G44: In progress | N44: =H44*I44*J44*K44*L44*M44 -> 0 | U44: =O44*P44*Q44*R44*S44*T44 -> 0 | AL44: =AF44*AG44*AH44*AI44*AJ44*AK44 -> 0 | AO44: ='Road to 3k v2'!I46 -> 0 | BC44: =AW44*AX44*AY44*AZ44*BA44*BB44 -> 0
B45: [ZALOPAY] - Cashloan | C45: - Pool non-score | D45: App Growth | E45: Squad team | F45: May, Jun | G45: In progress | N45: =H45*I45*J45*K45*L45*M45 -> 0 | U45: =O45*P45*Q45*R45*S45*T45 -> 0 | AL45: =AF45*AG45*AH45*AI45*AJ45*AK45 -> 0 | AO45: ='Road to 3k v2'!I47 -> 2.3 | BC45: =AW45*AX45*AY45*AZ45*BA45*BB45 -> 0 | BF45: ='Road to 3k v2'!K47 -> 1
B46: [MWG] - Cashloan | C46: - MWG tăng app từ 400 lên 550 app (Jan benchmark) | D46: App Growth | E46: Sales | F46: May | G46: In progress | N46: =H46*I46*J46*K46*L46*M46 -> 0 | U46: =O46*P46*Q46*R46*S46*T46 -> 0 | AL46: =AF46*AG46*AH46*AI46*AJ46*AK46 -> 0 | AO46: ='Road to 3k v2'!I49 -> 2.3 | BC46: =AW46*AX46*AY46*AZ46*BA46*BB46 -> 0
B47: [MWG] - Cashloan | C47: - Tăng AR 50%-55% | D47: Risk Enhance | E47: Sales | F47: May | G47: In progress | N47: =H47*I47*J47*K47*L47*M47 -> 0 | U47: =O47*P47*Q47*R47*S47*T47 -> 0 | AL47: =AF47*AG47*AH47*AI47*AJ47*AK47 -> 0 | AO47: ='Road to 3k v2'!I50 -> 0 | BC47: =AW47*AX47*AY47*AZ47*BA47*BB47 -> 0
B48: [MWG] - Paylater (QTV) | C48: - Benchmark với Jan | D48: App Growth | E48: Sales | F48: Apr | G48: In progress | N48: =H48*I48*J48*K48*L48*M48 -> 0 | U48: =O48*P48*Q48*R48*S48*T48 -> 0 | X48: ='Road to 3k v2'!G52 -> TARGET DAILY | AL48: =AF48*AG48*AH48*AI48*AJ48*AK48 -> 0 | BC48: =AW48*AX48*AY48*AZ48*BA48*BB48 -> 0
B49: [MWG] - Paylater (QTV) | C49: - Live CD 1:1 | D49: New Feature/Product/Partner | E49: Squad team | F49: May, Jun | G49: In progress | N49: =H49*I49*J49*K49*L49*M49 -> 0 | U49: =O49*P49*Q49*R49*S49*T49 -> 0 | AL49: =AF49*AG49*AH49*AI49*AJ49*AK49 -> 0 | AO49: ='Road to 3k v2'!I53 -> 288.11107 | BC49: =AW49*AX49*AY49*AZ49*BA49*BB49 -> 0 | BF49: ='Road to 3k v2'!K53 -> 313.8257
B50: [VNPAY] | C50: - Tối ưu luồng sản phẩm tăng 50% Appin | D50: App Growth | E50: Squad team | F50: May | G50: In progress | N50: =H50*I50*J50*K50*L50*M50 -> 0 | U50: =O50*P50*Q50*R50*S50*T50 -> 0 | AL50: =AF50*AG50*AH50*AI50*AJ50*AK50 -> 0 | AO50: ='Road to 3k v2'!I54 -> 307.4265 | BC50: =AW50*AX50*AY50*AZ50*BA50*BB50 -> 0
B51: [FIZA] - Payday | D51: New Feature/Product/Partner | E51: Squad team | F51: Jun | G51: In progress | N51: =H51*I51*J51*K51*L51*M51 -> 0 | U51: =O51*P51*Q51*R51*S51*T51 -> 0 | AL51: =AF51*AG51*AH51*AI51*AJ51*AK51 -> 0 | AO51: ='Road to 3k v2'!I55 -> 60.27048 | BC51: =AW51*AX51*AY51*AZ51*BA51*BB51 -> 0 | BF51: ='Road to 3k v2'!K55 -> 70.880549
B57: APRIL | D57: =5400-3800 -> 1600
B59: =C10 -> - Cake CL tăng app new (loại universal pool) từ 3k8 lên 5k4 | D59: =C62+1600 -> 10504.933
B60: - Cake CL tăng app new (loại universal pool) từ 3k8 lên 5k4
B61: Cake CL - App | C61: Daily Actual | D61: Daily Target May | E61: +/-
B62: Daily app-in | C62: =H10 -> 8904.9333 | D62: =O10 -> 10105.519 | E62: =$E$71*G62 -> -0.11880497 | F62: =(D62-C62)/AVERAGE(C62:D62) -> 0.12630798 | G62: =F62/$F$71 -> 1 | H62: =D62+500 -> 10605.519
B63: %Loscheck | C63: 1 | D63: 1 | E63: =$E$71*G63 -> 0 | F63: =(D63-C63)/AVERAGE(C63:D63) -> 0 | G63: =F63/$F$71 -> 0
B64: %Losprocess | C64: 1 | D64: 1 | E64: =$E$71*G64 -> 0 | F64: =(D64-C64)/AVERAGE(C64:D64) -> 0 | G64: =F64/$F$71 -> 0
B65: Lossprocess_app | C65: =C62*C63*C64 -> 8904.9333 | D65: =D62*D63*D64 -> 10105.519 | E65: =$E$71*G65 -> 0
B66: %AR | C66: =K10 -> 0.16870765 | D66: =R10 -> 0.16870765 | E66: =$E$71*G66 -> 0 | F66: =(D66-C66)/AVERAGE(C66:D66) -> 0 | G66: =F66/$F$71 -> 0
B67: %Sign | C67: =L10 -> 0.73936406 | D67: =S10 -> 0.73936406 | E67: =$E$71*G67 -> 0 | F67: =(D67-C67)/AVERAGE(C67:D67) -> 0 | G67: =F67/$F$71 -> 0
B68: %Disb | C68: 1 | D68: 1 | E68: =$E$71*G68 -> 0 | F68: =(D68-C68)/AVERAGE(C68:D68) -> 0 | G68: =F68/$F$71 -> 0
B69: Disb_app | C69: =C62*C66*C67*C68 -> 1110.7691 | D69: =D62*D66*D67*D68 -> 1260.5258 | E69: =SUM(E62:E68) -> -0.11880497
B70: Ticket size (Mil VND) | C70: =M10 -> 13.354992 | D70: =T10 -> 13.354992 | E70: =$E$71*G70 -> 0 | F70: =(D70-C70)/AVERAGE(C70:D70) -> 0 | G70: =F70/$F$71 -> 0
B71: Daily disburse (Mil VND) | C71: =C69*C70 -> 14834.312 | D71: =D69*D70 -> 16834.312 | E71: =C71/D71-1 -> -0.11880497 | F71: =SUM(F62:F70) -> 0.12630798 | G71: =SUM(G62:G70) -> 1
D72: =D71-C71 -> 2000
B74: =C19 -> - Benchmark với Jan
B75: - Benchmark với Jan
B76: MWG PL - QTV | C76: Actual performance | D76: Target | E76: +/-
B77: Daily App in | C77: =8559/30 -> 285.3 | D77: 385 | E77: =$E$80*G77 -> -0.25026735 | F77: =(C77-D77)/AVERAGE(C77:D77) -> -0.29747874 | G77: =F77/$F$80 -> 0.62481437 | H77: =8559/30 -> 285.3 | I77: =11920/31 -> 384.51613
B78: %AR | C78: 0.5949 | D78: 0.7231 | E78: =$E$80*G78 -> -0.16366313 | F78: =(C78-D78)/AVERAGE(C78:D78) -> -0.19453718 | G78: =F78/$F$80 -> 0.40859936
B79: %Sign | C79: 0.811 | D79: 0.7982 | E79: =$E$80*G79 -> 0.013383762 | F79: =(C79-D79)/AVERAGE(C79:D79) -> 0.015908526 | G79: =F79/$F$80 -> -0.033413734
B80: Total month New Issue account | C80: =C77*C78*C79*30 -> 4129.4085 | D80: =D77*D78*D79*31 -> 6888.6244 | E80: =C80/D80-1 -> -0.40054672 | F80: =SUM(F77:F79) -> -0.47610739 | G80: =SUM(G77:G79) -> 1
B82: Accumulated Issued account | C82: =37211+C80 -> 41340.409 | D82: =37211+D80 -> 44099.624 | E82: =$E$86*G82 -> -0.056315857 | F82: =(C82-D82)/AVERAGE(C82:D82) -> -0.064588363 | G82: =F82/$F$86 -> 0.22874051
B83: %Active | C83: 0.1832 | D83: 0.2 | E83: =$E$86*G83 -> -0.076452237 | F83: =(C83-D83)/AVERAGE(C83:D83) -> -0.087682672 | G83: =F83/$F$86 -> 0.3105293
B84: Active acct | C84: =C82*C83 -> 7573.5628 | D84: =D82*D83 -> 8819.9249
B85: Avg Spending per acct (Mil VND) | C85: 4.5648265 | D85: 5.2 | E85: =$E$86*G85 -> -0.11343166 | F85: =(C85-D85)/AVERAGE(C85:D85) -> -0.13009418 | G85: =F85/$F$86 -> 0.46073019
B86: Total spending per month (Mil VND) | C86: =C84*C85 -> 34572 | D86: =D84*D85 -> 45863.609 | E86: =C86/D86-1 -> -0.24619976 | F86: =SUM(F82:F85) -> -0.28236522 | G86: =SUM(G82:G85) -> 1
B87: Avg Daily Spending (Mil VND) | C87: =C86/30 -> 1152.4 | D87: =D86/31 -> 1479.4713
D88: =D87-C87 -> 327.07127
B91: MAY | I91: JUN
B93: - Risk: request = approve (50%)
B95: VDS CL | C95: Daily Actual | D95: Daily Target May | E95: +/- Gap with target | I95: VDS CL - Jun | J95: Daily Actual - MTD | K95: Daily Target Jun | L95: +/-
B96: Daily App-in | C96: =Y6 -> 5787.6 | D96: =AF6 -> 4339.2667 | E96: =$E$105*G96 -> 0.27293869 | F96: =(D96-C96)/AVERAGE(C96:D96) -> -0.2860378 | G96: =F96/$F$105 -> -3.1922965 | I96: Daily App-in | J96: =AP7 -> 4339.2667 | K96: =AW7 -> 4339.2667 | L96: =$L$105*N96 -> 0 | M96: =(K96-J96)/AVERAGE(J96:K96) -> 0 | N96: =M96/$M$105 -> 0
B97: %Loscheck | C97: =Z6 -> 0.91315917 | D97: =AG6 -> 0.89147168 | E97: =$E$105*G97 -> 0.022934675 | F97: =(D97-C97)/AVERAGE(C97:D97) -> -0.024035376 | G97: =F97/$F$105 -> -0.26824444 | I97: %Loscheck | J97: =AQ7 -> 0.89147168 | K97: =AX7 -> 0.89147168 | L97: =$L$105*N97 -> 0 | M97: =(K97-J97)/AVERAGE(J97:K97) -> 0 | N97: =M97/$M$105 -> 0
B98: %Losprocess | C98: =AA6 -> 0.99878903 | D98: =AH6 -> 0.99914692 | E98: =$E$105*G98 -> -0.00034185693 | F98: =(D98-C98)/AVERAGE(C98:D98) -> 0.00035826363 | G98: =F98/$F$105 -> 0.0039983657 | I98: %Losprocess | J98: =AR7 -> 0.99914692 | K98: =AY7 -> 0.99914692 | L98: =$L$105*N98 -> 0 | M98: =(K98-J98)/AVERAGE(J98:K98) -> 0 | N98: =M98/$M$105 -> 0
B99: #Losprocess_app | C99: =C96*C97*C98 -> 5278.6 | D99: =D96*D97*D98 -> 3865.0333 | E99: =SUM(E96:E98) -> 0.29553151 | I99: #Losprocess_app | J99: =J96*J97*J98 -> 3865.0333 | K99: =K96*K97*K98 -> 3865.0333 | L99: =SUM(L96:L98) -> 0
B100: %AR | C100: =AB6 -> 0.24163604 | D100: =AI6 -> 0.31496925 | E100: =$E$105*G100 -> -0.25143461 | F100: =(D100-C100)/AVERAGE(C100:D100) -> 0.26350168 | G100: =F100/$F$105 -> 2.9407844 | I100: %AR | J100: =AS7 -> 0.31496925 | K100: =AZ7 -> 0.31496925 | L100: =$L$105*N100 -> 0 | M100: =(K100-J100)/AVERAGE(J100:K100) -> 0 | N100: =M100/$M$105 -> 0
B101: %Sign | C101: =AC6 -> 0.84312034 | D101: =AC6 -> 0.84312034 | E101: =$E$105*G101 -> 0 | F101: =(D101-C101)/AVERAGE(C101:D101) -> 0 | G101: =F101/$F$105 -> 0 | I101: %Sign | J101: =AT7 -> 0.84381589 | K101: =AT7 -> 0.84381589 | L101: =$L$105*N101 -> 0 | M101: =(K101-J101)/AVERAGE(J101:K101) -> 0 | N101: =M101/$M$105 -> 0
B102: %Disb | C102: 1 | D102: 1 | E102: =$E$105*G102 -> 0 | F102: =(D102-C102)/AVERAGE(C102:D102) -> 0 | G102: =F102/$F$105 -> 0 | I102: %Disb | J102: 1 | K102: 1 | L102: =$L$105*N102 -> 0 | M102: =(K102-J102)/AVERAGE(J102:K102) -> 0 | N102: =M102/$M$105 -> 0
B103: Disb_app | C103: =C99*C100*C101*C102 -> 1075.4 | D103: =D99*D100*D101*D102 -> 1026.3866 | E103: =SUM(E100:E102) -> -0.25143461 | I103: Disb_app | J103: =J99*J100*J101*J102 -> 1027.2333 | K103: =K99*K100*K101*K102 -> 1027.2333 | L103: =SUM(L100:L102) -> 0
B104: Ticket size | C104: =AD6 -> 15.662757 | D104: =AK6 -> 17.944988 | E104: =$E$105*G104 -> -0.12959606 | F104: =(D104-C104)/AVERAGE(C104:D104) -> 0.13581575 | G104: =F104/$F$105 -> 1.5157582 | I104: Ticket size | J104: =AU7 -> 17.944988 | K104: =BB7 -> 20.865454 | L104: =$L$105*N104 -> -0.13996657 | M104: =(K104-J104)/AVERAGE(J104:K104) -> 0.15049898 | N104: =M104/$M$105 -> 1
B105: Daily disburse | C105: =C103*C104 -> 16843.729 | D105: =D103*D104 -> 18418.495 | E105: =C105/D105-1 -> -0.085499165 | F105: =SUM(F96:F104) -> 0.089602516 | G105: =SUM(G96:G104) -> 1 | I105: Daily disburse | J105: =J103*J104 -> 18433.69 | K105: =K103*K104 -> 21433.69 | L105: =J105/K105-1 -> -0.13996657 | M105: =SUM(M96:M104) -> 0.15049898 | N105: =SUM(N96:N104) -> 1
C106: 3000 | D106: =D105-C105 -> 1574.766 | K106: =K105-J105 -> 3000
B107: =C8 -> - VDS PD tăng app từ 5k7 lên 6k (Jan benchmark) | D107: =D104/C104 -> 1.1457107 | E107: =C104*1.1 -> 17.229033 | F107: =D96*D97*D98*D100*D101*D102*E107 -> 17683.649 | G107: =F107-C105 -> 839.9195
B108: - VDS PD tăng app từ 5k7 lên 6k (Jan benchmark) | E108: =C104*1.3 -> 20.361585 | F108: =D96*D97*D98*D100*D101*D102*E108 -> 20898.858 | G108: =F108-C105 -> 4055.1284 | I108: =C11 -> - Risk: request = approve (50%-70%)
B109: VDS Payday | C109: Daily Actual | D109: Daily Target May | E109: +/- | I109: Cake CL - Risk Jun | J109: Daily Actual - MTD | K109: Daily Target Jun | L109: +/-
B110: Daily App-in | C110: =Y8 -> 6499.7 | D110: =AF8 -> 6102.7194 | E110: =$E$119*G110 -> 0.063874812 | F110: =(D110-C110)/AVERAGE(C110:D110) -> -0.063000701 | G110: =F110/$F$119 -> 2.3755176 | I110: Daily App-in | J110: =AP11 -> 8904.9333 | K110: =AW11 -> 8904.9333 | L110: =$L$119*N110 -> 0 | M110: =(K110-J110)/AVERAGE(J110:K110) -> 0 | N110: =M110/$M$119 -> 0
B111: %Loscheck | C111: =Z8 -> 0.75938889 | D111: =AG8 -> 0.7592846 | E111: =$E$119*G111 -> 0.00013925919 | F111: =(D111-C111)/AVERAGE(C111:D111) -> -0.00013735346 | G111: =F111/$F$119 -> 0.0051790784 | I111: %Loscheck | J111: =AQ11 -> 1 | K111: =AX11 -> 1 | L111: =$L$119*N111 -> 0 | M111: =(K111-J111)/AVERAGE(J111:K111) -> 0 | N111: =M111/$M$119 -> 0
B112: %Losprocess | C112: =AA8 -> 0.99870335 | D112: =AH8 -> 0.99887184 | E112: =$E$119*G112 -> -0.00017103003 | F112: =(D112-C112)/AVERAGE(C112:D112) -> 0.00016868952 | G112: =F112/$F$119 -> -0.0063606425 | I112: %Losprocess | J112: =AR11 -> 1 | K112: =AY11 -> 1 | L112: =$L$119*N112 -> 0 | M112: =(K112-J112)/AVERAGE(J112:K112) -> 0 | N112: =M112/$M$119 -> 0
B113: #Losprocess_app | C113: =C110*C111*C112 -> 4929.4 | D113: =D110*D111*D112 -> 4628.4732 | E113: =SUM(E110:E112) -> 0.063843041 | I113: #Losprocess_app | J113: =J110*J111*J112 -> 8904.9333 | K113: =K110*K111*K112 -> 8904.9333 | L113: =SUM(L110:L112) -> 0
B114: %AR | C114: =AB8 -> 0.58092263 | D114: =AI8 -> 0.60826688 | E114: =$E$119*G114 -> -0.046626117 | F114: =(D114-C114)/AVERAGE(C114:D114) -> 0.04598805 | G114: =F114/$F$119 -> -1.7340351 | I114: %AR | J114: =AS11 -> 0.16870765 | K114: =AZ11 -> 0.16870765 | L114: =$L$119*N114 -> 0 | M114: =(K114-J114)/AVERAGE(J114:K114) -> 0 | N114: =M114/$M$119 -> 0
B115: %Sign | C115: =AC8 -> 0.91171951 | D115: =AC8 -> 0.91171951 | E115: =$E$119*G115 -> 0 | F115: =(D115-C115)/AVERAGE(C115:D115) -> 0 | G115: =F115/$F$119 -> 0 | I115: %Sign | J115: =AT11 -> 0.73936406 | K115: =AT11 -> 0.73936406 | L115: =$L$119*N115 -> 0 | M115: =(K115-J115)/AVERAGE(J115:K115) -> 0 | N115: =M115/$M$119 -> 0
B116: %Disb | C116: 1 | D116: 1 | E116: =$E$119*G116 -> 0 | F116: =(D116-C116)/AVERAGE(C116:D116) -> 0 | G116: =F116/$F$119 -> 0 | I116: %Disb | J116: 1 | K116: 1 | L116: =$L$119*N116 -> 0 | M116: =(K116-J116)/AVERAGE(J116:K116) -> 0 | N116: =M116/$M$119 -> 0
B117: Disb_app | C117: =C113*C114*C115*C116 -> 2610.8 | D117: =D113*D114*D115*D116 -> 2566.8068 | E117: =SUM(E114:E116) -> -0.046626117 | I117: Disb_app | J117: =J113*J114*J115*J116 -> 1110.7691 | K117: =K113*K114*K115*K116 -> 1110.7691 | L117: =SUM(L114:L116) -> 0
B118: Ticket size | C118: =AD8 -> 4.5960354 | D118: 4.5523996 | E118: =$E$119*G118 -> 0.009671873 | F118: =(D118-C118)/AVERAGE(C118:D118) -> -0.0095395158 | G118: =F118/$F$119 -> 0.35969898 | I118: Ticket size | J118: =AU11 -> 16.055823 | K118: =BB11 -> 18.756655 | L118: =$L$119*N118 -> -0.14399324 | M118: =(K118-J118)/AVERAGE(J118:K118) -> 0.15516456 | N118: =M118/$M$119 -> 1
...

Sheet waterfall 3k
B1: WATERFALL DATA — Road to 3k Q2 2026
B3: Product Summary
B4: Product | C4: Daily_May_MTD | F4: Incr_May | G4: Daily_May | H4: Incr_Jun | I4: Daily_Jun
A5: VDS | B5: ='[2]Road to 3k'!C6 -> [VDS] - Cashloan | C5: =SUMIFS('Road to 3k v2 (2)'!$H$6:$H$30,'Road to 3k v2 (2)'!$C$6:$C$30,'waterfall 3k'!$B5) -> 1.6402516e+10 | F5: =SUMIFS('Road to 3k v2 (2)'!$I$6:$I$30,'Road to 3k v2 (2)'!$C$6:$C$30,'waterfall 3k'!$B5) -> 2000000000 | G5: =C5+F5 -> 1.8402516e+10 | I5: =G5+H5 -> 1.8402516e+10 | J5: 35 | K5: 32 | L5: 35
A6: VDS | B6: ='[2]Road to 3k'!C9 -> [VDS] - Payday | C6: =SUMIFS('Road to 3k v2 (2)'!$H$6:$H$30,'Road to 3k v2 (2)'!$C$6:$C$30,'waterfall 3k'!$B6) -> 11100873600 | F6: =SUMIFS('Road to 3k v2 (2)'!$I$6:$I$30,'Road to 3k v2 (2)'!$C$6:$C$30,'waterfall 3k'!$B6) -> 5.8425651e+08 | G6: =C6+F6 -> 1.168513e+10 | I6: =G6+H6 -> 1.168513e+10 | J6: 43 | K6: 35 | L6: 40
A7: Cake | B7: ='[2]Road to 3k'!C11 -> [Cake] - Cashloan | C7: =SUMIFS('Road to 3k v2 (2)'!$H$6:$H$30,'Road to 3k v2 (2)'!$C$6:$C$30,'waterfall 3k'!$B7) -> 1.4795032e+10 | F7: =SUMIFS('Road to 3k v2 (2)'!$I$6:$I$30,'Road to 3k v2 (2)'!$C$6:$C$30,'waterfall 3k'!$B7) -> 7438509700 | G7: =C7+F7 -> 2.2233542e+10 | I7: =G7+H7 -> 2.2233542e+10 | J7: 10 | K7: 6 | L7: 10
A8: Cake | B8: ='[2]Road to 3k'!C14 -> [Cake] - Payday | C8: =SUMIFS('Road to 3k v2 (2)'!$H$6:$H$30,'Road to 3k v2 (2)'!$C$6:$C$30,'waterfall 3k'!$B8) -> 14191747200 | F8: =SUMIFS('Road to 3k v2 (2)'!$I$6:$I$30,'Road to 3k v2 (2)'!$C$6:$C$30,'waterfall 3k'!$B8) -> 4128762080 | G8: =C8+F8 -> 18320509280 | H8: =SUMIFS('Road to 3k v2'!$K$6:$K$30,'Road to 3k v2'!$C$6:$C$30,'waterfall 3k'!B8) -> 0 | I8: =G8+H8 -> 18320509280 | J8: 10 | K8: 7 | L8: 10
A9: ZLP | B9: ='[2]Road to 3k'!C16 -> [ZALOPAY] - Cashloan | C9: =SUMIFS('Road to 3k v2 (2)'!$H$6:$H$30,'Road to 3k v2 (2)'!$C$6:$C$30,'waterfall 3k'!$B9) -> 5866076000 | F9: =SUMIFS('Road to 3k v2 (2)'!$I$6:$I$30,'Road to 3k v2 (2)'!$C$6:$C$30,'waterfall 3k'!$B9) -> 1.8610069e+09 | G9: =C9+F9 -> 7.7270829e+09 | H9: ='Road to 3k v2 (2)'!K20+'Road to 3k v2 (2)'!K21 -> 2000000000 | I9: =G9+H9 -> 9.7270829e+09 | J9: 2.3 | K9: 2.3 | L9: 2.3
A10: MWG | B10: ='[2]Road to 3k'!C19 -> [MWG] - Cashloan | C10: =SUMIFS('Road to 3k v2 (2)'!$H$6:$H$30,'Road to 3k v2 (2)'!$C$6:$C$30,'waterfall 3k'!$B10) -> 2.6233607e+09 | F10: =SUMIFS('Road to 3k v2 (2)'!$I$6:$I$30,'Road to 3k v2 (2)'!$C$6:$C$30,'waterfall 3k'!$B10) -> 2.2623361e+09 | G10: =C10+F10 -> 4.8856967e+09 | H10: =SUMIFS('Road to 3k v2'!$K$6:$K$30,'Road to 3k v2'!$C$6:$C$30,'waterfall 3k'!B10) -> 0 | I10: =G10+H10 -> 4.8856967e+09 | J10: 1 | K10: 0.7 | L10: 1
A11: MWG | B11: ='[2]Road to 3k'!C21 -> [MWG] - Paylater (QTV) | C11: =SUMIFS('Road to 3k v2 (2)'!$H$6:$H$30,'Road to 3k v2 (2)'!$C$6:$C$30,'waterfall 3k'!$B11) -> 1.1524289e+09 | F11: =SUMIFS('Road to 3k v2 (2)'!$I$6:$I$30,'Road to 3k v2 (2)'!$C$6:$C$30,'waterfall 3k'!$B11) -> 2300000000 | G11: =C11+F11 -> 3.4524289e+09 | H11: ='Road to 3k v2 (2)'!K27 -> 2000000000 | I11: =G11+H11 -> 5.4524289e+09 | J11: 4 | K11: 4 | L11: 4
A12: VNPAY | B12: ='[2]Road to 3k'!C23 -> [VNPAY] | C12: =SUMIFS('Road to 3k v2 (2)'!$H$6:$H$30,'Road to 3k v2 (2)'!$C$6:$C$30,'waterfall 3k'!$B12) -> 1.5158571e+09 | F12: =SUMIFS('Road to 3k v2 (2)'!$I$6:$I$30,'Road to 3k v2 (2)'!$C$6:$C$30,'waterfall 3k'!$B12) -> 700000000 | G12: =C12+F12 -> 2.2158571e+09 | H12: =SUMIFS('Road to 3k v2'!$K$6:$K$30,'Road to 3k v2'!$C$6:$C$30,'waterfall 3k'!B12) -> 0 | I12: =G12+H12 -> 2.2158571e+09
A13: NEW CHANNEL | B13: [FIZA] - Payday | C13: =SUMIFS('Road to 3k v2 (2)'!$H$6:$H$30,'Road to 3k v2 (2)'!$C$6:$C$30,'waterfall 3k'!$B13) -> 0 | F13: =SUMIFS('Road to 3k v2 (2)'!$I$6:$I$30,'Road to 3k v2 (2)'!$C$6:$C$30,'waterfall 3k'!$B13) -> 700000000 | G13: =C13+F13 -> 700000000 | H13: ='Road to 3k v2 (2)'!K29 -> 300000000 | I13: =G13+H13 -> 1000000000
A14: Others | B14: ='[2]Road to 3k'!C25 -> Others | C14: =SUMIFS('Road to 3k v2 (2)'!$H$6:$H$30,'Road to 3k v2 (2)'!$C$6:$C$30,'waterfall 3k'!$B14) -> 3.8154967e+09 | F14: =SUMIFS('Road to 3k v2 (2)'!$I$6:$I$30,'Road to 3k v2 (2)'!$C$6:$C$30,'waterfall 3k'!$B14) -> 0 | G14: =C14+F14 -> 3.8154967e+09 | H14: =SUMIFS('Road to 3k v2'!$K$6:$K$30,'Road to 3k v2'!$C$6:$C$30,'waterfall 3k'!B14) -> 0 | I14: =G14+H14 -> 3.8154967e+09
B15: Total | C15: =SUM(C5:C14) -> 7.1463389e+10 | F15: =SUM(F5:F14) -> 2.1974871e+10 | G15: =C15+F15 -> 9.343826e+10 | H15: =SUM(H5:H14) -> 4300000000 | I15: =G15+H15 -> 9.773826e+10
F16: 1.7107129e+10 | G16: =G15-'Road to 3k v2'!J31 -> 4.7119754e+10
B17: Waterfall Chart Data | F17: =F16-F15 -> -4.8677425e+09 | I17: =I18/30 -> 71.463389 | J17: =I18/11 -> 194.90015
B18: Category | C18: Value | D18: Is Total | E18: Value (bil) | G18: Category | H18: Value (bil) | I18: =I19-I27 -> 2143.9017 | K18: Channel | L18: Value (bil)
B19: Daily_Apr | C19: =C15 -> 7.1463389e+10 | D19: Total | E19: =C19/1000000000 -> 71.463389 | G19: =B19 -> Daily_Apr | H19: =E19 -> 71.463389 | I19: =H19*30 -> 2143.9017 | K19: =G19 -> Daily_Apr | L19: =H19 -> 71.463389
B20: =B5 -> [VDS] - Cashloan | C20: =D5 -> 0 | E20: =C20/1000000000 -> 0 | G20: VDS CL | I20: 1421.315 | K20: VDS | L20: =SUMIFS($D$5:$D$14,$A$5:$A$14,K20)/1000000000 -> 0
B21: =B7 -> [Cake] - Cashloan | C21: =D7 -> 0 | E21: =C21/1000000000 -> 0 | G21: Cake CL | H21: =E21 -> 0 | I21: =I20-I27 -> 1421.315 | K21: CAKE | L21: =SUMIFS($D$5:$D$14,$A$5:$A$14,K21)/1000000000 -> 0
B22: =B8 -> [Cake] - Payday | C22: =D8 -> 0 | E22: =C22/1000000000 -> 0 | G22: Cake PD | I22: =I21/11 -> 129.21045 | K22: ZLP | L22: =SUMIFS($D$5:$D$14,$A$5:$A$14,K22)/1000000000 -> 0
B23: =B9 -> [ZALOPAY] - Cashloan | C23: =D9 -> 0 | E23: =C23/1000000000 -> 0 | G23: ZLP CL | K23: MWG | L23: =SUMIFS($D$5:$D$14,$A$5:$A$14,K23)/1000000000 -> 0
B24: =B10 -> [MWG] - Cashloan | C24: =D10 -> 0 | E24: =C24/1000000000 -> 0 | G24: MWG CL | K24: VNPAY | L24: =SUMIFS($D$5:$D$14,$A$5:$A$14,K24)/1000000000 -> 0
B25: =B11 -> [MWG] - Paylater (QTV) | C25: =D11 -> 0 | E25: =C25/1000000000 -> 0 | G25: MWG PL QTV | H25: =E25 -> 0 | K25: NEW CHANNEL | L25: =SUMIFS($D$5:$D$14,$A$5:$A$14,K25)/1000000000 -> 0
B26: =B12 -> [VNPAY] | C26: =D12 -> 0 | E26: =C26/1000000000 -> 0 | G26: VNPAY | K26: OTHERS | L26: =SUMIFS($D$5:$D$14,$A$5:$A$14,K26)/1000000000 -> 0
B27: Daily_Apr_Target | C27: =E15 -> 0 | D27: Total | E27: =C27/1000000000 -> 0 | G27: =B27 -> Daily_Apr_Target | I27: =H27*30 -> 0 | K27: =G27 -> Daily_Apr_Target | L27: =SUM(L19:L26) -> 71.463389 | M27: =L27*30 -> 2143.9017
B28: =B5 -> [VDS] - Cashloan | C28: =F5 -> 2000000000 | E28: =C28/1000000000 -> 2 | G28: VDS CL | K28: VDS | L28: =SUMIFS($F$5:$F$14,$A$5:$A$14,K28)/1000000000 -> 2.5842565
B29: =B6 -> [VDS] - Payday | C29: =F6 -> 5.8425651e+08 | E29: =C29/1000000000 -> 0.58425651 | G29: VDS PD | K29: CAKE | L29: =SUMIFS($F$5:$F$14,$A$5:$A$14,K29)/1000000000 -> 11.567272
B30: =B10 -> [MWG] - Cashloan | C30: =F10 -> 2.2623361e+09 | E30: =C30/1000000000 -> 2.2623361 | G30: MWG CL | K30: ZLP | L30: =SUMIFS($F$5:$F$14,$A$5:$A$14,K30)/1000000000 -> 1.8610069
B31: =B11 -> [MWG] - Paylater (QTV) | C31: =F11 -> 2300000000 | E31: =C31/1000000000 -> 2.3 | G31: MWG PL QTV | K31: MWG | L31: =SUMIFS($F$5:$F$14,$A$5:$A$14,K31)/1000000000 -> 4.5623361
B32: Daily_May | C32: =G15 -> 9.343826e+10 | D32: Total | E32: =C32/1000000000 -> 93.43826 | G32: =B32 -> Daily_May | H32: =E32 -> 93.43826 | I32: =H32*31 -> 2896.5861 | K32: VNPAY | L32: =SUMIFS($F$5:$F$14,$A$5:$A$14,K32)/1000000000 -> 0.7
B33: =B5 -> [VDS] - Cashloan | C33: =H5 -> 0 | E33: =C33/1000000000 -> 0 | G33: VDS CL | H33: =E33 -> 0 | K33: NEW CHANNEL | L33: =SUMIFS($F$5:$F$14,$A$5:$A$14,K33)/1000000000 -> 0.7
B34: =B7 -> [Cake] - Cashloan | C34: =H7 -> 0 | E34: =C34/1000000000 -> 0 | G34: Cake CL | H34: =E34 -> 0 | K34: OTHERS | L34: =SUMIFS($F$5:$F$14,$A$5:$A$14,K34)/1000000000 -> 0
B35: =B9 -> [ZALOPAY] - Cashloan | C35: =H9 -> 2000000000 | E35: =C35/1000000000 -> 2 | G35: ZLP CL | H35: =E35 -> 2 | K35: =G32 -> Daily_May | L35: =SUM(L27:L34) -> 93.43826 | M35: =L35*31 -> 2896.5861
B36: =B11 -> [MWG] - Paylater (QTV) | C36: =H11 -> 2000000000 | E36: =C36/1000000000 -> 2 | G36: MWG PL QTV | H36: =E36 -> 2 | K36: VDS | L36: =SUMIFS($H$5:$H$14,$A$5:$A$14,K36)/1000000000 -> 0
B37: =B13 -> [FIZA] - Payday | C37: =H13 -> 300000000 | E37: =C37/1000000000 -> 0.3 | G37: =B37 -> [FIZA] - Payday | H37: =E37 -> 0.3 | K37: CAKE | L37: =SUMIFS($H$5:$H$14,$A$5:$A$14,K37)/1000000000 -> 0
B38: Daily_Jun | C38: =I15 -> 9.773826e+10 | D38: Total | E38: =C38/1000000000 -> 97.73826 | G38: =B38 -> Daily_Jun | H38: =E38 -> 97.73826 | I38: =H38*30 -> 2932.1478 | K38: ZLP | L38: =SUMIFS($H$5:$H$14,$A$5:$A$14,K38)/1000000000 -> 2
K39: MWG | L39: =SUMIFS($H$5:$H$14,$A$5:$A$14,K39)/1000000000 -> 2
K40: VNPAY | L40: =SUMIFS($H$5:$H$14,$A$5:$A$14,K40)/1000000000 -> 0
K41: NEW CHANNEL | L41: =SUMIFS($H$5:$H$14,$A$5:$A$14,K41)/1000000000 -> 0.3
K42: OTHERS | L42: =SUMIFS($H$5:$H$14,$A$5:$A$14,K42)/1000000000 -> 0
K43: =G38 -> Daily_Jun | L43: =SUM(L35:L42) -> 97.73826 | M43: =L43*30 -> 2932.1478
G44: 35 | H44: 38
G45: 37 | H45: 40
G46: 8 | H46: 9
G47: 8 | H47: 10
G48: 2.3 | H48: 2.3
G49: 0.7 | H49: 1
G50: 3.1 | H50: 3
K51: Channel | L51: Value (bil)
K52: Daily_May_MTD | L52: =L19 -> 71.463389 | M52: =L52*30 -> 2143.9017
K53: VDS | L53: =SUM(L20,L28) -> 2.5842565
K54: CAKE | L54: =SUM(L21,L29) -> 11.567272
K55: ZLP | L55: =SUM(L22,L30) -> 1.8610069
K56: MWG | L56: =SUM(L23,L31) -> 4.5623361
K57: VNPAY | L57: =SUM(L24,L32) -> 0.7
K58: NEW CHANNEL | L58: =SUM(L25,L33) -> 0.7
K59: OTHERS | L59: =SUM(L26,L34) -> 0
K60: Daily_May | L60: =SUM(L52:L59) -> 93.43826 | M60: =L60*31 -> 2896.5861
K61: VDS | L61: =L36 -> 0
K62: CAKE | L62: =L37 -> 0
K63: ZLP | L63: =L38 -> 2
K64: MWG | L64: =L39 -> 2
K65: VNPAY | L65: =L40 -> 0
K66: NEW CHANNEL | L66: =L41 -> 0.3
K67: OTHERS | L67: =L42 -> 0
K68: Daily_Jun | L68: =SUM(L60:L67) -> 97.73826 | M68: =L68*30 -> 2932.1478

Sheet Tracking daily Target
G2: 10
G3: 5
E4: Mapping | F4: Channel | G4: MTD-Daily Disbursement | H4: Target May | I4: % | J4: Gap with Target
E5: [VDS] - Cashloan | F5: [VDS] - Cashloan | G5: =IFERROR(GETPIVOTDATA("Total",source!$K$4,"Year",2026,"Month",'Tracking daily Target'!G$3,"Product_use",'Tracking daily Target'!$E5)/$G$2,0) -> 16811778000 | H5: =VLOOKUP(F5,'waterfall 3k'!$B$4:$G$15,6,0) -> 1.8402516e+10 | I5: =G5/H5 -> 0.91355865 | J5: =G5-H5 -> -1.5907383e+09
E6: [VDS] - Payday | F6: [VDS] - Payday | G6: =IFERROR(GETPIVOTDATA("Total",source!$K$4,"Year",2026,"Month",'Tracking daily Target'!G$3,"Product_use",'Tracking daily Target'!$E6)/$G$2,0) -> 11999329200 | H6: =VLOOKUP(F6,'waterfall 3k'!$B$4:$G$15,6,0) -> 1.168513e+10 | I6: =G6/H6 -> 1.0268888 | J6: =G6-H6 -> 3.1419909e+08
E7: [Cake] - Cashloan | F7: [Cake] - Cashloan | G7: =IFERROR(GETPIVOTDATA("Total",source!$K$4,"Year",2026,"Month",'Tracking daily Target'!G$3,"Product_use",'Tracking daily Target'!$E7)/$G$2,0) -> 14780525000 | H7: =VLOOKUP(F7,'waterfall 3k'!$B$4:$G$15,6,0) -> 2.2233542e+10 | I7: =G7/H7 -> 0.66478499 | J7: =G7-H7 -> -7.453017e+09
E8: [Cake] - Payday | F8: [Cake] - Payday | G8: =IFERROR(GETPIVOTDATA("Total",source!$K$4,"Year",2026,"Month",'Tracking daily Target'!G$3,"Product_use",'Tracking daily Target'!$E8)/$G$2,0) -> 15762124800 | H8: =VLOOKUP(F8,'waterfall 3k'!$B$4:$G$15,6,0) -> 18320509280 | I8: =G8/H8 -> 0.86035407 | J8: =G8-H8 -> -2558384480
E9: [ZLP] - Cashloan | F9: [ZALOPAY] - Cashloan | G9: =IFERROR(GETPIVOTDATA("Total",source!$K$4,"Year",2026,"Month",'Tracking daily Target'!G$3,"Product_use",'Tracking daily Target'!$E9)/$G$2,0) -> 6027048000 | H9: =VLOOKUP(F9,'waterfall 3k'!$B$4:$G$15,6,0) -> 7.7270829e+09 | I9: =G9/H9 -> 0.77999008 | J9: =G9-H9 -> -1.7000349e+09
E10: [MWG] - Cashloan | F10: [MWG] - Cashloan | G10: =IFERROR(GETPIVOTDATA("Total",source!$K$4,"Year",2026,"Month",'Tracking daily Target'!G$3,"Product_use",'Tracking daily Target'!$E10)/$G$2,0) -> 3793806000 | H10: =VLOOKUP(F10,'waterfall 3k'!$B$4:$G$15,6,0) -> 4.8856967e+09 | I10: =G10/H10 -> 0.77651279 | J10: =G10-H10 -> -1.0918907e+09
E11: [MWG] - Paylater | F11: [MWG] - Paylater (QTV) | G11: =IFERROR(GETPIVOTDATA("Total",source!$K$4,"Year",2026,"Month",'Tracking daily Target'!G$3,"Product_use",'Tracking daily Target'!$E11)/$G$2,0) -> 1.3363773e+09 | H11: =VLOOKUP(F11,'waterfall 3k'!$B$4:$G$15,6,0) -> 3.4524289e+09 | I11: =G11/H11 -> 0.38708323 | J11: =G11-H11 -> -2.1160515e+09
A12: [VNPAY] - Cashloan | B12: [VNPAY] - Payday | C12: [VNPAY] - Paylater | E12: [VNPAY] | F12: [VNPAY] | G12: =(IFERROR(GETPIVOTDATA("Total",source!$K$4,"Year",2026,"Month",'Tracking daily Target'!G$3,"Product_use","[VNPAY] - Payday"),0)+IFERROR(GETPIVOTDATA("Total",source!$K$4,"Year",2026,"Month",'Tracking daily Target'!G$3,"Product_use","[VNPAY] - Paylater"),0)+IFERROR(GETPIVOTDATA("Total",source!$K$4,"Year",2026,"Month",'Tracking daily Target'!G$3,"Product_use","[VNPAY] - Cashloan"),0))/$G$2 -> 1.8051788e+09 | H12: =VLOOKUP(F12,'waterfall 3k'!$B$4:$G$15,6,0) -> 2.2158571e+09 | I12: =G12/H12 -> 0.81466391 | J12: =G12-H12 -> -4.1067831e+08
E13: [FIZA] - Payday | F13: [FIZA] - Payday | G13: =IFERROR(GETPIVOTDATA("Total",source!$K$4,"Year",2026,"Month",'Tracking daily Target'!G$3,"Product_use",'Tracking daily Target'!$E13)/$G$2,0) -> 0 | H13: =VLOOKUP(F13,'waterfall 3k'!$B$4:$G$15,6,0) -> 700000000 | J13: =G13-H13 -> -700000000
E14: Others | F14: Others | G14: =G15-SUM(G5:G13) -> 3.9214341e+09 | H14: =VLOOKUP(F14,'waterfall 3k'!$B$4:$G$15,6,0) -> 3.8154967e+09 | I14: =G14/H14 -> 1.027765 | J14: =G14-H14 -> 1.0593739e+08
F15: Total | G15: =GETPIVOTDATA("Total",source!$K$4,"Year",2026,"Month",'Tracking daily Target'!G$3)/10 -> 7.6237601e+10 | H15: =SUM(H5:H14) -> 9.343826e+10 | I15: =G15/H15 -> 0.81591418 | J15: =SUM(J5:J14) -> -1.7200659e+10
E18: TRACKING DASHBOARD — Week 15 vs Target 82 Bil/day
E20: Channel | F20: Daily Disbursement (bil) | G20: Target May (bil) | H20: Gap (bil) | I20: % Achieved | J20: Status
E21: =F5 -> [VDS] - Cashloan | F21: =G5/1000000000 -> 16.811778 | G21: =H5/1000000000 -> 18.402516 | H21: =F21-G21 -> -1.5907383 | I21: =I5 -> 0.91355865 | J21: =IF(G5>=H5,"✅ On Track",IF(I5>=0.8,"⚠️ Below Target","❌ Below")) -> ⚠️ Below Target
E22: =F6 -> [VDS] - Payday | F22: =G6/1000000000 -> 11.999329 | G22: =H6/1000000000 -> 11.68513 | H22: =F22-G22 -> 0.31419909 | I22: =I6 -> 1.0268888 | J22: =IF(G6>=H6,"✅ On Track",IF(I6>=0.8,"⚠️ Below Target","❌ Below")) -> ✅ On Track
E23: =F7 -> [Cake] - Cashloan | F23: =G7/1000000000 -> 14.780525 | G23: =H7/1000000000 -> 22.233542 | H23: =F23-G23 -> -7.453017 | I23: =I7 -> 0.66478499 | J23: =IF(G7>=H7,"✅ On Track",IF(I7>=0.8,"⚠️ Below Target","❌ Below")) -> ❌ Below
E24: =F8 -> [Cake] - Payday | F24: =G8/1000000000 -> 15.762125 | G24: =H8/1000000000 -> 18.320509 | H24: =F24-G24 -> -2.5583845 | I24: =I8 -> 0.86035407 | J24: =IF(G8>=H8,"✅ On Track",IF(I8>=0.8,"⚠️ Below Target","❌ Below")) -> ⚠️ Below Target
E25: =F9 -> [ZALOPAY] - Cashloan | F25: =G9/1000000000 -> 6.027048 | G25: =H9/1000000000 -> 7.7270829 | H25: =F25-G25 -> -1.7000349 | I25: =I9 -> 0.77999008 | J25: =IF(G9>=H9,"✅ On Track",IF(I9>=0.8,"⚠️ Below Target","❌ Below")) -> ❌ Below
E26: =F10 -> [MWG] - Cashloan | F26: =G10/1000000000 -> 3.793806 | G26: =H10/1000000000 -> 4.8856967 | H26: =F26-G26 -> -1.0918907 | I26: =I10 -> 0.77651279 | J26: =IF(G10>=H10,"✅ On Track",IF(I10>=0.8,"⚠️ Below Target","❌ Below")) -> ❌ Below
E27: =F11 -> [MWG] - Paylater (QTV) | F27: =G11/1000000000 -> 1.3363773 | G27: =H11/1000000000 -> 3.4524289 | H27: =F27-G27 -> -2.1160515 | I27: =I11 -> 0.38708323 | J27: =IF(G11>=H11,"✅ On Track",IF(I11>=0.8,"⚠️ Below Target","❌ Below")) -> ❌ Below
E28: =F12 -> [VNPAY] | F28: =G12/1000000000 -> 1.8051788 | G28: =H12/1000000000 -> 2.2158571 | H28: =F28-G28 -> -0.41067831 | I28: =I12 -> 0.81466391 | J28: =IF(G12>=H12,"✅ On Track",IF(I12>=0.8,"⚠️ Below Target","❌ Below")) -> ⚠️ Below Target
E29: =F13 -> [FIZA] - Payday | G29: =H13/1000000000 -> 0.7 | H29: =F29-G29 -> -0.7
E30: =F14 -> Others | F30: =G14/1000000000 -> 3.9214341 | G30: =H14/1000000000 -> 3.8154967 | H30: =F30-G30 -> 0.10593739 | I30: =I14 -> 1.027765 | J30: =IF(G14>=H14,"✅ On Track",IF(I14>=0.8,"⚠️ Below Target","❌ Below")) -> ✅ On Track
E31: TOTAL | F31: =SUM(F21:F30) -> 76.237601 | G31: =SUM(G21:G30) -> 93.43826 | H31: =J15/1000000000 -> -17.200659 | I31: =I15 -> 0.81591418 | J31: =IF(G15>=H15,"✅ On Track",IF(I15>=0.8,"⚠️ Below Target","❌ Below")) -> ⚠️ Below Target
E33: KEY METRICS SUMMARY
E35: Summary | F35: Daily disbursement amount
E36: Total Actual (bil/day) | F36: =F31 -> 76.237601
E37: Total Target (bil/day) | F37: =G31 -> 93.43826
E38: Total Gap with Target (bil/day) | F38: =H31 -> -17.200659
E39: Overall Achievement | F39: =I31 -> 0.81591418
E41: Products Below 80% Target | F41: =COUNTIFS(I21:I30,"<0.8",I21:I30,"<>-") -> 4 | G41: / 9 products
E42: Products Near Target (80-99%) | F42: =COUNTIFS(I21:I30,">=0.8",I21:I30,"<1") -> 3 | G42: / 9 products
E43: Products On Track (≥100%) | F43: =COUNTIF(I21:I30,">=1") -> 2 | G43: / 9 products
E46: Top Largest Gaps | F46: Gap with Target (bil/day)
E47: =INDEX(E21:E30,MATCH(SMALL(H21:H30,1),H21:H30,0)) -> [Cake] - Cashloan | F47: =SMALL(H21:H30,1) -> -7.453017
E48: =INDEX(E21:E30,MATCH(SMALL(H21:H30,2),H21:H30,0)) -> [Cake] - Payday | F48: =SMALL(H21:H30,2) -> -2.5583845
E49: =INDEX(E21:E30,MATCH(SMALL(H21:H30,3),H21:H30,0)) -> [MWG] - Paylater (QTV) | F49: =SMALL(H21:H30,3) -> -2.1160515
E50: =INDEX(E21:E30,MATCH(SMALL(H21:H30,4),H21:H30,0)) -> [ZALOPAY] - Cashloan | F50: =SMALL(H21:H30,4) -> -1.7000349

Sheet Pivot
C1: 46152
A2: lending_product_transform | B2: Sum of Total | C2: MTD
A3: [BE] - Cashloan | B3: 16993230000 | C3: =VLOOKUP(A3,source!$K$510:$P$538,6,0) -> 8606560000 | D3: =C3/10 -> 860656000
A4: [BE] - Paylater | B4: 9358548670 | C4: =VLOOKUP(A4,source!$K$510:$P$538,6,0) -> 3862036644 | D4: =C4/10 -> 3.8620366e+08
A5: [Cake] - Cashloan | B5: 443850970000 | C5: 147805250000 | D5: =C5/10 -> 14780525000
A6: [Cake] - Overdraft | B6: 49898840707 | C6: =VLOOKUP(A6,source!$K$510:$P$538,6,0) -> 21098365039 | D6: =C6/10 -> 2.1098365e+09
A7: [Cake] - Payday | B7: 425752416000 | C7: =VLOOKUP(A7,source!$K$510:$P$538,6,0) -> 157621248000 | D7: =C7/10 -> 15762124800
A8: [MISA] - Cashloan | B8: 950000000 | C8: =VLOOKUP(A8,source!$K$510:$P$538,6,0) -> 80000000 | D8: =C8/10 -> 8000000
A9: [MWG] - Cashloan | B9: 78700820000 | C9: =VLOOKUP(A9,source!$K$510:$P$538,6,0) -> 28188440000 | D9: =C9/10 -> 2818844000
A10: [MWG] - Cashloan (QTV) | B10: 25219010000 | C10: =VLOOKUP(A10,source!$K$510:$P$538,6,0) -> 9749620000 | D10: =C10/10 -> 974962000
A11: [MWG] - Paylater (QTV) | B11: 34572866125 | C11: =VLOOKUP(A11,source!$K$510:$P$538,6,0) -> 13217452045 | D11: =C11/10 -> 1.3217452e+09
A12: [NORTHSTAR] - Cashloan | B12: 1425700000 | C12: =VLOOKUP(A12,source!$K$510:$P$538,6,0) -> 602300000 | D12: =C12/10 -> 60230000
A13: [VDS] - Cashloan | B13: 492075490000 | C13: =VLOOKUP(A13,source!$K$510:$P$538,6,0) -> 168117780000 | D13: =C13/10 -> 16811778000
A14: [VDS] - Payday | B14: 333026208000 | C14: =VLOOKUP(A14,source!$K$510:$P$538,6,0) -> 119993292000 | D14: =C14/10 -> 11999329200
A15: [VDS] - Paylater | B15: 7030263262 | C15: =VLOOKUP(A15,source!$K$510:$P$538,6,0) -> 3926999449 | D15: =C15/10 -> 3.9269994e+08
A16: [VDS] - Payroll Cashloan | B16: 1117000000 | C16: =VLOOKUP(A16,source!$K$510:$P$538,6,0) -> 445650000 | D16: =C16/10 -> 44565000
A17: [VDS] - Payroll Payday | B17: 1602000000 | C17: =VLOOKUP(A17,source!$K$510:$P$538,6,0) -> 406000000 | D17: =C17/10 -> 40600000
... A30: [ZALOPAY] - Payday | B30: 73008000 | C30: =VLOOKUP(A30,source!$K$510:$P$538,6,0) -> 0 | D30: =C30/10 -> 0
A31: Grand Total | B31: 2143901666325 | C31: =SUM(C3:C30) -> 762376012773 | D31: =SUM(D3:D30) -> 7.6237601e+10

Sheet RawMTD
B2: report_date | C2: lending_product_transform | D2: Total
B3: 46113 | C3: [BE] - Cashloan | D3: 629980000
B4: 46113 | C4: [BE] - Paylater | D4: 308993836
B5: 46113 | C5: [Cake] - Cashloan | D5: 22731350000
B6: 46113 | C6: [Cake] - Overdraft | D6: 2812778254
B7: 46113 | C7: [Cake] - Payday | D7: 14857452000
B8: 46113 | C8: [FPT] - Paylater | D8: 6410587
B9: 46113 | C9: [MISA] - Cashloan | D9: 0
B10: 46113 | C10: [MWG] - Cashloan | D10: 2649000000
B11: 46113 | C11: [MWG] - Cashloan (QTV) | D11: 719020000
B12: 46113 | C12: [MWG] - Paylater | D12: 9890000
B13: 46113 | C13: [MWG] - Paylater (QTV) | D13: 1143977797
B14: 46113 | C14: [NGS] - Cashloan | D14: 0
... B842: 46142 | C842: [ZALOPAY] - Payday | D842: 0

Sheet source
A1: cop thêm tháng mới vào bên dưới
A2: report_date | B2: Year | C2: Month | D2: Weeknum | E2: Day | F2: lending_product_transform | G2: Product_use | H2: Product Group | I2: Total | K2: MONTHLY | U2: Last updated: | V2: =MAX($A:$A) -> 46152
A3: 45292 | B3: =YEAR(source[[#This Row],[report_date]]) -> 2024 | C3: 1 | D3: =WEEKNUM(A3,2) -> 1 | E3: =DAY(A3) -> 1 | F3: [VDS] - Payday | G3: =VLOOKUP(source[[#This Row],[lending_product_transform]],[3]Mapping!$B$4:$C$37,2,0) -> [VDS] - Payday | H3: =VLOOKUP(source[[#This Row],[lending_product_transform]],[3]Mapping!$B$3:$D$37,3,0) -> payday | I3: 885500000
A4: 45292 | B4: =YEAR(source[[#This Row],[report_date]]) -> 2024 | C4: 1 | D4: =WEEKNUM(A4,2) -> 1 | E4: =DAY(A4) -> 1 | F4: [VDS] - Payroll Cashloan | G4: =VLOOKUP(source[[#This Row],[lending_product_transform]],[3]Mapping!$B$4:$C$37,2,0) -> [VDS] - Payroll Cashloan | H4: =VLOOKUP(source[[#This Row],[lending_product_transform]],[3]Mapping!$B$3:$D$37,3,0) -> cashloan | I4: 63000000 | K4: Sum of Total | L4: Column Labels
A5: 45292 | B5: =YEAR(source[[#This Row],[report_date]]) -> 2024 | C5: 1 | D5: =WEEKNUM(A5,2) -> 1 | E5: =DAY(A5) -> 1 | F5: [VDS] - Cashloan | G5: =VLOOKUP(source[[#This Row],[lending_product_transform]],[3]Mapping!$B$4:$C$37,2,0) -> [VDS] - Cashloan | H5: =VLOOKUP(source[[#This Row],[lending_product_transform]],[3]Mapping!$B$3:$D$37,3,0) -> cashloan | I5: 1360850000 | L5: 2025 | X5: 2,025 Total | Y5: 2026 | AD5: 2,026 Total | AE5: Grand Total
A6: 45292 | B6: =YEAR(source[[#This Row],[report_date]]) -> 2024 | C6: 1 | D6: =WEEKNUM(A6,2) -> 1 | E6: =DAY(A6) -> 1 | F6: [BE] - Cashloan | G6: =VLOOKUP(source[[#This Row],[lending_product_transform]],[3]Mapping!$B$4:$C$37,2,0) -> [BE] - Cashloan | H6: =VLOOKUP(source[[#This Row],[lending_product_transform]],[3]Mapping!$B$3:$D$37,3,0) -> cashloan | I6: 178500000 | K6: Row Labels | L6: 1 | M6: 2 | N6: 3 | O6: 4 | P6: 5 | Q6: 6 | R6: 7 | S6: 8 | T6: 9 | U6: 10 | V6: 11 | W6: 12 | Y6: 1 | Z6: 2 | AA6: 3 | AB6: 4 | AC6: 5
A7: 45292 | B7: =YEAR(source[[#This Row],[report_date]]) -> 2024 | C7: 1 | D7: =WEEKNUM(A7,2) -> 1 | E7: =DAY(A7) -> 1 | F7: All | G7: =VLOOKUP(source[[#This Row],[lending_product_transform]],[3]Mapping!$B$4:$C$37,2,0) -> 0 | H7: =VLOOKUP(source[[#This Row],[lending_product_transform]],[3]Mapping!$B$3:$D$37,3,0) -> 0 | I7: 4603693408 | K7: [BE] - Cashloan | L7: 305150000 | M7: 106500000 | N7: 120150000 | O7: 31000000 | P7: 0 | Q7: 48650000 | R7: 98750000 | S7: 18900000 | T7: 42000000 | U7: 856450000 | V7: 2125700000 | W7: 9557000000 | X7: 13310250000 | Y7: 21136600000 | Z7: 15124750000 | AA7: 23471820000 | AB7: 16993230000 | AC7: 8606560000 | AD7: 85332960000 | AE7: 98643210000
A8: 45292 | B8: =YEAR(source[[#This Row],[report_date]]) -> 2024 | C8: 1 | D8: =WEEKNUM(A8,2) -> 1 | E8: =DAY(A8) -> 1 | F8: [Cake] - Overdraft | G8: =VLOOKUP(source[[#This Row],[lending_product_transform]],[3]Mapping!$B$4:$C$37,2,0) -> [Cake] - Overdraft | H8: =VLOOKUP(source[[#This Row],[lending_product_transform]],[3]Mapping!$B$3:$D$37,3,0) -> overdraft | I8: 2100843408 | K8: [BE] - Paylater | L8: 5181256600 | M8: 5543897694 | N8: 5692337428 | O8: 5604594501 | P8: 7145959179 | Q8: 7745288700 | R8: 8142216513 | S8: 7801255169 | T8: 7926201248 | U8: 10040639446 | V8: 9491708718 | W8: 11211193272 | X8: 91526548468 | Y8: 10867603221 | Z8: 9233648329 | AA8: 10631003862 | AB8: 9358548670 | AC8: 3862036644 | AD8: 43952840726 | AE8: 135479389194
A9: 45292 | B9: =YEAR(source[[#This Row],[report_date]]) -> 2024 | C9: 1 | D9: =WEEKNUM(A9,2) -> 1 | E9: =DAY(A9) -> 1 | F9: [VDS] - Payroll Payday | G9: =VLOOKUP(source[[#This Row],[lending_product_transform]],[3]Mapping!$B$4:$C$37,2,0) -> [VDS] - Payroll Payday | H9: =VLOOKUP(source[[#This Row],[lending_product_transform]],[3]Mapping!$B$3:$D$37,3,0) -> payday | I9: 15000000 | K9: [Cake] - Cashloan | L9: 148327830000 | M9: 111579440000 | N9: 175949310000 | O9: 227662410000 | P9: 232669350000 | Q9: 273801460000 | R9: 377695150000 | S9: 338629710000 | T9: 486195060000 | U9: 501046570000 | V9: 587879520000 | W9: 522091590000 | X9: 3983527400000 | Y9: 467929410000 | Z9: 316516710000 | AA9: 399979990000 | AB9: 443850970000 | AC9: 147805250000 | AD9: 1776082330000 | AE9: 5759609730000
A10: 45293 | B10: =YEAR(source[[#This Row],[report_date]]) -> 2024 | C10: 1 | D10: =WEEKNUM(A10,2) -> 1 | E10: =DAY(A10) -> 2 | F10: [BE] - Cashloan | G10: =VLOOKUP(source[[#This Row],[lending_product_transform]],[3]Mapping!$B$4:$C$37,2,0) -> [BE] - Cashloan | H10: =VLOOKUP(source[[#This Row],[lending_product_transform]],[3]Mapping!$B$3:$D$37,3,0) -> cashloan | I10: 555450000 | K10: [Cake] - Overdraft | L10: 109061423275 | M10: 95253172206 | N10: 112073329818 | O10: 114487336129 | P10: 119537601659 | Q10: 118759501319 | R10: 118080713257 | S10: 97304269148 | T10: 86259163136 | U10: 84239414747 | V10: 73074848767 | W10: 71004297401 | X10: 1199135070862 | Y10: 63409743099 | Z10: 53755295193 | AA10: 55189788461 | AB10: 49898840707 | AC10: 21098365039 | AD10: 243352032499 | AE10: 1442487103361
A11: 45293 | B11: =YEAR(source[[#This Row],[report_date]]) -> 2024 | C11: 1 | D11: =WEEKNUM(A11,2) -> 1 | E11: =DAY(A11) -> 2 | F11: [Cake] - Overdraft | G11: =VLOOKUP(source[[#This Row],[lending_product_transform]],[3]Mapping!$B$4:$C$37,2,0) -> [Cake] - Overdraft | H11: =VLOOKUP(source[[#This Row],[lending_product_transform]],[3]Mapping!$B$3:$D$37,3,0) -> overdraft | I11: 2821136978 | K11: [NGS] - Cashloan | L11: 0 | M11: 0 | N11: 0 | P11: 0 | T11: 0 | U11: 0 | V11: 0 | W11: 0 | X11: 0 | Y11: 0 | Z11: 0 | AA11: 0 | AB11: 0 | AC11: 0 | AD11: 0 | AE11: 0
A12: 45293 | B12: =YEAR(source[[#This Row],[report_date]]) -> 2024 | C12: 1 | D12: =WEEKNUM(A12,2) -> 1 | E12: =DAY(A12) -> 2 | F12: [VDS] - Payday | G12: =VLOOKUP(source[[#This Row],[lending_product_transform]],[3]Mapping!$B$4:$C$37,2,0) -> [VDS] - Payday | H12: =VLOOKUP(source[[#This Row],[lending_product_transform]],[3]Mapping!$B$3:$D$37,3,0) -> payday | I12: 1403000000 | K12: [VDS] - Cashloan | L12: 180511400000 | M12: 131748350000 | N12: 198763290000 | O12: 249280190000 | P12: 237678410000 | Q12: 261376050000 | R12: 380965670000 | S12: 346289200000 | T12: 465278440000 | U12: 489924960000 | V12: 513252480000 | W12: 548081580000 | X12: 4003150020000 | Y12: 521571950000 | Z12: 382545260000 | AA12: 495975240000 | AB12: 492101890000 | AC12: 168117780000 | AD12: 2060312120000 | AE12: 6063462140000
A13: 45293 | B13: =YEAR(source[[#This Row],[report_date]]) -> 2024 | C13: 1 | D13: =WEEKNUM(A13,2) -> 1 | E13: =DAY(A13) -> 2 | F13: [VDS] - Payroll Cashloan | G13: =VLOOKUP(source[[#This Row],[lending_product_transform]],[3]Mapping!$B$4:$C$37,2,0) -> [VDS] - Payroll Cashloan | H13: =VLOOKUP(source[[#This Row],[lending_product_transform]],[3]Mapping!$B$3:$D$37,3,0) -> cashloan | I13: 63000000 | K13: [VDS] - Cashloan LP | L13: 486740000 | M13: 32100000 | N13: 729120000 | O13: 85600000 | P13: 0 | Q13: 0 | R13: 0 | T13: 0 | U13: 0 | V13: 0 | W13: 0 | X13: 1333560000 | Y13: 0 | Z13: 0 | AA13: 0 | AB13: 0 | AC13: 0 | AD13: 0 | AE13: 1333560000
A14: 45293 | B14: =YEAR(source[[#This Row],[report_date]]) -> 2024 | C14: 1 | D14: =WEEKNUM(A14,2) -> 1 | E14: =DAY(A14) -> 2 | F14: [VDS] - Cashloan | G14: =VLOOKUP(source[[#This Row],[lending_product_transform]],[3]Mapping!$B$4:$C$37,2,0) -> [VDS] - Cashloan | H14: =VLOOKUP(source[[#This Row],[lending_product_transform]],[3]Mapping!$B$3:$D$37,3,0) -> cashloan | I14: 3798050000 | K14: [VDS] - Payday | L14: 140501000000 | M14: 132184000000 | N14: 156811500000 | O14: 162270828000 | P14: 166904172000 | Q14: 164068632000 | R14: 181103580000 | S14: 188150580000 | T14: 269540028000 | U14: 322082136000 | V14: 288633240000 | W14: 304260732000 | X14: 2476510428000 | Y14: 336025800000 | Z14: 290364048000 | AA14: 358579116000 | AB14: 333026208000 | AC14: 119993292000 | AD14: 1437988464000 | AE14: 3914498892000
A15: 45293 | B15: =YEAR(source[[#This Row],[report_date]]) -> 2024 | C15: 1 | D15: =WEEKNUM(A15,2) -> 1 | E15: =DAY(A15) -> 2 | F15: All | G15: =VLOOKUP(source[[#This Row],[lending_product_transform]],[3]Mapping!$B$4:$C$37,2,0) -> 0 | H15: =VLOOKUP(source[[#This Row],[lending_product_transform]],[3]Mapping!$B$3:$D$37,3,0) -> 0 | I15: 8648636978 | K15: [VDS] - Paylater | L15: 10711863102 | M15: 11016265814 | N15: 12882109778 | O15: 12089502568 | P15: 11964595934 | Q15: 12255200170 | R15: 11824461337 | S15: 8884672187 | T15: 8649286565 | U15: 8979582270 | V15: 8056649012 | W15: 7895869479 | X15: 125210058216 | Y15: 7773898216 | Z15: 6381405779 | AA15: 7171896994 | AB15: 7030263262 | AC15: 3926999449 | AD15: 32284463700 | AE15: 157494521916
A16: 45293 | B16: =YEAR(source[[#This Row],[report_date]]) -> 2024 | C16: 1 | D16: =WEEKNUM(A16,2) -> 1 | E16: =DAY(A16) -> 2 | F16: [VDS] - Payroll Payday | G16: =VLOOKUP(source[[#This Row],[lending_product_transform]],[3]Mapping!$B$4:$C$37,2,0) -> [VDS] - Payroll Payday | H16: =VLOOKUP(source[[#This Row],[lending_product_transform]],[3]Mapping!$B$3:$D$37,3,0) -> payday | I16: 8000000 | K16: [VDS] - Payroll Cashloan | L16: 1011950000 | M16: 1109450000 | N16: 1798700000 | O16: 1227200000 | P16: 1149700000 | Q16: 374000000 | R16: 809800000 | S16: 1040200000 | T16: 953500000 | U16: 1056500000 | V16: 746250000 | W16: 593750000 | X16: 11871000000 | Y16: 828250000 | Z16: 1241950000 | AA16: 1396650000 | AB16: 1117000000 | AC16: 445650000 | AD16: 5029500000 | AE16: 16900500000
A17: 45294 | B17: =YEAR(source[[#This Row],[report_date]]) -> 2024 | C17: 1 | D17: =WEEKNUM(A17,2) -> 1 | E17: =DAY(A17) -> 3 | F17: All | G17: =VLOOKUP(source[[#This Row],[lending_product_transform]],[3]Mapping!$B$4:$C$37,2,0) -> 0 | H17: =VLOOKUP(source[[#This Row],[lending_product_transform]],[3]Mapping!$B$3:$D$37,3,0) -> 0 | I17: 8212311764 | K17: [VDS] - Payroll Payday | L17: 874000000 | M17: 1301000000 | N17: 2034000000 | O17: 1527000000 | P17: 954000000 | Q17: 536000000 | R17: 894000000 | S17: 1104000000 | T17: 1189000000 | U17: 1211000000 | V17: 1259000000 | W17: 1270000000 | X17: 14153000000 | Y17: 1439000000 | Z17: 1267000000 | AA17: 1666000000 | AB17: 1602000000 | AC17: 406000000 | AD17: 6380000000 | AE17: 20533000000
A18: 45294 | B18: =YEAR(source[[#This Row],[report_date]]) -> 2024 | C18: 1 | D18: =WEEKNUM(A18,2) -> 1 | E18: =DAY(A18) -> 3 | F18: [VDS] - Payday | G18: =VLOOKUP(source[[#This Row],[lending_product_transform]],[3]Mapping!$B$4:$C$37,2,0) -> [VDS] - Payday | H18: =VLOOKUP(source[[#This Row],[lending_product_transform]],[3]Mapping!$B$3:$D$37,3,0) -> payday | I18: 1471500000 | K18: [MWG] - Cashloan | L18: 16174220000 | M18: 12849790000 | N18: 23384840000 | O18: 28065690000 | P18: 33835150000 | Q18: 40487380000 | R18: 52339690000 | S18: 63562000000 | T18: 100769400000 | U18: 93235540000 | V18: 100217490000 | W18: 126953670000 | X18: 691874860000 | Y18: 175520760000 | Z18: 119770500000 | AA18: 103979450000 | AB18: 103919830000 | AC18: 37938060000 | AD18: 541128600000 | AE18: 1233003460000
A19: 45294 | B19: =YEAR(source[[#This Row],[report_date]]) -> 2024 | C19: 1 | D19: =WEEKNUM(A19,2) -> 1 | E19: =DAY(A19) -> 3 | F19: [Cake] - Overdraft | G19: =VLOOKUP(source[[#This Row],[lending_product_transform]],[3]Mapping!$B$4:$C$37,2,0) -> [Cake] - Overdraft | H19: =VLOOKUP(source[[#This Row],[lending_product_transform]],[3]Mapping!$B$3:$D$37,3,0) -> overdraft | I19: 2702011764 | K19: [FPT] - Paylater | L19: 742285885 | M19: 758149053 | N19: 950767542 | O19: 838419554 | P19: 980178878 | Q19: 895766462 | R19: 917352431 | S19: 941376009 | T19: 932764886 | U19: 968660033 | V19: 567927938 | W19: 589542486 | X19: 10083191157 | Y19: 526616782 | Z19: 406756258 | AA19: 373336279 | AB19: 28900933 | AC19: 0 | AD19: 1335610252 | AE19: 11418801409
A20: 45294 | B20: =YEAR(source[[#This Row],[report_date]]) -> 2024 | C20: 1 | D20: =WEEKNUM(A20,2) -> 1 | E20: =DAY(A20) -> 3 | F20: [BE] - Cashloan | G20: =VLOOKUP(source[[#This Row],[lending_product_transform]],[3]Mapping!$B$4:$C$37,2,0) -> [BE] - Cashloan | H20: =VLOOKUP(source[[#This Row],[lending_product_transform]],[3]Mapping!$B$3:$D$37,3,0) -> cashloan | I20: 369600000 | K20: [VNPOST] - Cashloan | L20: 0 | M20: 0 | N20: 10000000 | O20: 18900000 | P20: 78100000 | Q20: 595050000 | R20: 606800000 | S20: 611450000 | T20: 2503750000 | U20: 5961750000 | V20: 10022250000 | W20: 17538450000 | X20: 37946500000 | Y20: 7624150000 | Z20: 2500020000 | AA20: 2484250000 | AB20: 1777530000 | AC20: 788730000 | AD20: 15174680000 | AE20: 53121180000
A21: 45294 | B21: =YEAR(source[[#This Row],[report_date]]) -> 2024 | C21: 1 | D21: =WEEKNUM(A21,2) -> 1 | E21: =DAY(A21) -> 3 | F21: [VDS] - Payroll Cashloan | G21: =VLOOKUP(source[[#This Row],[lending_product_transform]],[3]Mapping!$B$4:$C$37,2,0) -> [VDS] - Payroll Cashloan | H21: =VLOOKUP(source[[#This Row],[lending_product_transform]],[3]Mapping!$B$3:$D$37,3,0) -> cashloan | I21: 51500000 | K21: [MWG] - Paylater | L21: 100000 | M21: 9612720000 | N21: 2650000 | O21: 0 | P21: 23667000 | Q21: 4117630450 | R21: 8932559708 | S21: 12586882650 | T21: 12824214914 | U21: 19664015586 | V21: 29656124454 | W21: 30796576098 | X21: 128217140860 | Y21: 45434907523 | Z21: 42796229055 | AA21: 36249366164 | AB21: 34963036365 | AC21: 13363773267 | AD21: 172807312374 | AE21: 301024453234
A22: 45294 | B22: =YEAR(source[[#This Row],[report_date]]) -> 2024 | C22: 1 | D22: =WEEKNUM(A22,2) -> 1 | E22: =DAY(A22) -> 3 | F22: [VDS] - Payroll Payday | G22: =VLOOKUP(source[[#This Row],[lending_product_transform]],[3]Mapping!$B$4:$C$37,2,0) -> [VDS] - Payroll Payday | H22: =VLOOKUP(source[[#This Row],[lending_product_transform]],[3]Mapping!$B$3:$D$37,3,0) -> payday | I22: 5000000 | K22: [ZLP] - Cashloan | N22: 20330000 | O22: 0 | P22: 29177000000 | Q22: 47654460000 | R22: 87997150000 | S22: 83818310000 | T22: 83034230000 | U22: 126424860000 | V22: 98531400000 | W22: 117580890000 | X22: 674238630000 | Y22: 109227730000 | Z22: 79426750000 | AA22: 93530310000 | AB22: 175982280000 | AC22: 60270480000 | AD22: 518437550000 | AE22: 1192676180000
A23: 45294 | B23: =YEAR(source[[#This Row],[report_date]]) -> 2024 | C23: 1 | D23: =WEEKNUM(A23,2) -> 1 | E23: =DAY(A23) -> 3 | F23: [VDS] - Cashloan | G23: =VLOOKUP(source[[#This Row],[lending_product_transform]],[3]Mapping!$B$4:$C$37,2,0) -> [VDS] - Cashloan | H23: =VLOOKUP(source[[#This Row],[lending_product_transform]],[3]Mapping!$B$3:$D$37,3,0) -> cashloan | I23: 3612700000 | K23: [VNPAY] - Paylater | L23: 7448485891 | M23: 9709428853 | N23: 13499051402 | O23: 14044416624 | P23: 16577277952 | Q23: 17622441300 | R23: 17881303472 | S23: 16244324841 | T23: 15275927270 | U23: 15864798918 | V23: 17116094086 | W23: 16799812047 | X23: 178083362656 | Y23: 16072045824 | Z23: 13685015637 | AA23: 15025104610 | AB23: 13262480388 | AC23: 7580228374 | AD23: 65624874833 | AE23: 243708237489
A24: 45295 | B24: =YEAR(source[[#This Row],[report_date]]) -> 2024 | C24: 1 | D24: =WEEKNUM(A24,2) -> 1 | E24: =DAY(A24) -> 4 | F24: All | G24: =VLOOKUP(source[[#This Row],[lending_product_transform]],[3]Mapping!$B$4:$C$37,2,0) -> 0 | H24: =VLOOKUP(source[[#This Row],[lending_product_transform]],[3]Mapping!$B$3:$D$37,3,0) -> 0 | I24: 8026608163 | K24: [VNPAY] - Cashloan | L24: 10232660000 | M24: 9282580000 | N24: 11876180000 | O24: 13534020000 | P24: 18967580000 | Q24: 16257930000 | R24: 13288530000 | S24: 13484550000 | T24: 21050400000 | U24: 22246180000 | V24: 19620350000 | W24: 21697550000 | X24: 191538510000 | Y24: 27560260000 | Z24: 21558320000 | AA24: 24486590000 | AB24: 22627370000 | AC24: 7609020000 | AD24: 103841560000 | AE24: 295380070000
A25: 45295 | B25: =YEAR(source[[#This Row],[report_date]]) -> 2024 | C25: 1 | D25: =WEEKNUM(A25,2) -> 1 | E25: =DAY(A25) -> 4 | F25: [VDS] - Payroll Cashloan | G25: =VLOOKUP(source[[#This Row],[lending_product_transform]],[3]Mapping!$B$4:$C$37,2,0) -> [VDS] - Payroll Cashloan | H25: =VLOOKUP(source[[#This Row],[lending_product_transform]],[3]Mapping!$B$3:$D$37,3,0) -> cashloan | I25: 0 | K25: [Cake] - Payday | R25: 54666360000 | S25: 124745616000 | T25: 196888968000 | U25: 261541764000 | V25: 275290812000 | W25: 384586924000 | X25: 1297720444000 | Y25: 432076356000 | Z25: 344144160000 | AA25: 422658864000 | AB25: 425752416000 | AC25: 157621248000 | AD25: 1782253044000 | AE25: 3079973488000
A26: 45295 | B26: =YEAR(source[[#This Row],[report_date]]) -> 2024 | C26: 1 | D26: =WEEKNUM(A26,2) -> 1 | E26: =DAY(A26) -> 4 | F26: [BE] - Cashloan | G26: =VLOOKUP(source[[#This Row],[lending_product_transform]],[3]Mapping!$B$4:$C$37,2,0) -> [BE] - Cashloan | H26: =VLOOKUP(source[[#This Row],[lending_product_transform]],[3]Mapping!$B$3:$D$37,3,0) -> cashloan | I26: 140750000 | K26: [VNPAY] - Payday | T26: 756000000 | U26: 6445440000 | V26: 6447168000 | W26: 9082260000 | X26: 22730868000 | Y26: 10493388000 | Z26: 8188128000 | AA26: 9678096000 | AB26: 9585864000 | AC26: 2862540000 | AD26: 40808016000 | AE26: 63538884000
A27: 45295 | B27: =YEAR(source[[#This Row],[report_date]]) -> 2024 | C27: 1 | D27: =WEEKNUM(A27,2) -> 1 | E27: =DAY(A27) -> 4 | F27: [Cake] - Overdraft | G27: =VLOOKUP(source[[#This Row],[lending_product_transform]],[3]Mapping!$B$4:$C$37,2,0) -> [Cake] - Overdraft | H27: =VLOOKUP(source[[#This Row],[lending_product_transform]],[3]Mapping!$B$3:$D$37,3,0) -> overdraft | I27: 2723808163 | K27: [ZLP] - Payday | W27: 10800000 | X27: 10800000 | Y27: 13141000000 | Z27: 12785920000 | AA27: 5717952000 | AB27: 73008000 | AC27: 0 | AD27: 31717880000 | AE27: 31728680000
A28: 45295 | B28: =YEAR(source[[#This Row],[report_date]]) -> 2024 | C28: 1 | D28: =WEEKNUM(A28,2) -> 1 | E28: =DAY(A28) -> 4 | F28: [VDS] - Payroll Payday | G28: =VLOOKUP(source[[#This Row],[lending_product_transform]],[3]Mapping!$B$4:$C$37,2,0) -> [VDS] - Payroll Payday | H28: =VLOOKUP(source[[#This Row],[lending_product_transform]],[3]Mapping!$B$3:$D$37,3,0) -> payday | I28: 0 | K28: [MISA] - Cashloan | W28: 640000000 | X28: 640000000 | Y28: 936000000 | Z28: 619000000 | AA28: 1342000000 | AB28: 950000000 | AC28: 80000000 | AD28: 3927000000 | AE28: 4567000000
A29: 45295 | B29: =YEAR(source[[#This Row],[report_date]]) -> 2024 | C29: 1 | D29: =WEEKNUM(A29,2) -> 1 | E29: =DAY(A29) -> 4 | F29: [VDS] - Payday | G29: =VLOOKUP(source[[#This Row],[lending_product_transform]],[3]Mapping!$B$4:$C$37,2,0) -> [VDS] - Payday | H29: =VLOOKUP(source[[#This Row],[lending_product_transform]],[3]Mapping!$B$3:$D$37,3,0) -> payday | I29: 1522000000 | K29: Grand Total | L29: 631570364753 | M29: 532086843620 | N29: 716597665968 | O29: 830767107376 | P29: 877642742602 | Q29: 966595440401 | R29: 1316244086718 | S29: 1305217296004 | T29: 1760068334019 | U29: 1971790261000 | V29: 2041989012975 | W29: 2202242486783 | X29: 15152811642219 | Y29: 2269595468665 | Z29: 1722310866251 | AA29: 2069586824370 | AB29: 2143901666325 | AC29: 762376012773 | AD29: 8967770838384 | AE29: 24120582480603
A30: 45295 | B30: =YEAR(source[[#This Row],[report_date]]) -> 2024 | C30: 1 | D30: =WEEKNUM(A30,2) -> 1 | E30: =DAY(A30) -> 4 | F30: [VDS] - Cashloan | G30: =VLOOKUP(source[[#This Row],[lending_product_transform]],[3]Mapping!$B$4:$C$37,2,0) -> [VDS] - Cashloan | H30: =VLOOKUP(source[[#This Row],[lending_product_transform]],[3]Mapping!$B$3:$D$37,3,0) -> cashloan | I30: 3640050000
A31: 45296 | B31: =YEAR(source[[#This Row],[report_date]]) -> 2024 | C31: 1 | D31: =WEEKNUM(A31,2) -> 1 | E31: =DAY(A31) -> 5 | F31: [VDS] - Payroll Cashloan | G31: =VLOOKUP(source[[#This Row],[lending_product_transform]],[3]Mapping!$B$4:$C$37,2,0) -> [VDS] - Payroll Cashloan | H31: =VLOOKUP(source[[#This Row],[lending_product_transform]],[3]Mapping!$B$3:$D$37,3,0) -> cashloan | I31: 134450000
A32: 45296 | B32: =YEAR(source[[#This Row],[report_date]]) -> 2024 | C32: 1 | D32: =WEEKNUM(A32,2) -> 1 | E32: =DAY(A32) -> 5 | F32: [BE] - Cashloan | G32: =VLOOKUP(source[[#This Row],[lending_product_transform]],[3]Mapping!$B$4:$C$37,2,0) -> [BE] - Cashloan | H32: =VLOOKUP(source[[#This Row],[lending_product_transform]],[3]Mapping!$B$3:$D$37,3,0) -> cashloan | I32: 162750000
A33: 45296 | B33: =YEAR(source[[#This Row],[report_date]]) -> 2024 | C33: 1 | D33: =WEEKNUM(A33,2) -> 1 | E33: =DAY(A33) -> 5 | F33: [Cake] - Overdraft | G33: =VLOOKUP(source[[#This Row],[lending_product_transform]],[3]Mapping!$B$4:$C$37,2,0) -> [Cake] - Overdraft | H33: =VLOOKUP(source[[#This Row],[lending_product_transform]],[3]Mapping!$B$3:$D$37,3,0) -> overdraft | I33: 2399718960 | L33: 2025 | T33: =GETPIVOTDATA("Total",$K$4,"Year",2025,"Month",9,"Product_use","[Cake] - Payday")/1000000 -> 196888.97 | X33: 2026
A34: 45296 | B34: =YEAR(source[[#This Row],[report_date]]) -> 2024 | C34: 1 | D34: =WEEKNUM(A34,2) -> 1 | E34: =DAY(A34) -> 5 | F34: [VDS] - Payroll Payday | G34: =VLOOKUP(source[[#This Row],[lending_product_transform]],[3]Mapping!$B$4:$C$37,2,0) -> [VDS] - Payroll Payday | H34: =VLOOKUP(source[[#This Row],[lending_product_transform]],[3]Mapping!$B$3:$D$37,3,0) -> payday | I34: 37000000 | K34: Product | L34: 1 | M34: =L34+1 -> 2 | N34: =M34+1 -> 3 | O34: =N34+1 -> 4 | P34: =O34+1 -> 5 | Q34: =P34+1 -> 6 | R34: =Q34+1 -> 7 | S34: =R34+1 -> 8 | T34: =S34+1 -> 9 | ... W34: =V34+1 -> 12 | X34: 1 | Y34: 2 | Z34: 3
A35: 45296 | B35: =YEAR(source[[#This Row],[report_date]]) -> 2024 | C35: 1 | D35: =WEEKNUM(A35,2) -> 1 | E35: =DAY(A35) -> 5 | F35: [VDS] - Payday | G35: =VLOOKUP(source[[#This Row],[lending_product_transform]],[3]Mapping!$B$4:$C$37,2,0) -> [VDS] - Payday | H35: =VLOOKUP(source[[#This Row],[lending_product_transform]],[3]Mapping!$B$3:$D$37,3,0) -> payday | I35: 634500000 | K35: [BE] - Cashloan | L35: =GETPIVOTDATA("Total",$K$4,"Year",$L$33,"Month",L$34,"Product_use",$K35)/1000000 -> 305.15 | M35: =GETPIVOTDATA("Total",$K$4,"Year",$L$33,"Month",M$34,"Product_use",$K35)/1000000 -> 106.5 | N35: =GETPIVOTDATA("Total",$K$4,"Year",$L$33,"Month",N$34,"Product_use",$K35)/1000000 -> 120.15 | O35: =GETPIVOTDATA("Total",$K$4,"Year",$L$33,"Month",O$34,"Product_use",$K35)/1000000 -> 31 | P35: =GETPIVOTDATA("Total",$K$4,"Year",$L$33,"Month",P$34,"Product_use",$K35)/1000000 -> 0 | Q35: =GETPIVOTDATA("Total",$K$4,"Year",$L$33,"Month",Q$34,"Product_use",$K35)/1000000 -> 48.65 | R35: =GETPIVOTDATA("Total",$K$4,"Year",$L$33,"Month",R$34,"Product_use",$K35)/1000000 -> 98.75 | S35: =GETPIVOTDATA("Total",$K$4,"Year",$L$33,"Month",S$34,"Product_use",$K35)/1000000 -> 18.9 | ... W35: =GETPIVOTDATA("Total",$K$4,"Year",$L$33,"Month",W$34,"Product_use",$K35)/1000000 -> 9557 | X35: =GETPIVOTDATA("Total",$K$4,"Year",2026,"Month",X$34,"Product_use",$K35)/10^6 -> 21136.6 | Y35: =GETPIVOTDATA("Total",$K$4,"Year",2026,"Month",Y$34,"Product_use",$K35)/10^6 -> 15124.75 | Z35: =GETPIVOTDATA("Total",$K$4,"Year",2026,"Month",Z$34,"Product_use",$K35)/10^6 -> 23471.82 | AF35: [BE] - Cashloan
A36: 45296 | B36: =YEAR(source[[#This Row],[report_date]]) -> 2024 | C36: 1 | D36: =WEEKNUM(A36,2) -> 1 | E36: =DAY(A36) -> 5 | F36: [VDS] - Cashloan | G36: =VLOOKUP(source[[#This Row],[lending_product_transform]],[3]Mapping!$B$4:$C$37,2,0) -> [VDS] - Cashloan | H36: =VLOOKUP(source[[#This Row],[lending_product_transform]],[3]Mapping!$B$3:$D$37,3,0) -> cashloan | I36: 3216250000 | K36: [BE] - Paylater | L36: =GETPIVOTDATA("Total",$K$4,"Year",$L$33,"Month",L$34,"Product_use",$K36)/1000000 -> 5181.2566 | M36: =GETPIVOTDATA("Total",$K$4,"Year",$L$33,"Month",M$34,"Product_use",$K36)/1000000 -> 5543.8977 | N36: =GETPIVOTDATA("Total",$K$4,"Year",$L$33,"Month",N$34,"Product_use",$K36)/1000000 -> 5692.3374 | O36: =GETPIVOTDATA("Total",$K$4,"Year",$L$33,"Month",O$34,"Product_use",$K36)/1000000 -> 5604.5945 | P36: =GETPIVOTDATA("Total",$K$4,"Year",$L$33,"Month",P$34,"Product_use",$K36)/1000000 -> 7145.9592 | Q36: =GETPIVOTDATA("Total",$K$4,"Year",$L$33,"Month",Q$34,"Product_use",$K36)/1000000 -> 7745.2887 | R36: =GETPIVOTDATA("Total",$K$4,"Year",$L$33,"Month",R$34,"Product_use",$K36)/1000000 -> 8142.2165 | S36: =GETPIVOTDATA("Total",$K$4,"Year",$L$33,"Month",S$34,"Product_use",$K36)/1000000 -> 7801.2552 | ... W36: =GETPIVOTDATA("Total",$K$4,"Year",$L$33,"Month",W$34,"Product_use",$K36)/1000000 -> 11211.193 | X36: =GETPIVOTDATA("Total",$K$4,"Year",2026,"Month",X$34,"Product_use",$K36)/10^6 -> 10867.603 | Y36: =GETPIVOTDATA("Total",$K$4,"Year",2026,"Month",Y$34,"Product_use",$K36)/10^6 -> 9233.6483 | Z36: =GETPIVOTDATA("Total",$K$4,"Year",2026,"Month",Z$34,"Product_use",$K36)/10^6 -> 10631.004 | AF36: [BE] - Paylater
A37: 45296 | B37: =YEAR(source[[#This Row],[report_date]]) -> 2024 | C37: 1 | D37: =WEEKNUM(A37,2) -> 1 | E37: =DAY(A37) -> 5 | F37: All | G37: =VLOOKUP(source[[#This Row],[lending_product_transform]],[3]Mapping!$B$4:$C$37,2,0) -> 0 | H37: =VLOOKUP(source[[#This Row],[lending_product_transform]],[3]Mapping!$B$3:$D$37,3,0) -> 0 | I37: 6584668960 | K37: [Cake] - Cashloan | L37: =GETPIVOTDATA("Total",$K$4,"Year",$L$33,"Month",L$34,"Product_use",$K37)/1000000 -> 148327.83 | M37: =GETPIVOTDATA("Total",$K$4,"Year",$L$33,"Month",M$34,"Product_use",$K37)/1000000 -> 111579.44 | N37: =GETPIVOTDATA("Total",$K$4,"Year",$L$33,"Month",N$34,"Product_use",$K37)/1000000 -> 175949.31 | O37: =GETPIVOTDATA("Total",$K$4,"Year",$L$33,"Month",O$34,"Product_use",$K37)/1000000 -> 227662.41 | P37: =GETPIVOTDATA("Total",$K$4,"Year",$L$33,"Month",P$34,"Product_use",$K37)/1000000 -> 232669.35 | Q37: =GETPIVOTDATA("Total",$K$4,"Year",$L$33,"Month",Q$34,"Product_use",$K37)/1000000 -> 273801.46 | R37: =GETPIVOTDATA("Total",$K$4,"Year",$L$33,"Month",R$34,"Product_use",$K37)/1000000 -> 377695.15 | S37: =GETPIVOTDATA("Total",$K$4,"Year",$L$33,"Month",S$34,"Product_use",$K37)/1000000 -> 338629.71 | ... W37: =GETPIVOTDATA("Total",$K$4,"Year",$L$33,"Month",W$34,"Product_use",$K37)/1000000 -> 522091.59 | X37: =GETPIVOTDATA("Total",$K$4,"Year",2026,"Month",X$34,"Product_use",$K37)/10^6 -> 467929.41 | Y37: =GETPIVOTDATA("Total",$K$4,"Year",2026,"Month",Y$34,"Product_use",$K37)/10^6 -> 316516.71 | Z37: =GETPIVOTDATA("Total",$K$4,"Year",2026,"Month",Z$34,"Product_use",$K37)/10^6 -> 399979.99 | AF37: [Cake] - Cashloan
A38: 45297 | B38: =YEAR(source[[#This Row],[report_date]]) -> 2024 | C38: 1 | D38: =WEEKNUM(A38,2) -> 1 | E38: =DAY(A38) -> 6 | F38: [Cake] - Overdraft | G38: =VLOOKUP(source[[#This Row],[lending_product_transform]],[3]Mapping!$B$4:$C$37,2,0) -> [Cake] - Overdraft | H38: =VLOOKUP(source[[#This Row],[lending_product_transform]],[3]Mapping!$B$3:$D$37,3,0) -> overdraft | I38: 1875629049 | K38: [Cake] - Overdraft | L38: =GETPIVOTDATA("Total",$K$4,"Year",$L$33,"Month",L$34,"Product_use",$K38)/1000000 -> 109061.42 | M38: =GETPIVOTDATA("Total",$K$4,"Year",$L$33,"Month",M$34,"Product_use",$K38)/1000000 -> 95253.172 | N38: =GETPIVOTDATA("Total",$K$4,"Year",$L$33,"Month",N$34,"Product_use",$K38)/1000000 -> 112073.33 | O38: =GETPIVOTDATA("Total",$K$4,"Year",$L$33,"Month",O$34,"Product_use",$K38)/1000000 -> 114487.34 | P38: =GETPIVOTDATA("Total",$K$4,"Year",$L$33,"Month",P$34,"Product_use",$K38)/1000000 -> 119537.6 | Q38: =GETPIVOTDATA("Total",$K$4,"Year",$L$33,"Month",Q$34,"Product_use",$K38)/1000000 -> 118759.5 | R38: =GETPIVOTDATA("Total",$K$4,"Year",$L$33,"Month",R$34,"Product_use",$K38)/1000000 -> 118080.71 | S38: =GETPIVOTDATA("Total",$K$4,"Year",$L$33,"Month",S$34,"Product_use",$K38)/1000000 -> 97304.269 | ... W38: =GETPIVOTDATA("Total",$K$4,"Year",$L$33,"Month",W$34,"Product_use",$K38)/1000000 -> 71004.297 | X38: =GETPIVOTDATA("Total",$K$4,"Year",2026,"Month",X$34,"Product_use",$K38)/10^6 -> 63409.743 | Y38: =GETPIVOTDATA("Total",$K$4,"Year",2026,"Month",Y$34,"Product_use",$K38)/10^6 -> 53755.295 | Z38: =GETPIVOTDATA("Total",$K$4,"Year",2026,"Month",Z$34,"Product_use",$K38)/10^6 -> 55189.788 | AF38: [Cake] - Overdraft
A39: 45297 | B39: =YEAR(source[[#This Row],[report_date]]) -> 2024 | C39: 1 | D39: =WEEKNUM(A39,2) -> 1 | E39: =DAY(A39) -> 6 | F39: [VDS] - Payroll Cashloan | G39: =VLOOKUP(source[[#This Row],[lending_product_transform]],[3]Mapping!$B$4:$C$37,2,0) -> [VDS] - Payroll Cashloan | H39: =VLOOKUP(source[[#This Row],[lending_product_transform]],[3]Mapping!$B$3:$D$37,3,0) -> cashloan | I39: 21000000 | K39: [NGS] - Cashloan | L39: =GETPIVOTDATA("Total",$K$4,"Year",$L$33,"Month",L$34,"Product_use",$K39)/1000000 -> 0 | M39: =GETPIVOTDATA("Total",$K$4,"Year",$L$33,"Month",M$34,"Product_use",$K39)/1000000 -> 0 | N39: =GETPIVOTDATA("Total",$K$4,"Year",$L$33,"Month",N$34,"Product_use",$K39)/1000000 -> 0 | O39: =GETPIVOTDATA("Total",$K$4,"Year",$L$33,"Month",O$34,"Product_use",$K39)/1000000 -> 0 | P39: =GETPIVOTDATA("Total",$K$4,"Year",$L$33,"Month",P$34,"Product_use",$K39)/1000000 -> 0 | Q39: =GETPIVOTDATA("Total",$K$4,"Year",$L$33,"Month",Q$34,"Product_use",$K39)/1000000 -> 0 | R39: =GETPIVOTDATA("Total",$K$4,"Year",$L$33,"Month",R$34,"Product_use",$K39)/1000000 -> 0 | S39: =GETPIVOTDATA("Total",$K$4,"Year",$L$33,"Month",S$34,"Product_use",$K39)/1000000 -> 0 | ... W39: =GETPIVOTDATA("Total",$K$4,"Year",$L$33,"Month",W$34,"Product_use",$K39)/1000000 -> 0 | X39: =GETPIVOTDATA("Total",$K$4,"Year",2026,"Month",X$34,"Product_use",$K39)/10^6 -> 0 | Y39: =GETPIVOTDATA("Total",$K$4,"Year",2026,"Month",Y$34,"Product_use",$K39)/10^6 -> 0 | Z39: =GETPIVOTDATA("Total",$K$4,"Year",2026,"Month",Z$34,"Product_use",$K39)/10^6 -> 0 | AF39: [Cake] - Payday
A40: 45297 | B40: =YEAR(source[[#This Row],[report_date]]) -> 2024 | C40: 1 | D40: =WEEKNUM(A40,2) -> 1 | E40: =DAY(A40) -> 6 | F40: [VDS] - Payroll Payday | G40: =VLOOKUP(source[[#This Row],[lending_product_transform]],[3]Mapping!$B$4:$C$37,2,0) -> [VDS] - Payroll Payday | H40: =VLOOKUP(source[[#This Row],[lending_product_transform]],[3]Mapping!$B$3:$D$37,3,0) -> payday | I40: 12000000 | K40: [VDS] - Cashloan | L40: =GETPIVOTDATA("Total",$K$4,"Year",$L$33,"Month",L$34,"Product_use",$K40)/1000000 -> 180511.4 | M40: =GETPIVOTDATA("Total",$K$4,"Year",$L$33,"Month",M$34,"Product_use",$K40)/1000000 -> 131748.35 | N40: =GETPIVOTDATA("Total",$K$4,"Year",$L$33,"Month",N$34,"Product_use",$K40)/1000000 -> 198763.29 | O40: =GETPIVOTDATA("Total",$K$4,"Year",$L$33,"Month",O$34,"Product_use",$K40)/1000000 -> 249280.19 | P40: =GETPIVOTDATA("Total",$K$4,"Year",$L$33,"Month",P$34,"Product_use",$K40)/1000000 -> 237678.41 | Q40: =GETPIVOTDATA("Total",$K$4,"Year",$L$33,"Month",Q$34,"Product_use",$K40)/1000000 -> 261376.05 | R40: =GETPIVOTDATA("Total",$K$4,"Year",$L$33,"Month",R$34,"Product_use",$K40)/1000000 -> 380965.67 | S40: =GETPIVOTDATA("Total",$K$4,"Year",$L$33,"Month",S$34,"Product_use",$K40)/1000000 -> 346289.2 | ... W40: =GETPIVOTDATA("Total",$K$4,"Year",$L$33,"Month",W$34,"Product_use",$K40)/1000000 -> 548081.58 | X40: =GETPIVOTDATA("Total",$K$4,"Year",2026,"Month",X$34,"Product_use",$K40)/10^6 -> 521571.95 | Y40: =GETPIVOTDATA("Total",$K$4,"Year",2026,"Month",Y$34,"Product_use",$K40)/10^6 -> 382545.26 | Z40: =GETPIVOTDATA("Total",$K$4,"Year",2026,"Month",Z$34,"Product_use",$K40)/10^6 -> 495975.24 | AF40: [FPT] - Paylater
A41: 45297 | B41: =YEAR(source[[#This Row],[report_date]]) -> 2024 | C41: 1 | D41: =WEEKNUM(A41,2) -> 1 | E41: =DAY(A41) -> 6 | F41: All | G41: =VLOOKUP(source[[#This Row],[lending_product_transform]],[3]Mapping!$B$4:$C$37,2,0) -> 0 | H41: =VLOOKUP(source[[#This Row],[lending_product_transform]],[3]Mapping!$B$3:$D$37,3,0) -> 0 | I41: 6253329049 | K41: [VDS] - Cashloan LP | L41: =GETPIVOTDATA("Total",$K$4,"Year",$L$33,"Month",L$34,"Product_use",$K41)/1000000 -> 486.74 | M41: =GETPIVOTDATA("Total",$K$4,"Year",$L$33,"Month",M$34,"Product_use",$K41)/1000000 -> 32.1 | N41: =GETPIVOTDATA("Total",$K$4,"Year",$L$33,"Month",N$34,"Product_use",$K41)/1000000 -> 729.12 | O41: =GETPIVOTDATA("Total",$K$4,"Year",$L$33,"Month",O$34,"Product_use",$K41)/1000000 -> 85.6 | P41: =GETPIVOTDATA("Total",$K$4,"Year",$L$33,"Month",P$34,"Product_use",$K41)/1000000 -> 0 | Q41: =GETPIVOTDATA("Total",$K$4,"Year",$L$33,"Month",Q$34,"Product_use",$K41)/1000000 -> 0 | R41: =GETPIVOTDATA("Total",$K$4,"Year",$L$33,"Month",R$34,"Product_use",$K41)/1000000 -> 0 | S41: =GETPIVOTDATA("Total",$K$4,"Year",$L$33,"Month",S$34,"Product_use",$K41)/1000000 -> 0 | ... W41: =GETPIVOTDATA("Total",$K$4,"Year",$L$33,"Month",W$34,"Product_use",$K41)/1000000 -> 0 | X41: =GETPIVOTDATA("Total",$K$4,"Year",2026,"Month",X$34,"Product_use",$K41)/10^6 -> 0 | Y41: =GETPIVOTDATA("Total",$K$4,"Year",2026,"Month",Y$34,"Product_use",$K41)/10^6 -> 0 | Z41: =GETPIVOTDATA("Total",$K$4,"Year",2026,"Month",Z$34,"Product_use",$K41)/10^6 -> 0 | AF41: [MWG] - Cashloan
A42: 45297 | B42: =YEAR(source[[#This Row],[report_date]]) -> 2024 | C42: 1 | D42: =WEEKNUM(A42,2) -> 1 | E42: =DAY(A42) -> 6 | F42: [VDS] - Payday | G42: =VLOOKUP(source[[#This Row],[lending_product_transform]],[3]Mapping!$B$4:$C$37,2,0) -> [VDS] - Payday | H42: =VLOOKUP(source[[#This Row],[lending_product_transform]],[3]Mapping!$B$3:$D$37,3,0) -> payday | I42: 1726500000 | K42: [VDS] - Payday | L42: =GETPIVOTDATA("Total",$K$4,"Year",$L$33,"Month",L$34,"Product_use",$K42)/1000000 -> 140501 | M42: =GETPIVOTDATA("Total",$K$4,"Year",$L$33,"Month",M$34,"Product_use",$K42)/1000000 -> 132184 | N42: =GETPIVOTDATA("Total",$K$4,"Year",$L$33,"Month",N$34,"Product_use",$K42)/1000000 -> 156811.5 | O42: =GETPIVOTDATA("Total",$K$4,"Year",$L$33,"Month",O$34,"Product_use",$K42)/1000000 -> 162270.83 | P42: =GETPIVOTDATA("Total",$K$4,"Year",$L$33,"Month",P$34,"Product_use",$K42)/1000000 -> 166904.17 | Q42: =GETPIVOTDATA("Total",$K$4,"Year",$L$33,"Month",Q$34,"Product_use",$K42)/1000000 -> 164068.63 | R42: =GETPIVOTDATA("Total",$K$4,"Year",$L$33,"Month",R$34,"Product_use",$K42)/1000000 -> 181103.58 | S42: =GETPIVOTDATA("Total",$K$4,"Year",$L$33,"Month",S$34,"Product_use",$K42)/1000000 -> 188150.58 | ... W42: =GETPIVOTDATA("Total",$K$4,"Year",$L$33,"Month",W$34,"Product_use",$K42)/1000000 -> 304260.73 | X42: =GETPIVOTDATA("Total",$K$4,"Year",2026,"Month",X$34,"Product_use",$K42)/10^6 -> 336025.8 | Y42: =GETPIVOTDATA("Total",$K$4,"Year",2026,"Month",Y$34,"Product_use",$K42)/10^6 -> 290364.05 | Z42: =GETPIVOTDATA("Total",$K$4,"Year",2026,"Month",Z$34,"Product_use",$K42)/10^6 -> 358579.12 | AF42: [MWG] - Paylater
A43: 45297 | B43: =YEAR(source[[#This Row],[report_date]]) -> 2024 | C43: 1 | D43: =WEEKNUM(A43,2) -> 1 | E43: =DAY(A43) -> 6 | F43: [VDS] - Cashloan | G43: =VLOOKUP(source[[#This Row],[lending_product_transform]],[3]Mapping!$B$4:$C$37,2,0) -> [VDS] - Cashloan | H43: =VLOOKUP(source[[#This Row],[lending_product_transform]],[3]Mapping!$B$3:$D$37,3,0) -> cashloan | I43: 2544700000 | K43: [VDS] - Paylater | L43: =GETPIVOTDATA("Total",$K$4,"Year",$L$33,"Month",L$34,"Product_use",$K43)/1000000 -> 10711.863 | M43: =GETPIVOTDATA("Total",$K$4,"Year",$L$33,"Month",M$34,"Product_use",$K43)/1000000 -> 11016.266 | N43: =GETPIVOTDATA("Total",$K$4,"Year",$L$33,"Month",N$34,"Product_use",$K43)/1000000 -> 12882.11 | O43: =GETPIVOTDATA("Total",$K$4,"Year",$L$33,"Month",O$34,"Product_use",$K43)/1000000 -> 12089.503 | P43: =GETPIVOTDATA("Total",$K$4,"Year",$L$33,"Month",P$34,"Product_use",$K43)/1000000 -> 11964.596 | Q43: =GETPIVOTDATA("Total",$K$4,"Year",$L$33,"Month",Q$34,"Product_use",$K43)/1000000 -> 12255.2 | R43: =GETPIVOTDATA("Total",$K$4,"Year",$L$33,"Month",R$34,"Product_use",$K43)/1000000 -> 11824.461 | S43: =GETPIVOTDATA("Total",$K$4,"Year",$L$33,"Month",S$34,"Product_use",$K43)/1000000 -> 8884.6722 | ... W43: =GETPIVOTDATA("Total",$K$4,"Year",$L$33,"Month",W$34,"Product_use",$K43)/1000000 -> 7895.8695 | X43: =GETPIVOTDATA("Total",$K$4,"Year",2026,"Month",X$34,"Product_use",$K43)/10^6 -> 7773.8982 | Y43: =GETPIVOTDATA("Total",$K$4,"Year",2026,"Month",Y$34,"Product_use",$K43)/10^6 -> 6381.4058 | Z43: =GETPIVOTDATA("Total",$K$4,"Year",2026,"Month",Z$34,"Product_use",$K43)/10^6 -> 7171.897 | AF43: [NGS] - Cashloan
A44: 45297 | B44: =YEAR(source[[#This Row],[report_date]]) -> 2024 | C44: 1 | D44: =WEEKNUM(A44,2) -> 1 | E44: =DAY(A44) -> 6 | F44: [BE] - Cashloan | G44: =VLOOKUP(source[[#This Row],[lending_product_transform]],[3]Mapping!$B$4:$C$37,2,0) -> [BE] - Cashloan | H44: =VLOOKUP(source[[#This Row],[lending_product_transform]],[3]Mapping!$B$3:$D$37,3,0) -> cashloan | I44: 73500000 | K44: [VDS] - Payroll Cashloan | L44: =GETPIVOTDATA("Total",$K$4,"Year",$L$33,"Month",L$34,"Product_use",$K44)/1000000 -> 1011.95 | M44: =GETPIVOTDATA("Total",$K$4,"Year",$L$33,"Month",M$34,"Product_use",$K44)/1000000 -> 1109.45 | N44: =GETPIVOTDATA("Total",$K$4,"Year",$L$33,"Month",N$34,"Product_use",$K44)/1000000 -> 1798.7 | O44: =GETPIVOTDATA("Total",$K$4,"Year",$L$33,"Month",O$34,"Product_use",$K44)/1000000 -> 1227.2 | P44: =GETPIVOTDATA("Total",$K$4,"Year",$L$33,"Month",P$34,"Product_use",$K44)/1000000 -> 1149.7 | Q44: =GETPIVOTDATA("Total",$K$4,"Year",$L$33,"Month",Q$34,"Product_use",$K44)/1000000 -> 374 | R44: =GETPIVOTDATA("Total",$K$4,"Year",$L$33,"Month",R$34,"Product_use",$K44)/1000000 -> 809.8 | S44: =GETPIVOTDATA("Total",$K$4,"Year",$L$33,"Month",S$34,"Product_use",$K44)/1000000 -> 1040.2 | ... W44: =GETPIVOTDATA("Total",$K$4,"Year",$L$33,"Month",W$34,"Product_use",$K44)/1000000 -> 593.75 | X44: =GETPIVOTDATA("Total",$K$4,"Year",2026,"Month",X$34,"Product_use",$K44)/10^6 -> 828.25 | Y44: =GETPIVOTDATA("Total",$K$4,"Year",2026,"Month",Y$34,"Product_use",$K44)/10^6 -> 1241.95 | Z44: =GETPIVOTDATA("Total",$K$4,"Year",2026,"Month",Z$34,"Product_use",$K44)/10^6 -> 1396.65 | AF44: [VDS] - Cashloan
A45: 45298 | B45: =YEAR(source[[#This Row],[report_date]]) -> 2024 | C45: 1 | D45: =WEEKNUM(A45,2) -> 1 | E45: =DAY(A45) -> 7 | F45: [BE] - Cashloan | G45: =VLOOKUP(source[[#This Row],[lending_product_transform]],[3]Mapping!$B$4:$C$37,2,0) -> [BE] - Cashloan | H45: =VLOOKUP(source[[#This Row],[lending_product_transform]],[3]Mapping!$B$3:$D$37,3,0) -> cashloan | I45: 168000000 | K45: [VDS] - Payroll Payday | L45: =GETPIVOTDATA("Total",$K$4,"Year",$L$33,"Month",L$34,"Product_use",$K45)/1000000 -> 874 | M45: =GETPIVOTDATA("Total",$K$4,"Year",$L$33,"Month",M$34,"Product_use",$K45)/1000000 -> 1301 | N45: =GETPIVOTDATA("Total",$K$4,"Year",$L$33,"Month",N$34,"Product_use",$K45)/1000000 -> 2034 | O45: =GETPIVOTDATA("Total",$K$4,"Year",$L$33,"Month",O$34,"Product_use",$K45)/1000000 -> 1527 | P45: =GETPIVOTDATA("Total",$K$4,"Year",$L$33,"Month",P$34,"Product_use",$K45)/1000000 -> 954 | Q45: =GETPIVOTDATA("Total",$K$4,"Year",$L$33,"Month",Q$34,"Product_use",$K45)/1000000 -> 536 | R45: =GETPIVOTDATA("Total",$K$4,"Year",$L$33,"Month",R$34,"Product_use",$K45)/1000000 -> 894 | S45: =GETPIVOTDATA("Total",$K$4,"Year",$L$33,"Month",S$34,"Product_use",$K45)/1000000 -> 1104 | ... W45: =GETPIVOTDATA("Total",$K$4,"Year",$L$33,"Month",W$34,"Product_use",$K45)/1000000 -> 1270 | X45: =GETPIVOTDATA("Total",$K$4,"Year",2026,"Month",X$34,"Product_use",$K45)/10^6 -> 1439 | Y45: =GETPIVOTDATA("Total",$K$4,"Year",2026,"Month",Y$34,"Product_use",$K45)/10^6 -> 1267 | Z45: =GETPIVOTDATA("Total",$K$4,"Year",2026,"Month",Z$34,"Product_use",$K45)/10^6 -> 1666 | AF45: [VDS] - Cashloan LP
A46: 45298 | B46: =YEAR(source[[#This Row],[report_date]]) -> 2024 | C46: 1 | D46: =WEEKNUM(A46,2) -> 1 | E46: =DAY(A46) -> 7 | F46: [VDS] - Payroll Cashloan | G46: =VLOOKUP(source[[#This Row],[lending_product_transform]],[3]Mapping!$B$4:$C$37,2,0) -> [VDS] - Payroll Cashloan | H46: =VLOOKUP(source[[#This Row],[lending_product_transform]],[3]Mapping!$B$3:$D$37,3,0) -> cashloan | I46: 29400000 | K46: [VNPAY] - Paylater | L46: =GETPIVOTDATA("Total",$K$4,"Year",$L$33,"Month",L$34,"Product_use",$K46)/1000000 -> 7448.4859 | M46: =GETPIVOTDATA("Total",$K$4,"Year",$L$33,"Month",M$34,"Product_use",$K46)/1000000 -> 9709.4289 | N46: =GETPIVOTDATA("Total",$K$4,"Year",$L$33,"Month",N$34,"Product_use",$K46)/1000000 -> 13499.051 | O46: =GETPIVOTDATA("Total",$K$4,"Year",$L$33,"Month",O$34,"Product_use",$K46)/1000000 -> 14044.417 | P46: =GETPIVOTDATA("Total",$K$4,"Year",$L$33,"Month",P$34,"Product_use",$K46)/1000000 -> 16577.278 | Q46: =GETPIVOTDATA("Total",$K$4,"Year",$L$33,"Month",Q$34,"Product_use",$K46)/1000000 -> 17622.441 | R46: =GETPIVOTDATA("Total",$K$4,"Year",$L$33,"Month",R$34,"Product_use",$K46)/1000000 -> 17881.303 | S46: =GETPIVOTDATA("Total",$K$4,"Year",$L$33,"Month",S$34,"Product_use",$K46)/1000000 -> 16244.325 | ... W46: =GETPIVOTDATA("Total",$K$4,"Year",$L$33,"Month",W$34,"Product_use",$K46)/1000000 -> 16799.812 | X46: =GETPIVOTDATA("Total",$K$4,"Year",2026,"Month",X$34,"Product_use",$K46)/10^6 -> 16072.046 | Y46: =GETPIVOTDATA("Total",$K$4,"Year",2026,"Month",Y$34,"Product_use",$K46)/10^6 -> 13685.016 | Z46: =GETPIVOTDATA("Total",$K$4,"Year",2026,"Month",Z$34,"Product_use",$K46)/10^6 -> 15025.105 | AF46: [VDS] - Payday
... A50: 45298 | B50: =YEAR(source[[#This Row],[report_date]]) -> 2024 | C50: 1 | D50: =WEEKNUM(A50,2) -> 1 | E50: =DAY(A50) -> 7 | F50: [Cake] - Overdraft | G50: =VLOOKUP(source[[#This Row],[lending_product_transform]],[3]Mapping!$B$4:$C$37,2,0) -> [Cake] - Overdraft | H50: =VLOOKUP(source[[#This Row],[lending_product_transform]],[3]Mapping!$B$3:$D$37,3,0) -> overdraft | I50: 1568934937 | K50: [VNPOST] - Cashloan | L50: =GETPIVOTDATA("Total",$K$4,"Year",$L$33,"Month",L$34,"Product_use",$K50)/1000000 -> 0 | M50: =GETPIVOTDATA("Total",$K$4,"Year",$L$33,"Month",M$34,"Product_use",$K50)/1000000 -> 0 | N50: =GETPIVOTDATA("Total",$K$4,"Year",$L$33,"Month",N$34,"Product_use",$K50)/1000000 -> 10 | O50: =GETPIVOTDATA("Total",$K$4,"Year",$L$33,"Month",O$34,"Product_use",$K50)/1000000 -> 18.9 | P50: =GETPIVOTDATA("Total",$K$4,"Year",$L$33,"Month",P$34,"Product_use",$K50)/1000000 -> 78.1 | Q50: =GETPIVOTDATA("Total",$K$4,"Year",$L$33,"Month",Q$34,"Product_use",$K50)/1000000 -> 595.05 | R50: =GETPIVOTDATA("Total",$K$4,"Year",$L$33,"Month",R$34,"Product_use",$K50)/1000000 -> 606.8 | S50: =GETPIVOTDATA("Total",$K$4,"Year",$L$33,"Month",S$34,"Product_use",$K50)/1000000 -> 611.45 | ... W50: =GETPIVOTDATA("Total",$K$4,"Year",$L$33,"Month",W$34,"Product_use",$K50)/1000000 -> 17538.45 | X50: =GETPIVOTDATA("Total",$K$4,"Year",2026,"Month",X$34,"Product_use",$K50)/10^6 -> 7624.15 | Y50: =GETPIVOTDATA("Total",$K$4,"Year",2026,"Month",Y$34,"Product_use",$K50)/10^6 -> 2500.02 | Z50: =GETPIVOTDATA("Total",$K$4,"Year",2026,"Month",Z$34,"Product_use",$K50)/10^6 -> 2484.25 | AF50: [VNPAY] - Cashloan
A51: 45298 | B51: =YEAR(source[[#This Row],[report_date]]) -> 2024 | C51: 1 | D51: =WEEKNUM(A51,2) -> 1 | E51: =DAY(A51) -> 7 | F51: [VDS] - Payroll Payday | G51: =VLOOKUP(source[[#This Row],[lending_product_transform]],[3]Mapping!$B$4:$C$37,2,0) -> [VDS] - Payroll Payday | H51: =VLOOKUP(source[[#This Row],[lending_product_transform]],[3]Mapping!$B$3:$D$37,3,0) -> payday | I51: 33000000 | K51: [MWG] - Paylater | L51: =GETPIVOTDATA("Total",$K$4,"Year",$L$33,"Month",L$34,"Product_use",$K51)/1000000 -> 0.1 | M51: =GETPIVOTDATA("Total",$K$4,"Year",$L$33,"Month",M$34,"Product_use",$K51)/1000000 -> 9612.72 | N51: =GETPIVOTDATA("Total",$K$4,"Year",$L$33,"Month",N$34,"Product_use",$K51)/1000000 -> 2.65 | O51: =GETPIVOTDATA("Total",$K$4,"Year",$L$33,"Month",O$34,"Product_use",$K51)/1000000 -> 0 | P51: =GETPIVOTDATA("Total",$K$4,"Year",$L$33,"Month",P$34,"Product_use",$K51)/1000000 -> 23.667 | Q51: =GETPIVOTDATA("Total",$K$4,"Year",$L$33,"Month",Q$34,"Product_use",$K51)/1000000 -> 4117.6304 | R51: =GETPIVOTDATA("Total",$K$4,"Year",$L$33,"Month",R$34,"Product_use",$K51)/1000000 -> 8932.5597 | S51: =GETPIVOTDATA("Total",$K$4,"Year",$L$33,"Month",S$34,"Product_use",$K51)/1000000 -> 12586.883 | ... W51: =GETPIVOTDATA("Total",$K$4,"Year",$L$33,"Month",W$34,"Product_use",$K51)/1000000 -> 30796.576 | X51: =GETPIVOTDATA("Total",$K$4,"Year",2026,"Month",X$34,"Product_use",$K51)/10^6 -> 45434.908 | Y51: =GETPIVOTDATA("Total",$K$4,"Year",2026,"Month",Y$34,"Product_use",$K51)/10^6 -> 42796.229 | Z51: =GETPIVOTDATA("Total",$K$4,"Year",2026,"Month",Z$34,"Product_use",$K51)/10^6 -> 36249.366 | AB51: =Z51-AA52 -> 36249.366 | AF51: [VNPAY] - Payday
A52: 45299 | B52: =YEAR(source[[#This Row],[report_date]]) -> 2024 | C52: 1 | D52: =WEEKNUM(A52,2) -> 2 | E52: =DAY(A52) -> 8 | F52: [VDS] - Payday | G52: =VLOOKUP(source[[#This Row],[lending_product_transform]],[3]Mapping!$B$4:$C$37,2,0) -> [VDS] - Payday | H52: =VLOOKUP(source[[#This Row],[lending_product_transform]],[3]Mapping!$B$3:$D$37,3,0) -> payday | I52: 1285000000 | K52: [ZLP] - Cashloan | L52: =GETPIVOTDATA("Total",$K$4,"Year",$L$33,"Month",L$34,"Product_use",$K52)/1000000 -> 0 | M52: =GETPIVOTDATA("Total",$K$4,"Year",$L$33,"Month",M$34,"Product_use",$K52)/1000000 -> 0 | N52: =GETPIVOTDATA("Total",$K$4,"Year",$L$33,"Month",N$34,"Product_use",$K52)/1000000 -> 20.33 | O52: =GETPIVOTDATA("Total",$K$4,"Year",$L$33,"Month",O$34,"Product_use",$K52)/1000000 -> 0 | P52: =GETPIVOTDATA("Total",$K$4,"Year",$L$33,"Month",P$34,"Product_use",$K52)/1000000 -> 29177 | Q52: =GETPIVOTDATA("Total",$K$4,"Year",$L$33,"Month",Q$34,"Product_use",$K52)/1000000 -> 47654.46 | R52: =GETPIVOTDATA("Total",$K$4,"Year",$L$33,"Month",R$34,"Product_use",$K52)/1000000 -> 87997.15 | S52: =GETPIVOTDATA("Total",$K$4,"Year",$L$33,"Month",S$34,"Product_use",$K52)/1000000 -> 83818.31 | ... W52: =GETPIVOTDATA("Total",$K$4,"Year",$L$33,"Month",W$34,"Product_use",$K52)/1000000 -> 117580.89 | X52: =GETPIVOTDATA("Total",$K$4,"Year",2026,"Month",X$34,"Product_use",$K52)/10^6 -> 109227.73 | Y52: =GETPIVOTDATA("Total",$K$4,"Year",2026,"Month",Y$34,"Product_use",$K52)/10^6 -> 79426.75 | Z52: =GETPIVOTDATA("Total",$K$4,"Year",2026,"Month",Z$34,"Product_use",$K52)/10^6 -> 93530.31 | AF52: [VNPAY] - Paylater
A53: 45299 | B53: =YEAR(source[[#This Row],[report_date]]) -> 2024 | C53: 1 | D53: =WEEKNUM(A53,2) -> 2 | E53: =DAY(A53) -> 8 | F53: All | G53: =VLOOKUP(source[[#This Row],[lending_product_transform]],[3]Mapping!$B$4:$C$37,2,0) -> 0 | H53: =VLOOKUP(source[[#This Row],[lending_product_transform]],[3]Mapping!$B$3:$D$37,3,0) -> 0 | I53: 8024473205 | K53: [Cake] - Payday | L53: =GETPIVOTDATA("Total",$K$4,"Year",$L$33,"Month",L$34,"Product_use",$K53)/1000000 -> 0 | M53: =GETPIVOTDATA("Total",$K$4,"Year",$L$33,"Month",M$34,"Product_use",$K53)/1000000 -> 0 | N53: =GETPIVOTDATA("Total",$K$4,"Year",$L$33,"Month",N$34,"Product_use",$K53)/1000000 -> 0 | O53: =GETPIVOTDATA("Total",$K$4,"Year",$L$33,"Month",O$34,"Product_use",$K53)/1000000 -> 0 | P53: =GETPIVOTDATA("Total",$K$4,"Year",$L$33,"Month",P$34,"Product_use",$K53)/1000000 -> 0 | Q53: =GETPIVOTDATA("Total",$K$4,"Year",$L$33,"Month",Q$34,"Product_use",$K53)/1000000 -> 0 | R53: =GETPIVOTDATA("Total",$K$4,"Year",$L$33,"Month",R$34,"Product_use",$K53)/1000000 -> 54666.36 | S53: =GETPIVOTDATA("Total",$K$4,"Year",$L$33,"Month",S$34,"Product_use",$K53)/1000000 -> 124745.62 | ... W53: =GETPIVOTDATA("Total",$K$4,"Year",$L$33,"Month",W$34,"Product_use",$K53)/1000000 -> 384586.92 | X53: =GETPIVOTDATA("Total",$K$4,"Year",2026,"Month",X$34,"Product_use",$K53)/10^6 -> 432076.36 | Y53: =GETPIVOTDATA("Total",$K$4,"Year",2026,"Month",Y$34,"Product_use",$K53)/10^6 -> 344144.16 | Z53: =GETPIVOTDATA("Total",$K$4,"Year",2026,"Month",Z$34,"Product_use",$K53)/10^6 -> 422658.86 | AF53: [VNPOST] - Cashloan
A54: 45299 | B54: =YEAR(source[[#This Row],[report_date]]) -> 2024 | C54: 1 | D54: =WEEKNUM(A54,2) -> 2 | E54: =DAY(A54) -> 8 | F54: [VDS] - Payroll Cashloan | G54: =VLOOKUP(source[[#This Row],[lending_product_transform]],[3]Mapping!$B$4:$C$37,2,0) -> [VDS] - Payroll Cashloan | H54: =VLOOKUP(source[[#This Row],[lending_product_transform]],[3]Mapping!$B$3:$D$37,3,0) -> cashloan | I54: 15750000 | K54: [VNPAY] - Payday | L54: =GETPIVOTDATA("Total",$K$4,"Year",$L$33,"Month",L$34,"Product_use",$K54)/1000000 -> 0 | M54: =GETPIVOTDATA("Total",$K$4,"Year",$L$33,"Month",M$34,"Product_use",$K54)/1000000 -> 0 | N54: =GETPIVOTDATA("Total",$K$4,"Year",$L$33,"Month",N$34,"Product_use",$K54)/1000000 -> 0 | O54: =GETPIVOTDATA("Total",$K$4,"Year",$L$33,"Month",O$34,"Product_use",$K54)/1000000 -> 0 | P54: =GETPIVOTDATA("Total",$K$4,"Year",$L$33,"Month",P$34,"Product_use",$K54)/1000000 -> 0 | Q54: =GETPIVOTDATA("Total",$K$4,"Year",$L$33,"Month",Q$34,"Product_use",$K54)/1000000 -> 0 | R54: =GETPIVOTDATA("Total",$K$4,"Year",$L$33,"Month",R$34,"Product_use",$K54)/1000000 -> 0 | S54: =GETPIVOTDATA("Total",$K$4,"Year",$L$33,"Month",S$34,"Product_use",$K54)/1000000 -> 0 | ... W54: =GETPIVOTDATA("Total",$K$4,"Year",$L$33,"Month",W$34,"Product_use",$K54)/1000000 -> 9082.26 | X54: =GETPIVOTDATA("Total",$K$4,"Year",2026,"Month",X$34,"Product_use",$K54)/10^6 -> 10493.388 | Y54: =GETPIVOTDATA("Total",$K$4,"Year",2026,"Month",Y$34,"Product_use",$K54)/10^6 -> 8188.128 | Z54: =GETPIVOTDATA("Total",$K$4,"Year",2026,"Month",Z$34,"Product_use",$K54)/10^6 -> 9678.096 | AF54: [ZLP] - Cashloan
A55: 45299 | B55: =YEAR(source[[#This Row],[report_date]]) -> 2024 | C55: 1 | D55: =WEEKNUM(A55,2) -> 2 | E55: =DAY(A55) -> 8 | F55: [VDS] - Cashloan | G55: =VLOOKUP(source[[#This Row],[lending_product_transform]],[3]Mapping!$B$4:$C$37,2,0) -> [VDS] - Cashloan | H55: =VLOOKUP(source[[#This Row],[lending_product_transform]],[3]Mapping!$B$3:$D$37,3,0) -> cashloan | I55: 4071250000 | K55: [ZLP] - Payday | L55: =GETPIVOTDATA("Total",$K$4,"Year",$L$33,"Month",L$34,"Product_use",$K55)/1000000 -> 0 | M55: =GETPIVOTDATA("Total",$K$4,"Year",$L$33,"Month",M$34,"Product_use",$K55)/1000000 -> 0 | N55: =GETPIVOTDATA("Total",$K$4,"Year",$L$33,"Month",N$34,"Product_use",$K55)/1000000 -> 0 | O55: =GETPIVOTDATA("Total",$K$4,"Year",$L$33,"Month",O$34,"Product_use",$K55)/1000000 -> 0 | P55: =GETPIVOTDATA("Total",$K$4,"Year",$L$33,"Month",P$34,"Product_use",$K55)/1000000 -> 0 | Q55: =GETPIVOTDATA("Total",$K$4,"Year",$L$33,"Month",Q$34,"Product_use",$K55)/1000000 -> 0 | R55: =GETPIVOTDATA("Total",$K$4,"Year",$L$33,"Month",R$34,"Product_use",$K55)/1000000 -> 0 | S55: =GETPIVOTDATA("Total",$K$4,"Year",$L$33,"Month",S$34,"Product_use",$K55)/1000000 -> 0 | ... W55: =GETPIVOTDATA("Total",$K$4,"Year",$L$33,"Month",W$34,"Product_use",$K55)/1000000 -> 10.8 | X55: =GETPIVOTDATA("Total",$K$4,"Year",2026,"Month",X$34,"Product_use",$K55)/10^6 -> 13141 | Y55: =GETPIVOTDATA("Total",$K$4,"Year",2026,"Month",Y$34,"Product_use",$K55)/10^6 -> 12785.92 | Z55: =GETPIVOTDATA("Total",$K$4,"Year",2026,"Month",Z$34,"Product_use",$K55)/10^6 -> 5717.952
A56: 45299 | B56: =YEAR(source[[#This Row],[report_date]]) -> 2024 | C56: 1 | D56: =WEEKNUM(A56,2) -> 2 | E56: =DAY(A56) -> 8 | F56: [VDS] - Payroll Payday | G56: =VLOOKUP(source[[#This Row],[lending_product_transform]],[3]Mapping!$B$4:$C$37,2,0) -> [VDS] - Payroll Payday | H56: =VLOOKUP(source[[#This Row],[lending_product_transform]],[3]Mapping!$B$3:$D$37,3,0) -> payday | I56: 36000000 | K56: [MISA] - Cashloan | L56: =GETPIVOTDATA("Total",$K$4,"Year",$L$33,"Month",L$34,"Product_use",$K56)/1000000 -> 0 | M56: =GETPIVOTDATA("Total",$K$4,"Year",$L$33,"Month",M$34,"Product_use",$K56)/1000000 -> 0 | N56: =GETPIVOTDATA("Total",$K$4,"Year",$L$33,"Month",N$34,"Product_use",$K56)/1000000 -> 0 | O56: =GETPIVOTDATA("Total",$K$4,"Year",$L$33,"Month",O$34,"Product_use",$K56)/1000000 -> 0 | P56: =GETPIVOTDATA("Total",$K$4,"Year",$L$33,"Month",P$34,"Product_use",$K56)/1000000 -> 0 | Q56: =GETPIVOTDATA("Total",$K$4,"Year",$L$33,"Month",Q$34,"Product_use",$K56)/1000000 -> 0 | R56: =GETPIVOTDATA("Total",$K$4,"Year",$L$33,"Month",R$34,"Product_use",$K56)/1000000 -> 0 | S56: =GETPIVOTDATA("Total",$K$4,"Year",$L$33,"Month",S$34,"Product_use",$K56)/1000000 -> 0 | ... W56: =GETPIVOTDATA("Total",$K$4,"Year",$L$33,"Month",W$34,"Product_use",$K56)/1000000 -> 640 | X56: =GETPIVOTDATA("Total",$K$4,"Year",2026,"Month",X$34,"Product_use",$K56)/10^6 -> 936 | Y56: =GETPIVOTDATA("Total",$K$4,"Year",2026,"Month",Y$34,"Product_use",$K56)/10^6 -> 619 | Z56: =GETPIVOTDATA("Total",$K$4,"Year",2026,"Month",Z$34,"Product_use",$K56)/10^6 -> 1342
A57: 45299 | B57: =YEAR(source[[#This Row],[report_date]]) -> 2024 | C57: 1 | D57: =WEEKNUM(A57,2) -> 2 | E57: =DAY(A57) -> 8 | F57: [BE] - Cashloan | G57: =VLOOKUP(source[[#This Row],[lending_product_transform]],[3]Mapping!$B$4:$C$37,2,0) -> [BE] - Cashloan | H57: =VLOOKUP(source[[#This Row],[lending_product_transform]],[3]Mapping!$B$3:$D$37,3,0) -> cashloan | I57: 217350000 | K57: Total | L57: =SUM(L35:L56) -> 631570.36 | M57: =SUM(M35:M56) -> 532086.84 | N57: =SUM(N35:N56) -> 716597.67 | O57: =SUM(O35:O56) -> 830767.11 | P57: =SUM(P35:P56) -> 877642.74 | Q57: =SUM(Q35:Q56) -> 966595.44 | R57: =SUM(R35:R56) -> 1316244.1 | S57: =SUM(S35:S56) -> 1305217.3 | ... Z57: =SUM(Z35:Z56) -> 2069586.8
A58: 45299 | B58: =YEAR(source[[#This Row],[report_date]]) -> 2024 | C58: 1 | D58: =WEEKNUM(A58,2) -> 2 | E58: =DAY(A58) -> 8 | F58: [Cake] - Overdraft | G58: =VLOOKUP(source[[#This Row],[lending_product_transform]],[3]Mapping!$B$4:$C$37,2,0) -> [Cake] - Overdraft | H58: =VLOOKUP(source[[#This Row],[lending_product_transform]],[3]Mapping!$B$3:$D$37,3,0) -> overdraft | I58: 2399123205 | L58: =L57=L29/1000000 -> TRUE | M58: =M57=M29/1000000 -> TRUE | N58: =N57=N29/1000000 -> TRUE | O58: =O57=O29/1000000 -> TRUE | P58: =P57=P29/1000000 -> TRUE | Q58: =Q57=Q29/1000000 -> TRUE | R58: =R57=R29/1000000 -> TRUE | S58: =S57=S29/1000000 -> TRUE | ... W58: =W57=W29/1000000 -> TRUE | X58: =X57=Y29/1000000 -> TRUE | Y58: =Y57=Z29/1000000 -> TRUE | Z58: =Z57=AA29/1000000 -> TRUE
A59: 45300 | B59: =YEAR(source[[#This Row],[report_date]]) -> 2024 | C59: 1 | D59: =WEEKNUM(A59,2) -> 2 | E59: =DAY(A59) -> 9 | F59: All | G59: =VLOOKUP(source[[#This Row],[lending_product_transform]],[3]Mapping!$B$4:$C$37,2,0) -> 0 | H59: =VLOOKUP(source[[#This Row],[lending_product_transform]],[3]Mapping!$B$3:$D$37,3,0) -> 0 | I59: 7322937922 | K59: CL PD
A60: 45300 | B60: =YEAR(source[[#This Row],[report_date]]) -> 2024 | C60: 1 | D60: =WEEKNUM(A60,2) -> 2 | E60: =DAY(A60) -> 9 | F60: [VDS] - Payroll Payday | G60: =VLOOKUP(source[[#This Row],[lending_product_transform]],[3]Mapping!$B$4:$C$37,2,0) -> [VDS] - Payroll Payday | H60: =VLOOKUP(source[[#This Row],[lending_product_transform]],[3]Mapping!$B$3:$D$37,3,0) -> payday | I60: 4000000 | K60: Sum of Total | L60: Column Labels
A61: 45300 | B61: =YEAR(source[[#This Row],[report_date]]) -> 2024 | C61: 1 | D61: =WEEKNUM(A61,2) -> 2 | E61: =DAY(A61) -> 9 | F61: [VDS] - Cashloan | G61: =VLOOKUP(source[[#This Row],[lending_product_transform]],[3]Mapping!$B$4:$C$37,2,0) -> [VDS] - Cashloan | H61: =VLOOKUP(source[[#This Row],[lending_product_transform]],[3]Mapping!$B$3:$D$37,3,0) -> cashloan | I61: 3581800000 | L61: 2025 | X61: 2,025 Total | Y61: Grand Total
A62: 45300 | B62: =YEAR(source[[#This Row],[report_date]]) -> 2024 | C62: 1 | D62: =WEEKNUM(A62,2) -> 2 | E62: =DAY(A62) -> 9 | F62: [Cake] - Overdraft | G62: =VLOOKUP(source[[#This Row],[lending_product_transform]],[3]Mapping!$B$4:$C$37,2,0) -> [Cake] - Overdraft | H62: =VLOOKUP(source[[#This Row],[lending_product_transform]],[3]Mapping!$B$3:$D$37,3,0) -> overdraft | I62: 2129037922 | K62: Row Labels | L62: 1 | M62: 2 | N62: 3 | O62: 4 | P62: 5 | Q62: 6 | R62: 7 | S62: 8 | T62: 9 | U62: 10 | V62: 11 | W62: 12
A63: 45300 | B63: =YEAR(source[[#This Row],[report_date]]) -> 2024 | C63: 1 | D63: =WEEKNUM(A63,2) -> 2 | E63: =DAY(A63) -> 9 | F63: [VDS] - Payday | G63: =VLOOKUP(source[[#This Row],[lending_product_transform]],[3]Mapping!$B$4:$C$37,2,0) -> [VDS] - Payday | H63: =VLOOKUP(source[[#This Row],[lending_product_transform]],[3]Mapping!$B$3:$D$37,3,0) -> payday | I63: 1260500000 | K63: cashloan | L63: 357049950000 | M63: 266708210000 | N63: 412651920000 | O63: 519905010000 | P63: 553555290000 | Q63: 640594980000 | R63: 913801540000 | S63: 847454320000 | T63: 1159826780000 | U63: 1240752810000 | V63: 1332395440000 | W63: 1364734480000 | X63: 9609430730000 | Y63: 9609430730000
A64: 45300 | B64: =YEAR(source[[#This Row],[report_date]]) -> 2024 | C64: 1 | D64: =WEEKNUM(A64,2) -> 2 | E64: =DAY(A64) -> 9 | F64: [VDS] - Payroll Cashloan | G64: =VLOOKUP(source[[#This Row],[lending_product_transform]],[3]Mapping!$B$4:$C$37,2,0) -> [VDS] - Payroll Cashloan | H64: =VLOOKUP(source[[#This Row],[lending_product_transform]],[3]Mapping!$B$3:$D$37,3,0) -> cashloan | I64: 63050000 | K64: overdraft | L64: 109061423275 | M64: 95253172206 | N64: 112073329818 | O64: 114487336129 | P64: 119537601659 | Q64: 118759501319 | R64: 118080713257 | S64: 97304269148 | T64: 86259163136 | U64: 84239414747 | V64: 73074848767 | W64: 71004297401 | X64: 1199135070862 | Y64: 1199135070862
A65: 45300 | B65: =YEAR(source[[#This Row],[report_date]]) -> 2024 | C65: 1 | D65: =WEEKNUM(A65,2) -> 2 | E65: =DAY(A65) -> 9 | F65: [BE] - Cashloan | G65: =VLOOKUP(source[[#This Row],[lending_product_transform]],[3]Mapping!$B$4:$C$37,2,0) -> [BE] - Cashloan | H65: =VLOOKUP(source[[#This Row],[lending_product_transform]],[3]Mapping!$B$3:$D$37,3,0) -> cashloan | I65: 284550000 | K65: payday | L65: 141375000000 | M65: 133485000000 | N65: 158845500000 | O65: 163797828000 | P65: 167858172000 | Q65: 164604632000 | R65: 236663940000 | S65: 314000196000 | T65: 468373996000 | U65: 591280340000 | V65: 571630220000 | W65: 699210716000 | X65: 3811125540000 | Y65: 3811125540000
A66: 45301 | B66: =YEAR(source[[#This Row],[report_date]]) -> 2024 | C66: 1 | D66: =WEEKNUM(A66,2) -> 2 | E66: =DAY(A66) -> 10 | F66: [BE] - Cashloan | G66: =VLOOKUP(source[[#This Row],[lending_product_transform]],[3]Mapping!$B$4:$C$37,2,0) -> [BE] - Cashloan | H66: =VLOOKUP(source[[#This Row],[lending_product_transform]],[3]Mapping!$B$3:$D$37,3,0) -> cashloan | I66: 339150000 | K66: Grand Total | L66: 607486373275 | M66: 495446382206 | N66: 683570749818 | O66: 798190174129 | P66: 840951063659 | Q66: 923959113319 | R66: 1268546193257 | S66: 1258758785148 | T66: 1714459939136 | U66: 1916272564747 | V66: 1977100508767 | W66: 2134949493401 | X66: 14619691340862 | Y66: 14619691340862
A67: 45301 | B67: =YEAR(source[[#This Row],[report_date]]) -> 2024 | C67: 1 | D67: =WEEKNUM(A67,2) -> 2 | E67: =DAY(A67) -> 10 | F67: [VDS] - Payday | G67: =VLOOKUP(source[[#This Row],[lending_product_transform]],[3]Mapping!$B$4:$C$37,2,0) -> [VDS] - Payday | H67: =VLOOKUP(source[[#This Row],[lending_product_transform]],[3]Mapping!$B$3:$D$37,3,0) -> payday | I67: 1513500000 | W67: =W66/1000000 -> 2134949.5 | Y67: =Y66/1000000 -> 14619691 | Z67: =Z66/1000000 -> 0 | AA67: =AA66/1000000 -> 0 | AB67: =AB66/1000000 -> 0 | AC67: =AC66/1000000 -> 0 | AD67: =AD66/1000000 -> 0 | AE67: =AE66/1000000 -> 0
A68: 45301 | B68: =YEAR(source[[#This Row],[report_date]]) -> 2024 | C68: 1 | D68: =WEEKNUM(A68,2) -> 2 | E68: =DAY(A68) -> 10 | F68: [VDS] - Payroll Cashloan | G68: =VLOOKUP(source[[#This Row],[lending_product_transform]],[3]Mapping!$B$4:$C$37,2,0) -> [VDS] - Payroll Cashloan | H68: =VLOOKUP(source[[#This Row],[lending_product_transform]],[3]Mapping!$B$3:$D$37,3,0) -> cashloan | I68: 0
A69: 45301 | B69: =YEAR(source[[#This Row],[report_date]]) -> 2024 | C69: 1 | D69: =WEEKNUM(A69,2) -> 2 | E69: =DAY(A69) -> 10 | F69: [VDS] - Cashloan | G69: =VLOOKUP(source[[#This Row],[lending_product_transform]],[3]Mapping!$B$4:$C$37,2,0) -> [VDS] - Cashloan | H69: =VLOOKUP(source[[#This Row],[lending_product_transform]],[3]Mapping!$B$3:$D$37,3,0) -> cashloan | I69: 3518400000
A70: 45301 | B70: =YEAR(source[[#This Row],[report_date]]) -> 2024 | C70: 1 | D70: =WEEKNUM(A70,2) -> 2 | E70: =DAY(A70) -> 10 | F70: [Cake] - Overdraft | G70: =VLOOKUP(source[[#This Row],[lending_product_transform]],[3]Mapping!$B$4:$C$37,2,0) -> [Cake] - Overdraft | H70: =VLOOKUP(source[[#This Row],[lending_product_transform]],[3]Mapping!$B$3:$D$37,3,0) -> overdraft | I70: 2300205804 | K70: Paylater
A71: 45301 | B71: =YEAR(source[[#This Row],[report_date]]) -> 2024 | C71: 1 | D71: =WEEKNUM(A71,2) -> 2 | E71: =DAY(A71) -> 10 | F71: All | G71: =VLOOKUP(source[[#This Row],[lending_product_transform]],[3]Mapping!$B$4:$C$37,2,0) -> 0 | H71: =VLOOKUP(source[[#This Row],[lending_product_transform]],[3]Mapping!$B$3:$D$37,3,0) -> 0 | I71: 7703255804 | K71: Sum of Total | L71: Column Labels
A72: 45301 | B72: =YEAR(source[[#This Row],[report_date]]) -> 2024 | C72: 1 | D72: =WEEKNUM(A72,2) -> 2 | E72: =DAY(A72) -> 10 | F72: [VDS] - Payroll Payday | G72: =VLOOKUP(source[[#This Row],[lending_product_transform]],[3]Mapping!$B$4:$C$37,2,0) -> [VDS] - Payroll Payday | H72: =VLOOKUP(source[[#This Row],[lending_product_transform]],[3]Mapping!$B$3:$D$37,3,0) -> payday | I72: 32000000 | L72: 2025 | X72: 2,025 Total | Y72: Grand Total
A73: 45302 | B73: =YEAR(source[[#This Row],[report_date]]) -> 2024 | C73: 1 | D73: =WEEKNUM(A73,2) -> 2 | E73: =DAY(A73) -> 11 | F73: All | G73: =VLOOKUP(source[[#This Row],[lending_product_transform]],[3]Mapping!$B$4:$C$37,2,0) -> 0 | H73: =VLOOKUP(source[[#This Row],[lending_product_transform]],[3]Mapping!$B$3:$D$37,3,0) -> 0 | I73: 6113037614 | K73: Row Labels | L73: 1 | M73: 2 | N73: 3 | O73: 4 | P73: 5 | Q73: 6 | R73: 7 | S73: 8 | T73: 9 | U73: 10 | V73: 11 | W73: 12
A74: 45302 | B74: =YEAR(source[[#This Row],[report_date]]) -> 2024 | C74: 1 | D74: =WEEKNUM(A74,2) -> 2 | E74: =DAY(A74) -> 11 | F74: [VDS] - Cashloan | G74: =VLOOKUP(source[[#This Row],[lending_product_transform]],[3]Mapping!$B$4:$C$37,2,0) -> [VDS] - Cashloan | H74: =VLOOKUP(source[[#This Row],[lending_product_transform]],[3]Mapping!$B$3:$D$37,3,0) -> cashloan | I74: 2634900000 | K74: paylater | L74: 24083991478 | M74: 36640461414 | N74: 33026916150 | O74: 32576933247 | P74: 36691678943 | Q74: 42636327082 | R74: 47697893461 | S74: 46458510856 | T74: 45608394883 | U74: 55517696253 | V74: 64888504208 | W74: 67292993382 | X74: 533120301357 | Y74: 533120301357
A75: 45302 | B75: =YEAR(source[[#This Row],[report_date]]) -> 2024 | C75: 1 | D75: =WEEKNUM(A75,2) -> 2 | E75: =DAY(A75) -> 11 | F75: [Cake] - Overdraft | G75: =VLOOKUP(source[[#This Row],[lending_product_transform]],[3]Mapping!$B$4:$C$37,2,0) -> [Cake] - Overdraft | H75: =VLOOKUP(source[[#This Row],[lending_product_transform]],[3]Mapping!$B$3:$D$37,3,0) -> overdraft | I75: 1751887614 | K75: Grand Total | L75: 24083991478 | M75: 36640461414 | N75: 33026916150 | O75: 32576933247 | P75: 36691678943 | Q75: 42636327082 | R75: 47697893461 | S75: 46458510856 | T75: 45608394883 | U75: 55517696253 | V75: 64888504208 | W75: 67292993382 | X75: 533120301357 | Y75: 533120301357
A76: 45302 | B76: =YEAR(source[[#This Row],[report_date]]) -> 2024 | C76: 1 | D76: =WEEKNUM(A76,2) -> 2 | E76: =DAY(A76) -> 11 | F76: [VDS] - Payday | G76: =VLOOKUP(source[[#This Row],[lending_product_transform]],[3]Mapping!$B$4:$C$37,2,0) -> [VDS] - Payday | H76: =VLOOKUP(source[[#This Row],[lending_product_transform]],[3]Mapping!$B$3:$D$37,3,0) -> payday | I76: 1433000000 | AC76: =AC75/1000000 -> 0
A77: 45302 | B77: =YEAR(source[[#This Row],[report_date]]) -> 2024 | C77: 1 | D77: =WEEKNUM(A77,2) -> 2 | E77: =DAY(A77) -> 11 | F77: [BE] - Cashloan | G77: =VLOOKUP(source[[#This Row],[lending_product_transform]],[3]Mapping!$B$4:$C$37,2,0) -> [BE] - Cashloan | H77: =VLOOKUP(source[[#This Row],[lending_product_transform]],[3]Mapping!$B$3:$D$37,3,0) -> cashloan | I77: 257250000 | AC77: =AC76+AE67=AD56 -> TRUE
A78: 45302 | B78: =YEAR(source[[#This Row],[report_date]]) -> 2024 | C78: 1 | D78: =WEEKNUM(A78,2) -> 2 | E78: =DAY(A78) -> 11 | F78: [VDS] - Payroll Cashloan | G78: =VLOOKUP(source[[#This Row],[lending_product_transform]],[3]Mapping!$B$4:$C$37,2,0) -> [VDS] - Payroll Cashloan | H78: =VLOOKUP(source[[#This Row],[lending_product_transform]],[3]Mapping!$B$3:$D$37,3,0) -> cashloan | I78: 21000000 | AC78: =AC76-'[3]2. Weekly Forecast - Paylater'!M42 -> -55517.696
A79: 45302 | B79: =YEAR(source[[#This Row],[report_date]]) -> 2024 | C79: 1 | D79: =WEEKNUM(A79,2) -> 2 | E79: =DAY(A79) -> 11 | F79: [VDS] - Payroll Payday | G79: =VLOOKUP(source[[#This Row],[lending_product_transform]],[3]Mapping!$B$4:$C$37,2,0) -> [VDS] - Payroll Payday | H79: =VLOOKUP(source[[#This Row],[lending_product_transform]],[3]Mapping!$B$3:$D$37,3,0) -> payday | I79: 15000000
A80: 45303 | B80: =YEAR(source[[#This Row],[report_date]]) -> 2024 | C80: 1 | D80: =WEEKNUM(A80,2) -> 2 | E80: =DAY(A80) -> 12 | F80: [BE] - Cashloan | G80: =VLOOKUP(source[[#This Row],[lending_product_transform]],[3]Mapping!$B$4:$C$37,2,0) -> [BE] - Cashloan | H80: =VLOOKUP(source[[#This Row],[lending_product_transform]],[3]Mapping!$B$3:$D$37,3,0) -> cashloan | I80: 264600000 | K80: WEEKLY
A81: 45303 | B81: =YEAR(source[[#This Row],[report_date]]) -> 2024 | C81: 1 | D81: =WEEKNUM(A81,2) -> 2 | E81: =DAY(A81) -> 12 | F81: All | G81: =VLOOKUP(source[[#This Row],[lending_product_transform]],[3]Mapping!$B$4:$C$37,2,0) -> 0 | H81: =VLOOKUP(source[[#This Row],[lending_product_transform]],[3]Mapping!$B$3:$D$37,3,0) -> 0 | I81: 7160082244
A82: 45303 | B82: =YEAR(source[[#This Row],[report_date]]) -> 2024 | C82: 1 | D82: =WEEKNUM(A82,2) -> 2 | E82: =DAY(A82) -> 12 | F82: [VDS] - Payroll Payday | G82: =VLOOKUP(source[[#This Row],[lending_product_transform]],[3]Mapping!$B$4:$C$37,2,0) -> [VDS] - Payroll Payday | H82: =VLOOKUP(source[[#This Row],[lending_product_transform]],[3]Mapping!$B$3:$D$37,3,0) -> payday | I82: 38000000 | K82: Sum of Total | L82: Column Labels
A83: 45303 | B83: =YEAR(source[[#This Row],[report_date]]) -> 2024 | C83: 1 | D83: =WEEKNUM(A83,2) -> 2 | E83: =DAY(A83) -> 12 | F83: [Cake] - Overdraft | G83: =VLOOKUP(source[[#This Row],[lending_product_transform]],[3]Mapping!$B$4:$C$37,2,0) -> [Cake] - Overdraft | H83: =VLOOKUP(source[[#This Row],[lending_product_transform]],[3]Mapping!$B$3:$D$37,3,0) -> overdraft | I83: 2059682244 | L83: 2025 | BM83: 2,025 Total | BN83: 2026 | CD83: 2,026 Total | CE83: Grand Total
A84: 45303 | B84: =YEAR(source[[#This Row],[report_date]]) -> 2024 | C84: 1 | D84: =WEEKNUM(A84,2) -> 2 | E84: =DAY(A84) -> 12 | F84: [VDS] - Payday | G84: =VLOOKUP(source[[#This Row],[lending_product_transform]],[3]Mapping!$B$4:$C$37,2,0) -> [VDS] - Payday | H84: =VLOOKUP(source[[#This Row],[lending_product_transform]],[3]Mapping!$B$3:$D$37,3,0) -> payday | I84: 1726500000 | K84: Row Labels | L84: 1 | M84: 2 | N84: 3 | O84: 4 | P84: 5 | Q84: 6 | R84: 7 | S84: 8 | T84: 9 | U84: 10 | V84: 11 | W84: 12 | X84: 13 | Y84: 14 | Z84: 15 | AA84: 16 | AB84: 17 | AC84: 18 | AD84: 19 | AE84: 20 | AF84: 21 | AG84: 22 | AH84: 23 | AI84: 24 | AJ84: 25 | AK84: 26 | AL84: 27 | AM84: 28 | AN84: 29 | AO84: 30 | AP84: 31 | AQ84: 32 | AR84: 33 | AS84: 34 | AT84: 35 | AU84: 36 | AV84: 37 | AW84: 38 | AX84: 39 | AY84: 40 | AZ84: 41 | BA84: 42 | BB84: 43 | BC84: 44 | BD84: 45 | BE84: 46 | BF84: 47 | BG84: 48 | BH84: 49 | BI84: 50 | BJ84: 51 | BK84: 52 | BL84: 53 | BN84: 1 | BO84: 2 | BP84: 3 | BQ84: 4 | BR84: 5 | BS84: 6 | BT84: 7 | BU84: 8 | BV84: 9 | BW84: 10 | BX84: 11 | BY84: 12 | BZ84: 13 | CA84: 14 | CB84: 15 | CC84: 16
A85: 45303 | B85: =YEAR(source[[#This Row],[report_date]]) -> 2024 | C85: 1 | D85: =WEEKNUM(A85,2) -> 2 | E85: =DAY(A85) -> 12 | F85: [VDS] - Payroll Cashloan | G85: =VLOOKUP(source[[#This Row],[lending_product_transform]],[3]Mapping!$B$4:$C$37,2,0) -> [VDS] - Payroll Cashloan | H85: =VLOOKUP(source[[#This Row],[lending_product_transform]],[3]Mapping!$B$3:$D$37,3,0) -> cashloan | I85: 52500000 | K85: [BE] - Cashloan | L85: 39900000 | M85: 234250000 | N85: 18000000 | O85: 13000000 | P85: 0 | Q85: 0 | R85: 73900000 | S85: 32600000 | T85: 21000000 | U85: 18900000 | V85: 36750000 | W85: 10500000 | X85: 33000000 | Y85: 10000000 | Z85: 0 | AA85: 21000000 | AB85: 0 | AC85: 0 | AD85: 0 | AE85: 0 | AF85: 0 | AG85: 0 | AH85: 14000000 | AI85: 21000000 | AJ85: 0 | AK85: 13650000 | AL85: 62000000 | AM85: 0 | AN85: 21000000 | AO85: 15750000 | AP85: 18900000 | AQ85: 0 | AR85: 0 | AS85: 0 | AT85: 0 | AU85: 0 | AV85: 10500000 | AW85: 21000000 | AX85: 10500000 | AY85: 0 | AZ85: 0 | BA85: 0 | BB85: 392450000 | BC85: 514500000 | BD85: 231650000 | BE85: 318650000 | BF85: 780400000 | BG85: 744500000 | BH85: 1194250000 | BI85: 1123800000 | BJ85: 1583000000 | BK85: 4036950000 | BL85: 1619000000 | BM85: 13310250000 | BN85: 2133150000 | BO85: 5315750000 | BP85: 4771900000 | BQ85: 4528050000 | BR85: 5218850000 | BS85: 5242900000 | BT85: 4799550000 | BU85: 1774400000 | BV85: 3060600000 | BW85: 5453250000 | BX85: 6311770000 | BY85: 4971120000 | BZ85: 4664010000 | CA85: 4570400000 | CB85: 4807620000 | CC85: 3195860000 | CD85: 70819180000 | CE85: 84129430000
A86: 45303 | B86: =YEAR(source[[#This Row],[report_date]]) -> 2024 | C86: 1 | D86: =WEEKNUM(A86,2) -> 2 | E86: =DAY(A86) -> 12 | F86: [VDS] - Cashloan | G86: =VLOOKUP(source[[#This Row],[lending_product_transform]],[3]Mapping!$B$4:$C$37,2,0) -> [VDS] - Cashloan | H86: =VLOOKUP(source[[#This Row],[lending_product_transform]],[3]Mapping!$B$3:$D$37,3,0) -> cashloan | I86: 3018800000 | K86: [BE] - Paylater | L86: 1041079366 | M86: 1460166585 | N86: 1247922446 | O86: 1041813096 | P86: 677151512 | Q86: 1839254458 | R86: 1470055184 | S86: 1117177986 | T86: 1158207587 | U86: 1813391122 | V86: 1430341147 | W86: 992337225 | X86: 977916708 | Y86: 1545991567 | Z86: 1266830190 | AA86: 1011166251 | AB86: 1255764077 | AC86: 1469203864 | AD86: 2050710932 | AE86: 1460100489 | AF86: 1518266394 | AG86: 1617741958 | AH86: 2335081657 | AI86: 1755058892 | AJ86: 1505213532 | AK86: 1595990341 | AL86: 2328935685 | AM86: 2103876782 | AN86: 1595947895 | AO86: 1575385148 | AP86: 1564407837 | AQ86: 1997666702 | AR86: 1658287307 | AS86: 1554353563 | AT86: 1824010299 | AU86: 2389886076 | AV86: 1828464458 | AW86: 1499186052 | AX86: 1674451658 | AY86: 2655215139 | AZ86: 2480726181 | BA86: 2042568442 | BB86: 2085259218 | BC86: 2148300903 | BD86: 2727487464 | BE86: 2090465410 | BF86: 1973045372 | BG86: 1863493039 | BH86: 2624026492 | BI86: 2442931860 | BJ86: 2325084487 | BK86: 2658791864 | BL86: 1160358569 | BM86: 91526548468 | BN86: 1495677215 | BO86: 2831106840 | BP86: 2202411638 | BQ86: 2345013457 | BR86: 2411301933 | BS86: 3373587210 | BT86: 2390509978 | BU86: 1309493307 | BV86: 2042555768 | BW86: 3071379453 | BX86: 2466967643 | BY86: 2186726303 | BZ86: 2045706543 | CA86: 2583483235 | CB86: 2232966712 | CC86: 1817653376 | CD86: 36806540611 | CE86: 128333089079
A87: 45304 | B87: =YEAR(source[[#This Row],[report_date]]) -> 2024 | C87: 1 | D87: =WEEKNUM(A87,2) -> 2 | E87: =DAY(A87) -> 13 | F87: [Cake] - Overdraft | G87: =VLOOKUP(source[[#This Row],[lending_product_transform]],[3]Mapping!$B$4:$C$37,2,0) -> [Cake] - Overdraft | H87: =VLOOKUP(source[[#This Row],[lending_product_transform]],[3]Mapping!$B$3:$D$37,3,0) -> overdraft | I87: 1692046747 | K87: [Cake] - Cashloan | L87: 26578950000 | M87: 37033990000 | N87: 36964650000 | O87: 38491890000 | P87: 13476510000 | Q87: 24444600000 | R87: 31007630000 | S87: 29041470000 | T87: 32321590000 | U87: 35785390000 | V87: 42648940000 | W87: 38538690000 | X87: 42705880000 | Y87: 51741780000 | Z87: 53236940000 | AA87: 52783310000 | AB87: 54186810000 | AC87: 48813320000 | AD87: 57566240000 | AE87: 53785370000 | AF87: 52502210000 | AG87: 49169990000 | AH87: 59212230000 | AI87: 60928110000 | AJ87: 59683250000 | AK87: 75234570000 | AL87: 86852050000 | AM87: 87204030000 | AN87: 84320630000 | AO87: 83298540000 | AP87: 81782810000 | AQ87: 76067550000 | AR87: 74665510000 | AS87: 74757190000 | AT87: 79482040000 | AU87: 105532210000 | AV87: 125104540000 | AW87: 110213520000 | AX87: 111468660000 | AY87: 117065670000 | AZ87: 124497110000 | BA87: 113864840000 | BB87: 110092850000 | BC87: 99056660000 | BD87: 122054680000 | BE87: 115569400000 | BF87: 146885360000 | BG87: 173715650000 | BH87: 147828190000 | BI87: 121697990000 | BJ87: 104719960000 | BK87: 101255800000 | BL87: 46589650000 | BM87: 3983527400000 | BN87: 53794380000 | BO87: 111481280000 | BP87: 102699410000 | BQ87: 100190680000 | BR87: 115463690000 | BS87: 115526400000 | BT87: 94745570000 | BU87: 33489540000 | BV87: 66536020000 | BW87: 73400340000 | BX87: 59443120000 | BY87: 110770290000 | BZ87: 102645400000 | CA87: 140288620000 | CB87: 110270130000 | CC87: 102475080000 | CD87: 1493219950000 | CE87: 5476747350000
A88: 45304 | B88: =YEAR(source[[#This Row],[report_date]]) -> 2024 | C88: 1 | D88: =WEEKNUM(A88,2) -> 2 | E88: =DAY(A88) -> 13 | F88: [VDS] - Payday | G88: =VLOOKUP(source[[#This Row],[lending_product_transform]],[3]Mapping!$B$4:$C$37,2,0) -> [VDS] - Payday | H88: =VLOOKUP(source[[#This Row],[lending_product_transform]],[3]Mapping!$B$3:$D$37,3,0) -> payday | I88: 1379500000 | K88: [Cake] - Overdraft | L88: 23041136810 | M88: 25221267166 | N88: 24071836335 | O88: 26288428339 | P88: 16822707616 | Q88: 24332978842 | R88: 23268062452 | S88: 22905073663 | T88: 28526770306 | U88: 27294827101 | V88: 24429716127 | W88: 22886017829 | X88: 23184819699 | Y88: 30560519367 | Z88: 27064870383 | AA88: 24215297928 | AB88: 25087257899 | AC88: 30484177658 | AD88: 29086024052 | AE88: 24311049457 | AF88: 24719311975 | AG88: 28369579976 | AH88: 31292047437 | AI88: 25691936119 | AJ88: 25771033651 | AK88: 24772452083 | AL88: 35363226833 | AM88: 28080873063 | AN88: 24918450065 | AO88: 21188120315 | AP88: 27551868400 | AQ88: 24556799914 | AR88: 20548059991 | AS88: 18478490755 | AT88: 20172257205 | AU88: 24644037197 | AV88: 19809967402 | AW88: 18475886501 | AX88: 17085082458 | AY88: 25015309814 | AZ88: 19224386336 | BA88: 17691021606 | BB88: 16102117986 | BC88: 19476933679 | BD88: 18817456207 | BE88: 17241042261 | BF88: 14103566125 | BG88: 15886619078 | BH88: 20485184376 | BI88: 14868185403 | BJ88: 14603032425 | BK88: 13632082350 | BL88: 7415812847 | BM88: 1199135070862 | BN88: 10344812535 | BO88: 15096361922 | BP88: 12786284511 | BQ88: 12856284571 | BR88: 15608207680 | BS88: 17635026878 | BT88: 14574294750 | BU88: 6284138979 | BV88: 14903236406 | BW88: 15390512670 | BX88: 11570307821 | BY88: 11094616652 | BZ88: 10448858385 | CA88: 14401987051 | CB88: 12758805695 | CC88: 9517765220 | CD88: 205271501726 | CE88: 1404406572588
A89: 45304 | B89: =YEAR(source[[#This Row],[report_date]]) -> 2024 | C89: 1 | D89: =WEEKNUM(A89,2) -> 2 | E89: =DAY(A89) -> 13 | F89: [VDS] - Payroll Payday | G89: =VLOOKUP(source[[#This Row],[lending_product_transform]],[3]Mapping!$B$4:$C$37,2,0) -> [VDS] - Payroll Payday | H89: =VLOOKUP(source[[#This Row],[lending_product_transform]],[3]Mapping!$B$3:$D$37,3,0) -> payday | I89: 29000000 | K89: [NGS] - Cashloan | L89: 0 | M89: 0 | N89: 0 | O89: 0 | P89: 0 | Q89: 0 | R89: 0 | S89: 0 | T89: 0 | U89: 0 | V89: 0 | AE89: 0 | AF89: 0 | AG89: 0 | AU89: 0 | AV89: 0 | AW89: 0 | AX89: 0 | AY89: 0 | AZ89: 0 | BA89: 0 | BB89: 0 | BC89: 0 | BD89: 0 | BE89: 0 | BF89: 0 | BG89: 0 | BH89: 0 | BI89: 0 | BJ89: 0 | BK89: 0 | BL89: 0 | BM89: 0 | BN89: 0 | BO89: 0 | BP89: 0 | BQ89: 0 | BR89: 0 | BS89: 0 | BT89: 0 | BU89: 0 | BV89: 0 | BW89: 0 | BX89: 0 | BY89: 0 | BZ89: 0 | CA89: 0 | CB89: 0 | CC89: 0 | CD89: 0 | CE89: 0
A90: 45304 | B90: =YEAR(source[[#This Row],[report_date]]) -> 2024 | C90: 1 | D90: =WEEKNUM(A90,2) -> 2 | E90: =DAY(A90) -> 13 | F90: [BE] - Cashloan | G90: =VLOOKUP(source[[#This Row],[lending_product_transform]],[3]Mapping!$B$4:$C$37,2,0) -> [BE] - Cashloan | H90: =VLOOKUP(source[[#This Row],[lending_product_transform]],[3]Mapping!$B$3:$D$37,3,0) -> cashloan | I90: 430650000 | K90: [VDS] - Cashloan | L90: 29666600000 | M90: 44428870000 | N90: 50868660000 | O90: 44921340000 | P90: 14576810000 | Q90: 28424450000 | R90: 33701530000 | S90: 36437430000 | T90: 39879820000 | U90: 44334130000 | V90: 43078860000 | W90: 45578860000 | X90: 47822240000 | Y90: 53022360000 | Z90: 58885820000 | AA90: 62877780000 | AB90: 57831740000 | AC90: 53812360000 | AD90: 60896550000 | AE90: 56711600000 | AF90: 50536280000 | AG90: 45991480000 | AH90: 58242240000 | AI90: 69539910000 | AJ90: 61680570000 | AK90: 56966230000 | AL90: 90164930000 | AM90: 88470300000 | AN90: 87593780000 | AO90: 80199370000 | AP90: 74911290000 | AQ90: 77117930000 | AR90: 82107840000 | AS90: 78130960000 | AT90: 77201640000 | AU90: 91289930000 | AV90: 122831550000 | AW90: 116350750000 | AX90: 104288100000 | AY90: 111093840000 | AZ90: 110424530000 | BA90: 110401090000 | BB90: 114732010000 | BC90: 102871190000 | BD90: 115233590000 | BE90: 135646690000 | BF90: 117021170000 | BG90: 116271440000 | BH90: 134398790000 | BI90: 124644680000 | BJ90: 125178660000 | BK90: 113546190000 | BL90: 50313260000 | BM90: 4003150020000 | BN90: 60208150000 | BO90: 120039700000 | BP90: 124439540000 | BQ90: 113373710000 | BR90: 123523030000 | BS90: 133086860000 | BT90: 122553990000 | BU90: 42579020000 | BV90: 76550010000 | BW90: 100915140000 | BX90: 116684150000 | BY90: 122273860000 | BZ90: 110174090000 | CA90: 116276500000 | CB90: 117065960000 | CC90: 121429830000 | CD90: 1721173540000 | CE90: 5724323560000
A91: 45304 | B91: =YEAR(source[[#This Row],[report_date]]) -> 2024 | C91: 1 | D91: =WEEKNUM(A91,2) -> 2 | E91: =DAY(A91) -> 13 | F91: [VDS] - Payroll Cashloan | G91: =VLOOKUP(source[[#This Row],[lending_product_transform]],[3]Mapping!$B$4:$C$37,2,0) -> [VDS] - Payroll Cashloan | H91: =VLOOKUP(source[[#This Row],[lending_product_transform]],[3]Mapping!$B$3:$D$37,3,0) -> cashloan | I91: 21000000 | K91: [VDS] - Cashloan LP | L91: 288570000 | M91: 133970000 | N91: 64200000 | O91: 0 | P91: 0 | Q91: 0 | R91: 0 | S91: 0 | T91: 32100000 | U91: 170170000 | V91: 281780000 | W91: 234370000 | X91: 42800000 | Y91: 21400000 | Z91: 21400000 | AA91: 42800000 | AB91: 0 | AC91: 0 | AD91: 0 | AE91: 0 | AF91: 0 | AG91: 0 | AH91: 0 | AI91: 0 | AJ91: 0 | AK91: 0 | AL91: 0 | AM91: 0 | AN91: 0 | AO91: 0 | AP91: 0 | AU91: 0 | AV91: 0 | AW91: 0 | AX91: 0 | AY91: 0 | AZ91: 0 | BA91: 0 | BB91: 0 | BC91: 0 | BD91: 0 | BE91: 0 | BF91: 0 | BG91: 0 | BH91: 0 | BI91: 0 | BJ91: 0 | BK91: 0 | BL91: 0 | BM91: 1333560000 | BN91: 0 | BO91: 0 | BP91: 0 | BQ91: 0 | BR91: 0 | BS91: 0 | BT91: 0 | BU91: 0 | BV91: 0 | BW91: 0 | BX91: 0 | BY91: 0 | BZ91: 0 | CA91: 0 | CB91: 0 | CC91: 0 | CD91: 0 | CE91: 1333560000
A92: 45304 | B92: =YEAR(source[[#This Row],[report_date]]) -> 2024 | C92: 1 | D92: =WEEKNUM(A92,2) -> 2 | E92: =DAY(A92) -> 13 | F92: All | G92: =VLOOKUP(source[[#This Row],[lending_product_transform]],[3]Mapping!$B$4:$C$37,2,0) -> 0 | H92: =VLOOKUP(source[[#This Row],[lending_product_transform]],[3]Mapping!$B$3:$D$37,3,0) -> 0 | I92: 6169996747 | K92: [VDS] - Payday | L92: 22624500000 | M92: 32963500000 | N92: 33181000000 | O92: 37937500000 | P92: 19309000000 | Q92: 31012500000 | R92: 37470500000 | S92: 34822000000 | T92: 33064000000 | U92: 36952000000 | V92: 37731500000 | W92: 34156000000 | X92: 33145000000 | Y92: 38560616000 | Z92: 40796976000 | AA92: 40375692000 | AB92: 32613084000 | AC92: 34027236000 | AD92: 39169332000 | AE92: 40179456000 | AF92: 36548280000 | AG92: 37878084000 | AH92: 39748212000 | AI92: 42387624000 | AJ92: 36338328000 | AK92: 33921504000 | AL92: 41857452000 | AM92: 45590796000 | AN92: 43254540000 | AO92: 37206324000 | AP92: 35819496000 | AQ92: 43111980000 | AR92: 45729792000 | AS92: 41091948000 | AT92: 41418540000 | AU92: 51322788000 | AV92: 67909428000 | AW92: 67997232000 | AX92: 64388412000 | AY92: 69724152000 | AZ92: 79645896000 | BA92: 77393772000 | BB92: 67678956000 | BC92: 65409552000 | BD92: 70528212000 | BE92: 76762728000 | BF92: 62611812000 | BG92: 58882464000 | BH92: 70913340000 | BI92: 73075284000 | BJ92: 71037432000 | BK92: 62154432000 | BL92: 27080244000 | BM92: 2476510428000 | BN92: 37587132000 | BO92: 73405980000 | BP92: 89817012000 | BQ92: 75120480000 | BR92: 71171244000 | BS92: 77292252000 | BT92: 93498624000 | BU92: 46489248000 | BV92: 73649088000 | BW92: 82156788000 | BX92: 91590480000 | BY92: 79498476000 | BZ92: 72806580000 | CA92: 77256288000 | CB92: 81160164000 | CC92: 77114160000 | CD92: 1199613996000 | CE92: 3676124424000
A93: 45304 | B93: =YEAR(source[[#This Row],[report_date]]) -> 2024 | C93: 1 | D93: =WEEKNUM(A93,2) -> 2 | E93: =DAY(A93) -> 13 | F93: [VDS] - Cashloan | G93: =VLOOKUP(source[[#This Row],[lending_product_transform]],[3]Mapping!$B$4:$C$37,2,0) -> [VDS] - Cashloan | H93: =VLOOKUP(source[[#This Row],[lending_product_transform]],[3]Mapping!$B$3:$D$37,3,0) -> cashloan | I93: 2617800000 | K93: [VDS] - Paylater | L93: 2140387834 | M93: 3260734835 | N93: 2214487233 | O93: 2122421205 | P93: 1576146152 | Q93: 3857124456 | R93: 2794755062 | S93: 2165757475 | T93: 2382863681 | U93: 4000891581 | V93: 3276080143 | W93: 2305032354 | X93: 2162481556 | Y93: 3901227007 | Z93: 2983309571 | AA93: 2391719724 | AB93: 2263402709 | AC93: 2544356662 | AD93: 4132301274 | AE93: 2407537256 | AF93: 1974441058 | AG93: 2175054918 | AH93: 4103589403 | AI93: 2955690537 | AJ93: 2372122489 | AK93: 2098171056 | AL93: 4185766218 | AM93: 3041394409 | AN93: 2032307183 | AO93: 1883267922 | AP93: 2260935881 | AQ93: 3118233826 | AR93: 1814465382 | AS93: 1419742860 | AT93: 1310469978 | AU93: 3600724202 | AV93: 2090240469 | AW93: 1357979620 | AX93: 1225584309 | AY93: 2963143481 | AZ93: 2407047658 | BA93: 1589499401 | BB93: 1462466707 | BC93: 1922664845 | BD93: 3215041777 | BE93: 1595378019 | BF93: 1128771716 | BG93: 1126975643 | BH93: 3301338409 | BI93: 1763532909 | BJ93: 1247773395 | BK93: 1062659888 | BL93: 520564878 | BM93: 125210058216 | BN93: 1979837215 | BO93: 2358135636 | BP93: 1288070204 | BQ93: 1170751445 | BR93: 1388850066 | BS93: 2902622095 | BT93: 1427797481 | BU93: 709041455 | BV93: 1285749807 | BW93: 2863915060 | BX93: 1651838318 | BY93: 1067896851 | BZ93: 931316764 | CA93: 2763538835 | CB93: 1891652948 | CC93: 1099546589 | CD93: 26780560769 | CE93: 151990618985
A94: 45305 | B94: =YEAR(source[[#This Row],[report_date]]) -> 2024 | C94: 1 | D94: =WEEKNUM(A94,2) -> 2 | E94: =DAY(A94) -> 14 | F94: [VDS] - Cashloan | G94: =VLOOKUP(source[[#This Row],[lending_product_transform]],[3]Mapping!$B$4:$C$37,2,0) -> [VDS] - Cashloan | H94: =VLOOKUP(source[[#This Row],[lending_product_transform]],[3]Mapping!$B$3:$D$37,3,0) -> cashloan | I94: 1710100000 | K94: [VDS] - Payroll Cashloan | L94: 132350000 | M94: 158600000 | N94: 314500000 | O94: 342450000 | P94: 147550000 | Q94: 206450000 | R94: 318750000 | S94: 300650000 | T94: 324000000 | U94: 386250000 | V94: 292000000 | W94: 424050000 | X94: 471700000 | Y94: 450650000 | Z94: 146000000 | AA94: 252400000 | AB94: 327700000 | AC94: 323000000 | AD94: 303350000 | AE94: 194300000 | AF94: 277550000 | AG94: 213250000 | AH94: 73500000 | AI94: 21000000 | AJ94: 115500000 | AK94: 122000000 | AL94: 52500000 | AM94: 73500000 | AN94: 381250000 | AO94: 173300000 | AP94: 201750000 | AQ94: 178500000 | AR94: 237950000 | AS94: 337500000 | AT94: 245250000 | AU94: 176250000 | AV94: 314750000 | AW94: 126000000 | AX94: 269000000 | AY94: 267000000 | AZ94: 268300000 | BA94: 198150000 | BB94: 280300000 | BC94: 164750000 | BD94: 136100000 | BE94: 205850000 | BF94: 150800000 | BG94: 199000000 | BH94: 187750000 | BI94: 129250000 | BJ94: 83500000 | BK94: 112900000 | BL94: 80350000 | BM94: 11871000000 | BN94: 42000000 | BO94: 96650000 | BP94: 21000000 | BQ94: 317650000 | BR94: 403450000 | BS94: 370250000 | BT94: 401750000 | BU94: 207950000 | BV94: 230500000 | BW94: 244500000 | BX94: 187500000 | BY94: 348700000 | BZ94: 489950000 | CA94: 281000000 | CB94: 277250000 | CC94: 257300000 | CD94: 4177400000 | CE94: 16048400000
A95: 45305 | B95: =YEAR(source[[#This Row],[report_date]]) -> 2024 | C95: 1 | D95: =WEEKNUM(A95,2) -> 2 | E95: =DAY(A95) -> 14 | F95: [VDS] - Payroll Cashloan | G95: =VLOOKUP(source[[#This Row],[lending_product_transform]],[3]Mapping!$B$4:$C$37,2,0) -> [VDS] - Payroll Cashloan | H95: =VLOOKUP(source[[#This Row],[lending_product_transform]],[3]Mapping!$B$3:$D$37,3,0) -> cashloan | I95: 21000000 | K95: [VDS] - Payroll Payday | L95: 122000000 | M95: 189000000 | N95: 151000000 | O95: 330000000 | P95: 117000000 | Q95: 264000000 | R95: 282000000 | S95: 401000000 | T95: 390000000 | U95: 464000000 | V95: 393000000 | W95: 562000000 | X95: 484000000 | Y95: 455000000 | Z95: 305000000 | AA95: 353000000 | AB95: 359000000 | AC95: 246000000 | AD95: 281000000 | AE95: 214000000 | AF95: 206000000 | AG95: 139000000 | AH95: 119000000 | AI95: 117000000 | AJ95: 120000000 | AK95: 144000000 | AL95: 164000000 | AM95: 104000000 | AN95: 328000000 | AO95: 201000000 | AP95: 259000000 | AQ95: 240000000 | AR95: 185000000 | AS95: 226000000 | AT95: 310000000 | AU95: 270000000 | AV95: 236000000 | AW95: 230000000 | AX95: 350000000 | AY95: 318000000 | AZ95: 315000000 | BA95: 166000000 | BB95: 302000000 | BC95: 284000000 | BD95: 273000000 | BE95: 248000000 | BF95: 239000000 | BG95: 428000000 | BH95: 298000000 | BI95: 227000000 | BJ95: 281000000 | BK95: 346000000 | BL95: 118000000 | BM95: 14153000000 | BN95: 169000000 | BO95: 428000000 | BP95: 294000000 | BQ95: 310000000 | BR95: 301000000 | BS95: 308000000 | BT95: 384000000 | BU95: 258000000 | BV95: 316000000 | BW95: 445000000 | BX95: 316000000 | BY95: 333000000 | BZ95: 385000000 | CA95: 441000000 | CB95: 330000000 | CC95: 268000000 | CD95: 5286000000 | CE95: 19439000000
A96: 45305 | B96: =YEAR(source[[#This Row],[report_date]]) -> 2024 | C96: 1 | D96: =WEEKNUM(A96,2) -> 2 | E96: =DAY(A96) -> 14 | F96: [BE] - Cashloan | G96: =VLOOKUP(source[[#This Row],[lending_product_transform]],[3]Mapping!$B$4:$C$37,2,0) -> [BE] - Cashloan | H96: =VLOOKUP(source[[#This Row],[lending_product_transform]],[3]Mapping!$B$3:$D$37,3,0) -> cashloan | I96: 275100000 | K96: [MWG] - Cashloan | L96: 2220450000 | M96: 3487890000 | N96: 5241420000 | O96: 4925260000 | P96: 452580000 | Q96: 2092460000 | R96: 3230030000 | S96: 4211980000 | T96: 4177510000 | U96: 4526010000 | V96: 6161300000 | W96: 5857660000 | X96: 5027260000 | Y96: 5839660000 | Z96: 7227840000 | AA96: 7693270000 | AB96: 5863990000 | AC96: 5358820000 | AD96: 7519460000 | AE96: 9061030000 | AF96: 7627390000 | AG96: 7683170000 | AH96: 8875830000 | AI96: 9694930000 | AJ96: 9701280000 | AK96: 9264750000 | AL96: 9368150000 | AM96: 14452330000 | AN96: 13105240000 | AO96: 10557980000 | AP96: 12660380000 | AQ96: 15304870000 | AR96: 15363760000 | AS96: 13909860000 | AT96: 12952960000 | AU96: 17323630000 | AV96: 27878050000 | AW96: 26335430000 | AX96: 21793130000 | AY96: 24128080000 | AZ96: 23567050000 | BA96: 23287260000 | BB96: 18780980000 | BC96: 15583380000 | BD96: 21270170000 | BE96: 27463790000 | BF96: 23796510000 | BG96: 23014970000 | BH96: 26328180000 | BI96: 32951200000 | BJ96: 30395690000 | BK96: 25250540000 | BL96: 12028060000 | BM96: 691874860000 | BN96: 16546870000 | BO96: 39440310000 | BP96: 42881180000 | BQ96: 41206260000 | BR96: 42990360000 | BS96: 46022120000 | BT96: 42346110000 | BU96: 4619830000 | BV96: 22978910000 | BW96: 23944400000 | BX96: 26191340000 | BY96: 22890590000 | BZ96: 20650480000 | CA96: 23206110000 | CB96: 26177940000 | CC96: 25031170000 | CD96: 467123980000 | CE96: 1158998840000
A97: 45305 | B97: =YEAR(source[[#This Row],[report_date]]) -> 2024 | C97: 1 | D97: =WEEKNUM(A97,2) -> 2 | E97: =DAY(A97) -> 14 | F97: [VDS] - Payday | G97: =VLOOKUP(source[[#This Row],[lending_product_transform]],[3]Mapping!$B$4:$C$37,2,0) -> [VDS] - Payday | H97: =VLOOKUP(source[[#This Row],[lending_product_transform]],[3]Mapping!$B$3:$D$37,3,0) -> payday | I97: 1399000000 | K97: [VNPAY] - Paylater | L97: 1631266445 | M97: 1545778292 | N97: 1438134765 | O97: 2242285555 | P97: 1181575645 | Q97: 4078734029 | R97: 1948557833 | S97: 1649787618 | T97: 2404488929 | U97: 5203980986 | V97: 2630084472 | W97: 1981308865 | X97: 2266333549 | Y97: 5846538873 | Z97: 3200006943 | AA97: 2046010894 | AB97: 2180625465 | AC97: 4428402316 | AD97: 6135338435 | AE97: 2423686872 | AF97: 2311547997 | AG97: 3226397430 | AH97: 7879885372 | AI97: 3358356577 | AJ97: 2235275215 | AK97: 2867490908 | AL97: 7775986275 | AM97: 3898580752 | AN97: 2354816048 | AO97: 2603344427 | AP97: 4588404846 | AQ97: 5651546077 | AR97: 2440824833 | AS97: 2203537191 | AT97: 3167809606 | AU97: 6599412246 | AV97: 2848779018 | AW97: 2174298503 | AX97: 2817666948 | AY97: 5864210627 | AZ97: 3229420978 | BA97: 2313072629 | BB97: 2713427507 | BC97: 4562822920 | BD97: 6987839823 | BE97: 2585251372 | BF97: 2434924368 | BG97: 3125693335 | BH97: 7558427723 | BI97: 2907239940 | BJ97: 2097935148 | BK97: 2750815094 | BL97: 1485394142 | BM97: 178083362656 | BN97: 4478333468 | BO97: 4545939343 | BP97: 2081001937 | BQ97: 2304625468 | BR97: 3364181058 | BS97: 7053447671 | BT97: 2561362266 | BU97: 1046046185 | BV97: 2921413483 | BW97: 6742057082 | BX97: 2733421029 | BY97: 1763418929 | BZ97: 2350361811 | CA97: 6267753469 | CB97: 3000114257 | CC97: 1665103559 | CD97: 54878581015 | CE97: 232961943671
A98: 45305 | B98: =YEAR(source[[#This Row],[report_date]]) -> 2024 | C98: 1 | D98: =WEEKNUM(A98,2) -> 2 | E98: =DAY(A98) -> 14 | F98: [Cake] - Overdraft | G98: =VLOOKUP(source[[#This Row],[lending_product_transform]],[3]Mapping!$B$4:$C$37,2,0) -> [Cake] - Overdraft | H98: =VLOOKUP(source[[#This Row],[lending_product_transform]],[3]Mapping!$B$3:$D$37,3,0) -> overdraft | I98: 1611265412 | K98: [FPT] - Paylater | L98: 195738037 | M98: 195113408 | N98: 128269300 | O98: 204566496 | P98: 52794736 | Q98: 341760523 | R98: 137276023 | S98: 150382819 | T98: 161999235 | U98: 343775644 | V98: 209021373 | W98: 164766916 | X98: 140551514 | Y98: 415565281 | Z98: 144092472 | AA98: 88054712 | AB98: 149105152 | AC98: 259169870 | AD98: 308612819 | AE98: 121835512 | AF98: 177596008 | AG98: 216394458 | AH98: 341237140 | AI98: 175642794 | AJ98: 144748344 | AK98: 161772380 | AL98: 412494137 | AM98: 176390629 | AN98: 110739062 | AO98: 155145951 | AP98: 268202764 | AQ98: 355469538 | AR98: 152237019 | AS98: 136531432 | AT98: 127242316 | AU98: 469708183 | AV98: 148344652 | AW98: 103026425 | AX98: 139989902 | AY98: 389066795 | AZ98: 246704330 | BA98: 109697323 | BB98: 184829283 | BC98: 167485741 | BD98: 327177713 | BE98: 63257661 | BF98: 63774572 | BG98: 56290277 | BH98: 318316199 | BI98: 120172316 | BJ98: 67370277 | BK98: 52347497 | BL98: 31336197 | BM98: 10083191157 | BN98: 178461983 | BO98: 152361054 | BP98: 61638089 | BQ98: 58122502 | BR98: 102241527 | BS98: 268996859 | BT98: 43012836 | BU98: 9816393 | BV98: 62054014 | BW98: 220108361 | BX98: 84741096 | BY98: 22022498 | BZ98: 38569289 | CA98: 33463751 | CB98: 0 | CC98: 0 | CD98: 1335610252 | CE98: 11418801409
A99: 45305 | B99: =YEAR(source[[#This Row],[report_date]]) -> 2024 | C99: 1 | D99: =WEEKNUM(A99,2) -> 2 | E99: =DAY(A99) -> 14 | F99: All | G99: =VLOOKUP(source[[#This Row],[lending_product_transform]],[3]Mapping!$B$4:$C$37,2,0) -> 0 | H99: =VLOOKUP(source[[#This Row],[lending_product_transform]],[3]Mapping!$B$3:$D$37,3,0) -> 0 | I99: 5024465412 | K99: [VNPAY] - Cashloan | L99: 1120350000 | M99: 2336600000 | N99: 2842780000 | O99: 3233010000 | P99: 906230000 | Q99: 2145780000 | R99: 1675690000 | S99: 3292940000 | T99: 2525670000 | U99: 2632660000 | V99: 2903570000 | W99: 2659140000 | X99: 2371230000 | Y99: 3440090000 | Z99: 3555680000 | AA99: 2505650000 | AB99: 3337310000 | AC99: 3508310000 | AD99: 5072200000 | AE99: 4758470000 | AF99: 3575000000 | AG99: 4238960000 | AH99: 3872380000 | AI99: 3666910000 | AJ99: 3513000000 | AK99: 3722470000 | AL99: 3717370000 | AM99: 2453900000 | AN99: 2929330000 | AO99: 3289170000 | AP99: 2894130000 | AQ99: 3586200000 | AR99: 3215390000 | AS99: 2663560000 | AT99: 2762900000 | AU99: 3013850000 | AV99: 4983240000 | AW99: 6387340000 | AX99: 5214800000 | AY99: 4693400000 | AZ99: 4684870000 | BA99: 4457810000 | BB99: 5530380000 | BC99: 5796100000 | BD99: 5258730000 | BE99: 4526700000 | BF99: 4465850000 | BG99: 3903860000 | BH99: 4089650000 | BI99: 4282100000 | BJ99: 4594360000 | BK99: 5566110000 | BL99: 3165330000 | BM99: 191538510000 | BN99: 2997850000 | BO99: 7003180000 | BP99: 5929970000 | BQ99: 6514080000 | BR99: 5749360000 | BS99: 7470680000 | BT99: 6906360000 | BU99: 2210120000 | BV99: 5149210000 | BW99: 5345280000 | BX99: 5757540000 | BY99: 5116900000 | BZ99: 5443010000 | CA99: 5520540000 | CB99: 5526330000 | CC99: 5195400000 | CD99: 87835810000 | CE99: 279374320000
A100: 45305 | B100: =YEAR(source[[#This Row],[report_date]]) -> 2024 | C100: 1 | D100: =WEEKNUM(A100,2) -> 2 | E100: =DAY(A100) -> 14 | F100: [VDS] - Payroll Payday | G100: =VLOOKUP(source[[#This Row],[lending_product_transform]],[3]Mapping!$B$4:$C$37,2,0) -> [VDS] - Payroll Payday | H100: =VLOOKUP(source[[#This Row],[lending_product_transform]],[3]Mapping!$B$3:$D$37,3,0) -> payday | I100: 8000000 | K100: [VNPOST] - Cashloan | L100: 0 | M100: 0 | N100: 0 | O100: 0 | P100: 0 | Q100: 0 | R100: 0 | S100: 0 | T100: 0 | U100: 10000000 | V100: 0 | W100: 0 | X100: 0 | Y100: 0 | Z100: 0 | AA100: 18900000 | AB100: 0 | AC100: 0 | AD100: 0 | AE100: 10000000 | AF100: 33100000 | AG100: 35000000 | AH100: 76050000 | AI100: 124800000 | AJ100: 203300000 | AK100: 137200000 | AL100: 156400000 | AM100: 80850000 | AN100: 137050000 | AO100: 161200000 | AP100: 172250000 | AQ100: 87200000 | AR100: 158600000 | AS100: 132500000 | AT100: 185900000 | AU100: 146850000 | AV100: 563450000 | AW100: 616000000 | AX100: 890700000 | AY100: 1266100000 | AZ100: 1498950000 | BA100: 1289200000 | BB100: 1228750000 | BC100: 1223500000 | BD100: 1928000000 | BE100: 2640200000 | BF100: 2391350000 | BG100: 2804700000 | BH100: 2927600000 | BI100: 3812850000 | BJ100: 5430550000 | BK100: 3275350000 | BL100: 2092100000 | BM100: 37946500000 | BN100: 1858700000 | BO100: 1659500000 | BP100: 1147750000 | BQ100: 1712500000 | BR100: 1393200000 | BS100: 1117790000 | BT100: 970730000 | BU100: 15750000 | BV100: 258750000 | BW100: 669900000 | BX100: 675100000 | BY100: 487650000 | BZ100: 523600000 | CA100: 476400000 | CB100: 435200000 | CC100: 409700000 | CD100: 13812220000 | CE100: 51758720000
A101: 45306 | B101: =YEAR(source[[#This Row],[report_date]]) -> 2024 | C101: 1 | D101: =WEEKNUM(A101,2) -> 3 | E101: =DAY(A101) -> 15 | F101: All | G101: =VLOOKUP(source[[#This Row],[lending_product_transform]],[3]Mapping!$B$4:$C$37,2,0) -> 0 | H101: =VLOOKUP(source[[#This Row],[lending_product_transform]],[3]Mapping!$B$3:$D$37,3,0) -> 0 | I101: 7566861477 | K101: [MWG] - Paylater | O101: 100000 | P101: 0 | Q101: 0 | R101: 9612720000 | S101: 0 | T101: 0 | U101: 2650000 | V101: 0 | W101: 0 | X101: 0 | Y101: 0 | Z101: 0 | AA101: 0 | AB101: 0 | AC101: 0 | AD101: 0 | AE101: 2079000 | AF101: 16301000 | AG101: 5287000 | AH101: 23852000 | AI101: 14424000 | AJ101: 1007966650 | AK101: 2739294800 | AL101: 2224114000 | AM101: 1759622660 | AN101: 1354534298 | AO101: 2292911750 | AP101: 3116107700 | AQ101: 3365243800 | AR101: 2653167000 | AS101: 2498647150 | AT101: 2587187000 | AU101: 3167780949 | AV101: 2895947650 | AW101: 2977780225 | AX101: 3232879000 | AY101: 3648101090 | AZ101: 5460833650 | BA101: 4586144985 | BB101: 3824507289 | BC101: 4618536078 | BD101: 10952933257 | BE101: 6787419957 | BF101: 4842509716 | BG101: 5148981108 | BH101: 9877962290 | BI101: 6636130325 | BJ101: 6082184125 | BK101: 5915796026 | BL101: 2284503332 | BM101: 128217140860 | BN101: 8981711643 | BO101: 12176440837 | BP101: 9440290108 | BQ101: 8419576344 | BR101: 8701812581 | BS101: 18571115441 | BT101: 13054121646 | BU101: 3113869866 | BV101: 7110322785 | BW101: 12608119019 | BX101: 9005922970 | BY101: 6415461406 | BZ101: 5431302921 | CA101: 9069565313 | CB101: 9124450143 | CC101: 7163674797 | CD101: 148387757820 | CE101: 276604898680
A102: 45306 | B102: =YEAR(source[[#This Row],[report_date]]) -> 2024 | C102: 1 | D102: =WEEKNUM(A102,2) -> 3 | E102: =DAY(A102) -> 15 | F102: [VDS] - Payroll Payday | G102: =VLOOKUP(source[[#This Row],[lending_product_transform]],[3]Mapping!$B$4:$C$37,2,0) -> [VDS] - Payroll Payday | H102: =VLOOKUP(source[[#This Row],[lending_product_transform]],[3]Mapping!$B$3:$D$37,3,0) -> payday | I102: 5000000 | K102: [ZLP] - Cashloan | W102: 13910000 | X102: 6420000 | Y102: 0 | Z102: 0 | AA102: 0 | AB102: 0 | AC102: 0 | AD102: 15000000 | AE102: 7725000000 | AF102: 12340000000 | AG102: 10693000000 | AH102: 14158880000 | AI102: 11443090000 | AJ102: 8602750000 | AK102: 10212730000 | AL102: 24094270000 | AM102: 27725120000 | AN102: 18183160000 | AO102: 13341060000 | AP102: 21550550000 | AQ102: 27643290000 | AR102: 11690660000 | AS102: 16156580000 | AT102: 13071780000 | AU102: 24139100000 | AV102: 19184590000 | AW102: 16768940000 | AX102: 17686120000 | AY102: 29567200000 | AZ102: 32138150000 | BA102: 26456740000 | BB102: 25906310000 | BC102: 25036150000 | BD102: 25536400000 | BE102: 23370060000 | BF102: 21085710000 | BG102: 21115020000 | BH102: 30684480000 | BI102: 25184550000 | BJ102: 25943130000 | BK102: 24952010000 | BL102: 10816720000 | BM102: 674238630000 | BN102: 12043180000 | BO102: 25547190000 | BP102: 26532020000 | BQ102: 25244000000 | BR102: 23133420000 | BS102: 30990120000 | BT102: 24319040000 | BU102: 7694860000 | BV102: 15875160000 | BW102: 20529850000 | BX102: 18988820000 | BY102: 22347760000 | BZ102: 21514330000 | CA102: 45166600000 | CB102: 43820220000 | CC102: 38107480000 | CD102: 401854050000 | CE102: 1076092680000
A103: 45306 | B103: =YEAR(source[[#This Row],[report_date]]) -> 2024 | C103: 1 | D103: =WEEKNUM(A103,2) -> 3 | E103: =DAY(A103) -> 15 | F103: [BE] - Cashloan | G103: =VLOOKUP(source[[#This Row],[lending_product_transform]],[3]Mapping!$B$4:$C$37,2,0) -> [BE] - Cashloan | H103: =VLOOKUP(source[[#This Row],[lending_product_transform]],[3]Mapping!$B$3:$D$37,3,0) -> cashloan | I103: 268800000 | K103: [Cake] - Payday | AO103: 37022400000 | AP103: 28922184000 | AQ103: 24998328000 | AR103: 22385700000 | AS103: 31164804000 | AT103: 34918560000 | AU103: 32906412000 | AV103: 45667044000 | AW103: 52274160000 | AX103: 49974624000 | AY103: 58293000000 | AZ103: 62968320000 | BA103: 63082152000 | BB103: 52747848000 | BC103: 56830788000 | BD103: 61031556000 | BE103: 63826920000 | BF103: 62050752000 | BG103: 72067968000 | BH103: 87219720000 | BI103: 86032260000 | BJ103: 85525528000 | BK103: 85530168000 | BL103: 40279248000 | BM103: 1297720444000 | BN103: 50013720000 | BO103: 98947764000 | BP103: 106569648000 | BQ103: 98962128000 | BR103: 91201572000 | BS103: 96547356000 | BT103: 96495192000 | BU103: 52691256000 | BV103: 98967420000 | BW103: 101507580000 | BX103: 99261072000 | BY103: 91676232000 | BZ103: 88513128000 | CA103: 97395156000 | CB103: 108532008000 | CC103: 97139736000 | CD103: 1474420968000 | CE103: 2772141412000
...

Sheet Sheet2
A1: report_date | B1: Year | C1: Month | D1: Weeknum | E1: Day | F1: lending_product_transform | G1: Product_use | H1: Product Group | I1: Total | K1: Year | L1: 2026
A2: 46023 | B2: 2026 | C2: 1 | D2: 1 | E2: 1 | F2: [BE] - Cashloan | G2: [BE] - Cashloan | H2: cashloan | I2: 403000000
A3: 46023 | B3: 2026 | C3: 1 | D3: 1 | E3: 1 | F3: [BE] - Paylater | G3: [BE] - Paylater | H3: paylater | I3: 356607499 | K3: Sum of Total | L3: Column Labels
A4: 46023 | B4: 2026 | C4: 1 | D4: 1 | E4: 1 | F4: [Cake] - Cashloan | G4: [Cake] - Cashloan | H4: cashloan | I4: 11652570000 | K4: Row Labels | L4: 1 | M4: 2 | N4: 3 | O4: 4 | P4: Grand Total
A5: 46023 | B5: 2026 | C5: 1 | D5: 1 | E5: 1 | F5: [Cake] - Overdraft | G5: [Cake] - Overdraft | H5: overdraft | I5: 2766246451 | K5: [BE] - Cashloan | L5: 21136600000 | M5: 15124750000 | N5: 23471820000 | O5: 12105010000 | P5: 71838180000
A6: 46023 | B6: 2026 | C6: 1 | D6: 1 | E6: 1 | F6: [Cake] - Payday | G6: [Cake] - Payday | H6: payday | I6: 11668428000 | K6: [BE] - Paylater | L6: 10867603221 | M6: 9233648329 | N6: 10631003862 | O6: 6897432268 | P6: 37629687680
A7: 46023 | B7: 2026 | C7: 1 | D7: 1 | E7: 1 | F7: [FPT] - Paylater | G7: [FPT] - Paylater | H7: paylater | I7: 7045956 | K7: [Cake] - Cashloan | L7: 467929410000 | M7: 316516710000 | N7: 399979990000 | O7: 350587420000 | P7: 1535013530000
A8: 46023 | B8: 2026 | C8: 1 | D8: 1 | E8: 1 | F8: [MISA] - Cashloan | G8: [MISA] - Cashloan | H8: cashloan | I8: 0 | K8: [Cake] - Overdraft | L8: 63409743099 | M8: 53755295193 | N8: 55189788461 | O8: 38703592037 | P8: 211058418790
A9: 46023 | B9: 2026 | C9: 1 | D9: 1 | E9: 1 | F9: [MWG] - Cashloan | G9: [MWG] - Cashloan | H9: cashloan | I9: 3759660000 | K9: [Cake] - Payday | L9: 432076356000 | M9: 344144160000 | N9: 422658864000 | O9: 317538144000 | P9: 1516417524000
A10: 46023 | B10: 2026 | C10: 1 | D10: 1 | E10: 1 | F10: [MWG] - Cashloan (QTV) | G10: [MWG] - Cashloan | H10: cashloan | I10: 142350000 | K10: [FPT] - Paylater | L10: 526616782 | M10: 406756258 | N10: 373336279 | O10: 28900933 | P10: 1335610252
A11: 46023 | B11: 2026 | C11: 1 | D11: 1 | E11: 1 | F11: [MWG] - Paylater | G11: [MWG] - Paylater | H11: paylater | I11: 16372922 | K11: [MISA] - Cashloan | L11: 936000000 | M11: 619000000 | N11: 1342000000 | O11: 780000000 | P11: 3677000000
A12: 46023 | B12: 2026 | C12: 1 | D12: 1 | E12: 1 | F12: [MWG] - Paylater (QTV) | G12: [MWG] - Paylater | H12: paylater | I12: 1588887066 | K12: [MWG] - Cashloan | L12: 146560220000 | M12: 92170750000 | N12: 75782050000 | O12: 59138370000 | P12: 373651390000
A13: 46023 | B13: 2026 | C13: 1 | D13: 1 | E13: 1 | F13: [NGS] - Cashloan | G13: [NGS] - Cashloan | H13: cashloan | I13: 0 | K13: [MWG] - Cashloan (QTV) | L13: 28960540000 | M13: 27599750000 | N13: 28197400000 | O13: 19198290000 | P13: 103955980000
A14: 46023 | B14: 2026 | C14: 1 | D14: 1 | E14: 1 | F14: [NORTHSTAR] - Cashloan | G14: [VNPOST] - Cashloan | H14: cashloan | I14: 319750000 | K14: [MWG] - Paylater | L14: 553906388 | M14: 455577821 | N14: 377044224 | O14: 307234734 | P14: 1693763167
A15: 46023 | B15: 2026 | C15: 1 | D15: 1 | E15: 1 | F15: [NORTHSTAR] - Cashloan Pension | G15: [VNPOST] - Cashloan | H15: cashloan | I15: 0 | K15: [MWG] - Paylater (QTV) | L15: 44881001135 | M15: 42340651234 | N15: 35872321940 | O15: 26257337540 | P15: 149351311849
A16: 46023 | B16: 2026 | C16: 1 | D16: 1 | E16: 1 | F16: [VDS] - Cashloan | G16: [VDS] - Cashloan | H16: cashloan | I16: 13409520000 | K16: [NGS] - Cashloan | L16: 0 | M16: 0 | N16: 0 | O16: 0 | P16: 0
... A33: 46024 | B33: 2026 | C33: 1 | D33: 1 | E33: 2 | F33: [Cake] - Overdraft | G33: [Cake] - Overdraft | H33: overdraft | I33: 2790710138 | K33: Grand Total | L33: 2269595468665 | M33: 1722310866251 | N33: 2069586824370 | O33: 1626092779475 | P33: 7687585938761
A34: 46024 | B34: 2026 | C34: 1 | D34: 1 | E34: 2 | F34: [Cake] - Payday | G34: [Cake] - Payday | H34: payday | I34: 13163796000
A35: 46024 | B35: 2026 | C35: 1 | D35: 1 | E35: 2 | F35: [FPT] - Paylater | G35: [FPT] - Paylater | H35: paylater | I35: 24139175
A36: 46024 | B36: 2026 | C36: 1 | D36: 1 | E36: 2 | F36: [MISA] - Cashloan | G36: [MISA] - Cashloan | H36: cashloan | I36: 0
A37: 46024 | B37: 2026 | C37: 1 | D37: 1 | E37: 2 | F37: [MWG] - Cashloan | G37: [MWG] - Cashloan | H37: cashloan | I37: 3995340000
A38: 46024 | B38: 2026 | C38: 1 | D38: 1 | E38: 2 | F38: [MWG] - Cashloan (QTV) | G38: [MWG] - Cashloan | H38: cashloan | I38: 311000000
A39: 46024 | B39: 2026 | C39: 1 | D39: 1 | E39: 2 | F39: [MWG] - Paylater | G39: [MWG] - Paylater | H39: paylater | I39: 32294086
A40: 46024 | B40: 2026 | C40: 1 | D40: 1 | E40: 2 | F40: [MWG] - Paylater (QTV) | G40: [MWG] - Paylater | H40: paylater | I40: 1843429754
A41: 46024 | B41: 2026 | C41: 1 | D41: 1 | E41: 2 | F41: [NGS] - Cashloan | G41: [NGS] - Cashloan | H41: cashloan | I41: 0
A42: 46024 | B42: 2026 | C42: 1 | D42: 1 | E42: 2 | F42: [NORTHSTAR] - Cashloan | G42: [VNPOST] - Cashloan | H42: cashloan | I42: 496450000
A43: 46024 | B43: 2026 | C43: 1 | D43: 1 | E43: 2 | F43: [NORTHSTAR] - Cashloan Pension | G43: [VNPOST] - Cashloan | H43: cashloan | I43: 0
A44: 46024 | B44: 2026 | C44: 1 | D44: 1 | E44: 2 | F44: [VDS] - Cashloan | G44: [VDS] - Cashloan | H44: cashloan | I44: 16626100000
A45: 46024 | B45: 2026 | C45: 1 | D45: 1 | E45: 2 | F45: [VDS] - Cashloan LP (VDS) | G45: [VDS] - Cashloan LP | H45: cashloan | I45: 0
... A3137: 46134 | B3137: 2026 | C3137: 4 | D3137: 17 | E3137: 22 | F3137: [ZALOPAY] - Payday | G3137: [ZLP] - Payday | H3137: payday | I3137: 0

Sheet Raw Cake Payday
E2: Total | J2: repeat | O2: New
B3: disbursed_date (Date) | C3: Disbursed application | D3: Disburse amount (mil VND) | E3: Ticket size (mil VND) | G3: disbursed_date (Date) | H3: Disbursed application | I3: Disburse amount (mil VND) | J3: Ticket size (mil VND) | L3: disbursed_date (Date) | M3: Disbursed application | N3: Disburse amount (mil VND) | O3: Ticket size (mil VND)
B4: 46113 | C4: 4243 | D4: 14857452 | E4: 3501638463 | G4: 46117 | H4: 2377 | I4: 9484884 | J4: 3990275137 | K4: =I4/D8 -> 0.68887268 | L4: 46113 | M4: 4243 | N4: 14857452 | O4: 3501638463
B5: 46114 | C5: 3795 | D5: 13335408 | E5: 3513941502 | G5: 46118 | H5: 2527 | I5: 10188720 | J5: 4031943015 | L5: 46114 | M5: 3795 | N5: 13335408 | O5: 3513941502
B6: 46115 | C6: 4076 | D6: 14106960 | E6: 3460981354 | G6: 46119 | H6: 2485 | I6: 10183644 | J6: 4098045875 | L6: 46115 | M6: 4076 | N6: 14106960 | O6: 3460981354
B7: 46116 | C7: 3987 | D7: 13801320 | E7: 3461580135 | G7: 46120 | H7: 2515 | I7: 10216260 | J7: 4062131213 | L7: 46116 | M7: 3987 | N7: 13801320 | O7: 3461580135
B8: 46117 | C8: 3993 | D8: 13768704 | E8: 3448210368 | G8: 46121 | H8: 2138 | I8: 9257976 | J8: 4330203929 | L8: 46117 | M8: 1616 | N8: 4283820 | O8: 2650878713
B9: 46118 | C9: 4181 | D9: 14511960 | E9: 3470930399 | G9: 46122 | H9: 2911 | I9: 12729528 | J9: 4372905531 | L9: 46118 | M9: 1654 | N9: 4323240 | O9: 2613808948
B10: 46119 | C10: 4005 | D10: 14266584 | E10: 3562193258 | G10: 46123 | H10: 2069 | I10: 8898012 | J10: 4300634123 | L10: 46119 | M10: 1520 | N10: 4082940 | O10: 2686144737
B11: 46120 | C11: 4042 | D11: 14246388 | E11: 3524588817 | G11: 46124 | H11: 1792 | I11: 7711308 | J11: 4303185268 | L11: 46120 | M11: 1527 | N11: 4030128 | O11: 2639245580
B12: 46121 | C12: 4286 | D12: 15453072 | E12: 3605476435 | G12: 46125 | H12: 1532 | I12: 6705828 | J12: 4377172324 | L12: 46121 | M12: 2148 | N12: 6195096 | O12: 2884122905
B13: 46122 | C13: 5771 | D13: 20986668 | E13: 3636573904 | G13: 46126 | H13: 1508 | I13: 6609708 | J13: 4383095491 | L13: 46122 | M13: 2860 | N13: 8257140 | O13: 2887111888
B14: 46123 | C14: 4408 | D14: 15474348 | E14: 3510514519 | G14: 46127 | H14: 1715 | I14: 7466904 | J14: 4353879883 | L14: 46123 | M14: 2339 | N14: 6576336 | O14: 2811601539
B15: 46124 | C15: 3878 | D15: 13592988 | E15: 3505154203 | G15: 46128 | H15: 1688 | I15: 7339788 | J15: 4348215640 | L15: 46124 | M15: 2086 | N15: 5881680 | O15: 2819597315
B16: 46125 | C16: 3956 | D16: 13723668 | E16: 3469076845 | G16: 46129 | H16: 1811 | I16: 7739712 | J16: 4273722805 | L16: 46125 | M16: 2424 | N16: 7017840 | O16: 2895148515
... B18: 46127 | C18: 4601 | D18: 15747264 | E18: 3422574223 | G18: 46131 | H18: 1922 | I18: 8052480 | J18: 4189635796 | L18: 46127 | M18: 2886 | N18: 8280360 | O18: 2869147609
B19: 46128 | C19: 4066 | D19: 14120028 | E19: 3472707329 | L19: 46128 | M19: 2378 | N19: 6780240 | O19: 2851236333
B20: 46129 | C20: 3951 | D20: 13727232 | E20: 3474369021 | L20: 46129 | M20: 2140 | N20: 5987520 | O20: 2797906542
B21: 46130 | C21: 3729 | D21: 12928356 | E21: 3466976669 | H21: =8*(4.7/4.2-1) -> 0.95238095 | L21: 46130 | M21: 2025 | N21: 5708880 | O21: 2819200000
B22: 46131 | C22: 3757 | D22: 13170600 | E22: 3505616183 | L22: 46131 | M22: 1835 | N22: 5118120 | O22: 2789166213
C23: =AVERAGE(C4:C22) -> 4144.2632 | D23: =AVERAGE(D4:D22) -> 14502189 | E23: =AVERAGE(E4:E22) -> 3.4963201e+09
B26: application_date_T | C26: # Application | D26: # Loscheck | E26: % Approve rate | F26: % Sign rate
B27: 46113 | C27: 8560 | D27: 8560 | E27: 0.5309103658 | F27: 0.9374862426
B28: 46114 | C28: 7721 | D28: 7721 | E28: 0.5285584769 | F28: 0.9316344033
B29: 46115 | C29: 8147 | D29: 8147 | E29: 0.5353547753 | F29: 0.9362531529
B30: 46116 | C30: 7868 | D30: 7868 | E30: 0.5328587772 | F30: 0.942509542
B31: 46117 | C31: 7890 | D31: 7890 | E31: 0.5348542459 | F31: 0.9379146919
B32: 46118 | C32: 8237 | D32: 8237 | E32: 0.5455319149 | F32: 0.9360374415
B33: 46119 | C33: 7858 | D33: 7858 | E33: 0.5454545455 | F33: 0.9346910112
B34: 46120 | C34: 8137 | D34: 8137 | E34: 0.5389155293 | F34: 0.9301848049
B35: 46121 | C35: 8408 | D35: 8408 | E35: 0.5467523198 | F35: 0.9377719756
B36: 46122 | C36: 10311 | D36: 10311 | E36: 0.6000776172 | F36: 0.9351657235
B37: 46123 | C37: 8387 | D37: 8387 | E37: 0.5590269497 | F37: 0.9389931741
B38: 46124 | C38: 7566 | D38: 7566 | E38: 0.5447455387 | F38: 0.9386071342
... B45: 46131 | C45: 7486 | D45: 7486 | E45: 0.5278557114 | F45: 0.9260946596
C46: =AVERAGE(C27:C45) -> 8249.9474

Sheet Raw Cake CL
E1: Total | J1: Universal | O1: New
B2: disbursed_date (Date) | C2: Disbursed application | D2: Disbursed amount (mil VND) | E2: Ticket size (mil VND) | G2: disbursed_date (Date) | H2: Disbursed application | I2: Disbursed amount (mil VND) | J2: Ticket size (mil VND) | L2: disbursed_date (Date) | M2: Disbursed application | N2: Disbursed amount (mil VND) | O2: Ticket size (mil VND) | Q2: report_date | R2: # Application | S2: # Loscheck | T2: # Los process | U2: # Reject | V2: # Approve | W2: # Sign | X2: # Disburse | Y2: # Cancel | Z2: # Paid off
B3: 46113 | C3: 1719 | D3: 22731.35 | E3: =D3*10^9/C3/1000 -> 13223589 | G3: 46113 | H3: 1286 | I3: 15883.65 | J3: =I3*10^9/H3/1000 -> 12351205 | L3: 46113 | M3: 433 | N3: 6847.7 | O3: =N3*10^9/M3/1000 -> 15814550 | Q3: 46113 | R3: 5372 | S3: 5372 | T3: 5371 | U3: 4811 | V3: 560 | W3: 433 | X3: 433 | Y3: 1 | Z3: 529 | AA3: =V3/R3 -> 0.10424423
B4: 46114 | C4: 1469 | D4: 19712.4 | E4: =D4*10^9/C4/1000 -> 13418924 | G4: 46114 | H4: 1042 | I4: 13221.25 | J4: =I4*10^9/H4/1000 -> 12688340 | L4: 46114 | M4: 427 | N4: 6491.15 | O4: =N4*10^9/M4/1000 -> 15201756 | Q4: 46114 | R4: 4892 | S4: 4892 | T4: 4892 | U4: 4304 | V4: 588 | W4: 433 | X4: 427 | Y4: null | Z4: 481 | AA4: =V4/R4 -> 0.12019624
B5: 46115 | C5: 1507 | D5: 20172.16 | E5: =D5*10^9/C5/1000 -> 13385640 | G5: 46115 | H5: 1061 | I5: 12986.4 | J5: =I5*10^9/H5/1000 -> 12239774 | L5: 46115 | M5: 446 | N5: 7185.76 | O5: =N5*10^9/M5/1000 -> 16111570 | Q5: 46115 | R5: 5073 | S5: 5073 | T5: 5073 | U5: 4450 | V5: 623 | W5: 450 | X5: 446 | Y5: null | Z5: 567 | AA5: =V5/R5 -> 0.12280702
B6: 46116 | C6: 1346 | D6: 18382.18 | E6: =D6*10^9/C6/1000 -> 13656895 | G6: 46116 | H6: 907 | I6: 11332.04 | J6: =I6*10^9/H6/1000 -> 12493980 | L6: 46116 | M6: 439 | N6: 7050.14 | O6: =N6*10^9/M6/1000 -> 16059544 | Q6: 46116 | R6: 4898 | S6: 4898 | T6: 4898 | U6: 4288 | V6: 610 | W6: 441 | X6: 439 | Y6: null | Z6: 493 | AA6: =V6/R6 -> 0.12454063
B7: 46117 | C7: 1157 | D7: 15050.54 | E7: =D7*10^9/C7/1000 -> 13008245 | G7: 46117 | H7: 991 | I7: 12621.03 | J7: =I7*10^9/H7/1000 -> 12735651 | L7: 46117 | M7: 166 | N7: 2429.51 | O7: =N7*10^9/M7/1000 -> 14635602 | Q7: 46117 | R7: 3321 | S7: 3321 | T7: 3320 | U7: 3096 | V7: 224 | W7: 160 | X7: 166 | Y7: 1 | Z7: 279 | AA7: =V7/R7 -> 0.067449563
B8: 46118 | C8: 1326 | D8: 18506.7 | E8: =D8*10^9/C8/1000 -> 13956787 | G8: 46118 | H8: 1127 | I8: 15232.56 | J8: =I8*10^9/H8/1000 -> 13516025 | L8: 46118 | M8: 199 | N8: 3274.14 | O8: =N8*10^9/M8/1000 -> 16452965 | Q8: 46118 | R8: 3920 | S8: 3920 | T8: 3920 | U8: 3653 | V8: 267 | W8: 196 | X8: 199 | Y8: null | Z8: 691 | AA8: =V8/R8 -> 0.068112245
B9: 46119 | C9: 1206 | D9: 16980.34 | E9: =D9*10^9/C9/1000 -> 14079884 | G9: 46119 | H9: 1007 | I9: 13577.41 | J9: =I9*10^9/H9/1000 -> 13483029 | L9: 46119 | M9: 199 | N9: 3402.93 | O9: =N9*10^9/M9/1000 -> 17100151 | Q9: 46119 | R9: 3467 | S9: 3467 | T9: 3467 | U9: 3219 | V9: 248 | W9: 192 | X9: 199 | Y9: null | Z9: 540 | AA9: =V9/R9 -> 0.071531584
B10: 46120 | C10: 1157 | D10: 16108.35 | E10: =D10*10^9/C10/1000 -> 13922515 | G10: 46120 | H10: 969 | I10: 12819.23 | J10: =I10*10^9/H10/1000 -> 13229340 | L10: 46120 | M10: 188 | N10: 3289.12 | O10: =N10*10^9/M10/1000 -> 17495319 | Q10: 46120 | R10: 3688 | S10: 3688 | T10: 3688 | U10: 3444 | V10: 244 | W10: 188 | X10: 188 | Y10: null | Z10: 472 | AA10: =V10/R10 -> 0.066160521
B11: 46121 | C11: 1176 | D11: 17443.04 | E11: =D11*10^9/C11/1000 -> 14832517 | G11: 46121 | H11: 985 | I11: 14041.31 | J11: =I11*10^9/H11/1000 -> 14255137 | L11: 46121 | M11: 191 | N11: 3401.73 | O11: =N11*10^9/M11/1000 -> 17810105 | Q11: 46121 | R11: 3798 | S11: 3798 | T11: 3787 | U11: 3538 | V11: 249 | W11: 191 | X11: 191 | Y11: 11 | Z11: 497 | AA11: =V11/R11 -> 0.065560821
B12: 46122 | C12: 1307 | D12: 16824.25 | E12: =D12*10^9/C12/1000 -> 12872418 | G12: 46122 | H12: 1091 | I12: 13425.71 | J12: =I12*10^9/H12/1000 -> 12305875 | L12: 46122 | M12: 216 | N12: 3398.54 | O12: =N12*10^9/M12/1000 -> 15733981 | Q12: 46122 | R12: 3949 | S12: 3949 | T12: 3949 | U12: 3664 | V12: 285 | W12: 216 | X12: 216 | Y12: null | Z12: 629 | AA12: =V12/R12 -> 0.07217017
B13: 46123 | C13: 999 | D13: 13512.62 | E13: =D13*10^9/C13/1000 -> 13526146 | G13: 46123 | H13: 827 | I13: 10783.89 | J13: =I13*10^9/H13/1000 -> 13039770 | L13: 46123 | M13: 172 | N13: 2728.73 | O13: =N13*10^9/M13/1000 -> 15864709 | Q13: 46123 | R13: 3349 | S13: 3349 | T13: 3348 | U13: 3121 | V13: 227 | W13: 174 | X13: 172 | Y13: 1 | Z13: 481 | AA13: =V13/R13 -> 0.067781427
B14: 46124 | C14: 843 | D14: 10894.83 | E14: =D14*10^9/C14/1000 -> 12923879 | G14: 46124 | H14: 700 | I14: 8626.23 | J14: =I14*10^9/H14/1000 -> 12323186 | L14: 46124 | M14: 143 | N14: 2268.6 | O14: =N14*10^9/M14/1000 -> 15864336 | Q14: 46124 | R14: 3188 | S14: 3188 | T14: 3188 | U14: 2988 | V14: 200 | W14: 143 | X14: 143 | Y14: null | Z14: 241 | AA14: =V14/R14 -> 0.062735257
B15: 46125 | C15: 1268 | D15: 16424.45 | E15: =D15*10^9/C15/1000 -> 12953036 | G15: 46125 | H15: 1083 | I15: 13714.46 | J15: =I15*10^9/H15/1000 -> 12663398 | L15: 46125 | M15: 185 | N15: 2709.99 | O15: =N15*10^9/M15/1000 -> 14648595 | Q15: 46125 | R15: 3415 | S15: 3415 | T15: 3413 | U15: 3162 | V15: 251 | W15: 186 | X15: 185 | Y15: 2 | Z15: 609 | AA15: =V15/R15 -> 0.073499268
B16: 46126 | C16: 1161 | D16: 14958.53 | E16: =D16*10^9/C16/1000 -> 12884177 | G16: 46126 | H16: 985 | I16: 11936.05 | J16: =I16*10^9/H16/1000 -> 12117817 | L16: 46126 | M16: 176 | N16: 3022.48 | O16: =N16*10^9/M16/1000 -> 17173182 | Q16: 46126 | R16: 3630 | S16: 3630 | T16: 3622 | U16: 3382 | V16: 240 | W16: 178 | X16: 176 | Y16: 9 | Z16: 496 | AA16: =V16/R16 -> 0.066115702
B17: 46127 | C17: 1347 | D17: 17456.22 | E17: =D17*10^9/C17/1000 -> 12959332 | G17: 46127 | H17: 1157 | I17: 14376.26 | J17: =I17*10^9/H17/1000 -> 12425462 | L17: 46127 | M17: 190 | N17: 3079.96 | O17: =N17*10^9/M17/1000 -> 16210316 | Q17: 46127 | R17: 3715 | S17: 3715 | T17: 3715 | U17: 3432 | V17: 283 | W17: 194 | X17: 190 | Y17: null | Z17: 535 | AA17: =V17/R17 -> 0.076177658
B18: 46128 | C18: 1198 | D18: 15575.36 | E18: =D18*10^9/C18/1000 -> 13001135 | G18: 46128 | H18: 1011 | I18: 12881.74 | J18: =I18*10^9/H18/1000 -> 12741583 | L18: 46128 | M18: 187 | N18: 2693.62 | O18: =N18*10^9/M18/1000 -> 14404385 | Q18: 46128 | R18: 3570 | S18: 3570 | T18: 3568 | U18: 3323 | V18: 245 | W18: 181 | X18: 187 | Y18: 2 | Z18: 520 | AA18: =V18/R18 -> 0.068627451
B19: 46129 | C19: 1071 | D19: 13467.11 | E19: =D19*10^9/C19/1000 -> 12574332 | G19: 46129 | H19: 925 | I19: 10980.14 | J19: =I19*10^9/H19/1000 -> 11870422 | L19: 46129 | M19: 146 | N19: 2486.97 | O19: =N19*10^9/M19/1000 -> 17034041 | Q19: 46129 | R19: 3453 | S19: 3453 | T19: 3452 | U19: 3267 | V19: 185 | W19: 146 | X19: 146 | Y19: 1 | Z19: 447 | AA19: =V19/R19 -> 0.0535766
B20: 46130 | C20: 978 | D20: 12698.44 | E20: =D20*10^9/C20/1000 -> 12984090 | G20: 46130 | H20: 840 | I20: 10409.81 | J20: =I20*10^9/H20/1000 -> 12392631 | L20: 46130 | M20: 138 | N20: 2288.63 | O20: =N20*10^9/M20/1000 -> 16584275 | Q20: 46130 | R20: 3094 | S20: 3094 | T20: 3093 | U20: 2915 | V20: 178 | W20: 137 | X20: 138 | Y20: 1 | Z20: 376 | AA20: =V20/R20 -> 0.057530705
B21: 46131 | C21: 959 | D21: 11894.97 | E21: =D21*10^9/C21/1000 -> 12403514 | G21: 46131 | H21: 788 | I21: 9126.44 | J21: =I21*10^9/H21/1000 -> 11581777 | L21: 46131 | M21: 171 | N21: 2768.53 | O21: =N21*10^9/M21/1000 -> 16190234 | Q21: 46131 | R21: 3096 | S21: 3096 | T21: 3095 | U21: 2852 | V21: 243 | W21: 170 | X21: 171 | Y21: 1 | Z21: 236 | AA21: =V21/R21 -> 0.078488372
C22: =AVERAGE(C3:C21) -> 1220.7368 | D22: =AVERAGE(D3:D21) -> 16252.307 | E22: =AVERAGE(E3:E21) -> 13293003 | I22: =AVERAGE(I3:I21) -> 12525.032 | J22: =AVERAGE(J3:J21) -> 12655495 | N22: =AVERAGE(N3:N21) -> 3727.2753 | O22: =AVERAGE(O3:O21) -> 16125769 | R22: =AVERAGE(R3:R21) -> 3836.2105 | V22: =AVERAGE(V3:V21) -> 313.15789 | AA22: =AVERAGE(AA3:AA21) -> 0.078279235
I23: =I22/D22 -> 0.77066178 | R23: =V23/AA22 -> 1584.3932 | V23: =2*10^9/O22 -> 124.02509
L24: =2*10^9/O22 -> 124.02509 | M24: =L24/14% -> 885.89351 | R24: =R22+R23 -> 5420.6038

Sheet Initiative tracking_cal
H3: APRIL | Y3: MAY | AP3: Jun
H4: Daily Actual - MTD | O4: Daily Target | Y4: Daily Actual - MTD | AF4: Daily Target | AP4: Daily Actual - MTD | AW4: Daily Target
B5: Product | C5: Initiatives | D5: Group Initiative | E5: PIC | F5: Action Month | G5: Status | H5: #App | I5: %Loscheck | J5: %Losprocess | K5: %AR | L5: %Sign | M5: Ticket size | N5: Daily Disburse amt | O5: #App | P5: %Loscheck | Q5: %Losprocess | R5: %AR | S5: %Sign | T5: Ticket size | U5: Daily Disburse amt | V5: Impact factors | X5: Impact Apr | Y5: #App | Z5: %Loscheck | AA5: %Losprocess | AB5: %AR | AC5: %Sign | AD5: Ticket size | AE5: Daily Disburse amt | AF5: #App | AG5: %Loscheck | AH5: %Losprocess | AI5: %AR | AJ5: %Sign | AK5: Ticket size | AL5: Daily Disburse amt | AM5: Impact factors | AO5: Impact May | AP5: #App | AQ5: %Loscheck | AR5: %Losprocess | AS5: %AR | AT5: %Sign | AU5: Ticket size | AV5: Daily Disburse amt | AW5: #App | AX5: %Loscheck | AY5: %Losprocess | AZ5: %AR | BA5: %Sign | BB5: Ticket size | BC5: Daily Disburse amt | BD5: Impact factors | BF5: Impact Jun
B6: [VDS] - Cashloan | C6: - Risk: request = approve (50%) | D6: Risk Enhance | E6: Risk | F6: May | G6: In progress | U6: =O6*P6*Q6*R6*S6*T6 -> 0 | Y6: 4339.2667 | Z6: 0.89147168 | AA6: 0.99914692 | AB6: 0.31496925 | AC6: 0.84381589 | AD6: 15.998011 | AE6: =Y6*Z6*AA6*AB6*AC6*AD6 -> 16433.69 | AF6: =Y6 -> 4339.2667 | AG6: =Z6 -> 0.89147168 | AH6: =AA6 -> 0.99914692 | AI6: =AB6 -> 0.31496925 | AJ6: =AC6 -> 0.84381589 | AK6: =AL6/(AF6*AG6*AH6*AI6*AJ6) -> 17.944988 | AL6: =AE6+AO6/1000000 -> 18433.69 | AM6: Ticket size | AN6: =AL6-AE6 -> 2000 | AO6: 2000000000 | BC6: =AW6*AX6*AY6*AZ6*BA6*BB6 -> 0
B7: [VDS] - Cashloan | C7: - Risk: request = approve (70%) | D7: Risk Enhance | E7: Risk | F7: Jun | G7: In progress | U7: =O7*P7*Q7*R7*S7*T7 -> 0 | AL7: =AF7*AG7*AH7*AI7*AJ7*AK7 -> 0 | AP7: =AF6 -> 4339.2667 | AQ7: =AG6 -> 0.89147168 | AR7: =AH6 -> 0.99914692 | AS7: =AI6 -> 0.31496925 | AT7: =AJ6 -> 0.84381589 | AU7: =AK6 -> 17.944988 | AV7: =AP7*AQ7*AR7*AS7*AT7*AU7 -> 18433.69 | AW7: =AF6 -> 4339.2667 | AX7: =AG6 -> 0.89147168 | AY7: =AH6 -> 0.99914692 | AZ7: =AI6 -> 0.31496925 | BA7: =AJ6 -> 0.84381589 | BB7: =BC7/(AW7*AX7*AY7*AZ7*BA7) -> 20.865454 | BC7: =AV7+(BF7/1000000) -> 21433.69 | BD7: Ticket size | BE7: =BC7-AV7 -> 3000 | BF7: ='Road to 3k v2'!K8 -> 3000000000
B8: [VDS] - Payday | C8: - VDS PD tăng app từ 5k7 lên 6k (Jan benchmark) | D8: App Growth | E8: MKT | F8: May | G8: In progress | U8: =O8*P8*Q8*R8*S8*T8 -> 0 | Y8: 5798.1333 | Z8: 0.7592846 | AA8: 0.99887184 | AB8: 0.60826688 | AC8: 0.91426257 | AD8: 4.5479334 | AE8: =Y8*Z8*AA8*AB8*AC8*AD8 -> 11121.971 | AF8: =AL8/(AG8*AH8*AI8*AJ8*AK8) -> 9090.5122 | AG8: =Z8 -> 0.7592846 | AH8: =AA8 -> 0.99887184 | AI8: =AB8 -> 0.60826688 | AJ8: =AC8 -> 0.91426257 | AK8: =AD8 -> 4.5479334 | AL8: =AE8+(AO8/1000000) -> 17437.408 | AM8: App | AN8: =AL8-AE8 -> 6315.4364 | AO8: ='Road to 3k v2'!I10 -> 6.3154364e+09 | BC8: =AW8*AX8*AY8*AZ8*BA8*BB8 -> 0
B9: [VDS] - Payday | C9: - Tăng ticket nhóm repeat từ 4,7tr lên 5tr2 | D9: Risk Enhance | E9: Risk | F9: May | G9: In progress | U9: =O9*P9*Q9*R9*S9*T9 -> 0 | Y9: 5798.1333 | Z9: 0.7592846 | AA9: 0.99887184 | AB9: 0.60826688 | AC9: 0.91426257 | AD9: 4.5479334 | AE9: =Y9*Z9*AA9*AB9*AC9*AD9 -> 11121.971 | AF9: =Y9 -> 5798.1333 | AG9: =Z9 -> 0.7592846 | AH9: =AA9 -> 0.99887184 | AI9: =AB9 -> 0.60826688 | AJ9: =AC9 -> 0.91426257 | AK9: =AL9/(AF9*AG9*AH9*AI9*AJ9) -> 10.435971 | AL9: =AE9+(AO9/1000000) -> 25521.166 | AM9: Ticket size | AN9: =AL9-AE9 -> 14399.195 | AO9: ='Road to 3k v2'!I11 -> 14399195040 | BC9: =AW9*AX9*AY9*AZ9*BA9*BB9 -> 0
B10: [Cake] - Cashloan | C10: - Cake CL tăng app new (loại universal pool) từ 3k8 lên 5k4 | D10: App Growth | E10: MKT | F10: Apr | G10: In progress | H10: 8904.9333 | I10: 1 | J10: 1 | K10: 0.16870765 | L10: 0.73936406 | M10: 13.354992 | N10: =H10*I10*J10*K10*L10*M10 -> 14834.312 | O10: =U10/(P10*Q10*R10*S10*T10) -> 10105.519 | P10: =I10 -> 1 | Q10: =J10 -> 1 | R10: =K10 -> 0.16870765 | S10: =L10 -> 0.73936406 | T10: =M10 -> 13.354992 | U10: =N10+(X10/1000000) -> 16834.312 | V10: App | W10: =U10-N10 -> 2000 | X10: ='Road to 3k v2'!I14 -> 2000000000 | AL10: =AF10*AG10*AH10*AI10*AJ10*AK10 -> 0 | BC10: =AW10*AX10*AY10*AZ10*BA10*BB10 -> 0
B11: [Cake] - Cashloan | C11: - Risk: request = approve (50%-70%) | D11: Risk Enhance | E11: Risk | F11: May, Jun | G11: In progress | U11: =O11*P11*Q11*R11*S11*T11 -> 0 | Y11: 8904.9333 | Z11: 1 | AA11: 1 | AB11: 0.16870765 | AC11: 0.73936406 | AD11: 13.354992 | AE11: =Y11*Z11*AA11*AB11*AC11*AD11 -> 14834.312 | AF11: =Y11 -> 8904.9333 | AG11: =Z11 -> 1 | AH11: =AA11 -> 1 | AI11: =AB11 -> 0.16870765 | AJ11: =AC11 -> 0.73936406 | AK11: =AL11/(AF11*AG11*AH11*AI11*AJ11) -> 16.055823 | AL11: =AE11+(AO11/1000000) -> 17834.312 | AM11: Ticket size | AN11: =AL11-AE11 -> 3000 | AO11: 3000000000 | AP11: =AF11 -> 8904.9333 | AQ11: =AG11 -> 1 | AR11: =AH11 -> 1 | AS11: =AI11 -> 0.16870765 | AT11: =AJ11 -> 0.73936406 | AU11: =AK11 -> 16.055823 | AV11: =AP11*AQ11*AR11*AS11*AT11*AU11 -> 17834.312 | AW11: =AP11 -> 8904.9333 | AX11: =AQ11 -> 1 | AY11: =AR11 -> 1 | AZ11: =AS11 -> 0.16870765 | BA11: =AT11 -> 0.73936406 | BB11: =BC11/(AW11*AX11*AY11*AZ11*BA11) -> 18.756655 | BC11: =AV11+(BF11/1000000) -> 20834.312 | BD11: Ticket size | BE11: =BC11-AV11 -> 3000 | BF11: ='Road to 3k v2'!K14 -> 3000000000
B12: [Cake] - Payday | C12: - Cake PD tăng app từ 7k5 lên 8k2 (Jan benchmark) | D12: App Growth | E12: MKT | F12: May | G12: In progress | U12: =O12*P12*Q12*R12*S12*T12 -> 0 | AL12: =AF12*AG12*AH12*AI12*AJ12*AK12 -> 0 | BC12: =AW12*AX12*AY12*AZ12*BA12*BB12 -> 0
B13: [Cake] - Payday | C13: - Ticket size 3,5-4,5mil (repeat segment) | D13: Risk Enhance | E13: Risk | F13: May | G13: In progress | U13: =O13*P13*Q13*R13*S13*T13 -> 0 | Y13: 8682.2333 | Z13: 1 | AA13: 1 | AB13: 0.50165249 | AC13: 0.9318967 | AD13: 3.5065523 | AE13: =Y13*Z13*AA13*AB13*AC13*AD13 -> 14232.544 | AF13: =Y13 -> 8682.2333 | AG13: =Z13 -> 1 | AH13: =AA13 -> 1 | AI13: =AB13 -> 0.50165249 | AJ13: =AC13 -> 0.9318967 | AK13: =AL13/(AF13*AG13*AH13*AI13*AJ13) -> 3.5065523 | AL13: =AE13+(AO13/1000000) -> 14232.544 | AM13: Ticket size | AN13: =AL13-AE13 -> 0 | AO13: ='Road to 3k v2'!I17 -> 0 | BC13: =AW13*AX13*AY13*AZ13*BA13*BB13 -> 0
B14: [Cake] - Payday | C14: - Ticket size 4,5-6mil (repeat segment) | D14: Risk Enhance | E14: Risk | F14: May | G14: In progress | Y14: 8682.2333 | Z14: 1 | AA14: 1 | AB14: 0.50165249 | AC14: 0.9318967 | AD14: 3.5065523 | AE14: =Y14*Z14*AA14*AB14*AC14*AD14 -> 14232.544 | AF14: =Y14 -> 8682.2333 | AG14: =Z14 -> 1 | AH14: =AA14 -> 1 | AI14: =AB14 -> 0.50165249 | AJ14: =AC14 -> 0.9318967 | AK14: =AL14/(AJ14*AI14*AF14) -> 3.9993036 | AL14: =AE14+(AO14/1000000) -> 16232.544 | AM14: Ticket size | AN14: =AL14-AE14 -> 2000 | AO14: 2000000000
B15: [ZALOPAY] - Cashloan | C15: - Tăng ticket size (14mil-16mil) | D15: App Growth | E15: Risk | F15: May | G15: In progress | U15: =O15*P15*Q15*R15*S15*T15 -> 0 | Y15: 1233.1333 | Z15: 0.80215711 | AA15: 0.99841618 | AB15: 0.44147428 | AC15: 0.95214067 | AD15: 14.159006 | AE15: =Y15*Z15*AA15*AB15*AC15*AD15 -> 5877.8752 | AF15: =Y15 -> 1233.1333 | AG15: =Z15 -> 0.80215711 | AH15: =AA15 -> 0.99841618 | AI15: =AB15 -> 0.44147428 | AJ15: =AC15 -> 0.95214067 | AK15: =AL15/(AF15*AG15*AH15*AI15*AJ15) -> 34.899495 | AL15: =AE15+(AO15/1000000) -> 14487.944 | AM15: Ticket size | AN15: =AL15-AE15 -> 8610.0686 | AO15: ='Road to 3k v2'!I20 -> 8.6100686e+09 | BC15: =AW15*AX15*AY15*AZ15*BA15*BB15 -> 0
B16: [ZALOPAY] - Cashloan | C16: - Pool non-score | D16: App Growth | E16: Squad team | F16: May, Jun | G16: In progress | U16: =O16*P16*Q16*R16*S16*T16 -> 0 | Y16: 1233.1333 | Z16: 0.80215711 | AA16: 0.99841618 | AB16: 0.44147428 | AC16: 0.95214067 | AD16: 14.159006 | AE16: =Y16*Z16*AA16*AB16*AC16*AD16 -> 5877.8752 | AF16: =AL16/(AG16*AH16*AI16*AJ16*AK16) -> 1442.9257 | AG16: =Z16 -> 0.80215711 | AH16: =AA16 -> 0.99841618 | AI16: =AB16 -> 0.44147428 | AJ16: =AC16 -> 0.95214067 | AK16: =AD16 -> 14.159006 | AL16: =AE16+(AO16/1000000) -> 6877.8752 | AM16: App | AN16: =AL16-AE16 -> 1000 | AO16: ='Road to 3k v2'!I21 -> 1000000000 | AP16: =AF16 -> 1442.9257 | AQ16: =AG16 -> 0.80215711 | AR16: =AH16 -> 0.99841618 | AS16: =AI16 -> 0.44147428 | AT16: =AJ16 -> 0.95214067 | AU16: =AK16 -> 14.159006 | AV16: =AP16*AQ16*AR16*AS16*AT16*AU16 -> 6877.8752 | AW16: =BC16/(AX16*AY16*AZ16*BA16*BB16) -> 1652.7181 | AX16: =AQ16 -> 0.80215711 | AY16: =AR16 -> 0.99841618 | AZ16: =AS16 -> 0.44147428 | BA16: =AT16 -> 0.95214067 | BB16: =AU16 -> 14.159006 | BC16: =AV16+(BF16/1000000) -> 7877.8752 | BD16: Ticket size | BE16: =BC16-AV16 -> 1000 | BF16: ='Road to 3k v2'!K21 -> 1000000000
B17: [MWG] - Cashloan | C17: - MWG tăng app từ 400 lên 550 app (Jan benchmark) | D17: App Growth | E17: Sales | F17: May | G17: In progress | U17: =O17*P17*Q17*R17*S17*T17 -> 0 | Y17: 387.66667 | Z17: 1 | AA17: 1 | AB17: 0.44149956 | AC17: 0.90916272 | AD17: 22.650284 | AE17: =Y17*Z17*AA17*AB17*AC17*AD17 -> 3524.5527 | AF17: =AL17/(AG17*AH17*AI17*AJ17*AK17) -> 442.66182 | AG17: =Z17 -> 1 | AH17: =AA17 -> 1 | AI17: =AB17 -> 0.44149956 | AJ17: =AC17 -> 0.90916272 | AK17: =AD17 -> 22.650284 | AL17: =AE17+(AO17/1000000) -> 4024.5527 | AM17: App | AN17: =AL17-AE17 -> 500 | AO17: ='Road to 3k v2'!I23 -> 500000000 | BC17: =AW17*AX17*AY17*AZ17*BA17*BB17 -> 0
B18: [MWG] - Cashloan | C18: - Tăng AR 50%-55% | D18: Risk Enhance | E18: Sales | F18: May | G18: In progress | U18: =O18*P18*Q18*R18*S18*T18 -> 0 | Y18: 387.66667 | Z18: 1 | AA18: 1 | AB18: 0.44149956 | AC18: 0.90916272 | AD18: 22.650284 | AE18: =Y18*Z18*AA18*AB18*AC18*AD18 -> 3524.5527 | AF18: =Y18 -> 387.66667 | AG18: =Z18 -> 1 | AH18: =AA18 -> 1 | AI18: =AL18/(AF18*AG18*AH18*AK18*AJ18) -> 0.91672687 | AJ18: =AC18 -> 0.90916272 | AK18: =AD18 -> 22.650284 | AL18: =AE18+(AO18/1000000) -> 7318.3587 | AM18: AR | AN18: =AL18-AE18 -> 3793.806 | AO18: ='Road to 3k v2'!I24 -> 3.793806e+09 | BC18: =AW18*AX18*AY18*AZ18*BA18*BB18 -> 0
B19: [MWG] - Paylater (QTV) | C19: - Benchmark với Jan | D19: App Growth | E19: Sales | F19: Apr | G19: In progress | H19: 285.52381 | I19: 1 | J19: 1 | K19: 0.60440661 | L19: 0.81248274 | M19: 4.2 | N19: 1208.7673 | O19: =11920/30 -> 397.33333 | P19: =I19 -> 1 | Q19: =J19 -> 1 | R19: =K19 -> 0.60440661 | S19: =L19 -> 0.81248274 | T19: =M19 -> 4.2 | U19: =N19+X19/1000000 -> 1508.7673 | V19: App | W19: =U19-N19 -> 300 | X19: ='Road to 3k v2'!G26 -> 300000000 | AL19: =AF19*AG19*AH19*AI19*AJ19*AK19 -> 0 | BC19: =AW19*AX19*AY19*AZ19*BA19*BB19 -> 0
B20: [MWG] - Paylater (QTV) | C20: - Live CD 1:1 | D20: New Feature/Product/Partner | E20: Squad team | F20: May, Jun | G20: In progress | U20: =O20*P20*Q20*R20*S20*T20 -> 0 | Y20: 285.52381 | Z20: 1 | AA20: 1 | AB20: 0.60440661 | AC20: 0.81248274 | AD20: 4.2 | AE20: 1208.7673 | AM20: App | AO20: ='Road to 3k v2'!I27 -> 2000000000 | AP20: 285.52381 | AQ20: 1 | AR20: 1 | AS20: 0.60440661 | AT20: 0.81248274 | AU20: 4.2 | AV20: 1208.7673 | BC20: =AW20*AX20*AY20*AZ20*BA20*BB20 -> 0 | BF20: ='Road to 3k v2'!K27 -> 2000000000
B21: [VNPAY] | C21: - Tối ưu luồng sản phẩm tăng 50% Appin | D21: App Growth | E21: Squad team | F21: May | G21: In progress | U21: =O21*P21*Q21*R21*S21*T21 -> 0 | AL21: =AF21*AG21*AH21*AI21*AJ21*AK21 -> 0 | AO21: ='Road to 3k v2'!I28 -> 700000000
